time,temperature_2m_max,temperature_2m_mean,temperature_2m_min,dew_point_2m_max,dew_point_2m_mean,dew_point_2m_min,relative_humidity_2m_max,relative_humidity_2m_mean,relative_humidity_2m_min,surface_pressure_max,surface_pressure_mean,surface_pressure_min,wind_speed_10m_max,wind_speed_10m_mean,wind_speed_10m_min,precipitation_sum
2006-01-01,29.4,27.4,25.9,25.1,24.6,23.7,93,85,72,1010.0,1007.8,1005.7,15.1,10.4,6.9,0.6
2006-01-02,31.0,27.8,26.1,25.0,24.4,23.8,90,82,67,1009.9,1007.5,1005.0,16.8,12.3,8.9,1.1
2006-01-03,31.1,27.9,26.1,24.9,24.3,23.2,92,82,63,1008.8,1006.7,1004.8,19.1,13.9,9.3,0.8
2006-01-04,30.2,27.7,26.1,24.5,24.0,23.4,90,81,67,1007.6,1005.8,1003.6,16.6,13.9,11.2,1.4
2006-01-05,30.0,27.4,25.5,24.6,24.3,23.8,92,83,69,1007.7,1005.6,1003.6,16.1,10.6,4.1,0.8
2006-01-06,30.3,27.6,25.7,24.3,24.1,23.6,92,82,70,1008.1,1006.4,1004.9,14.7,9.7,5.9,1.3
2006-01-07,29.0,27.0,25.9,24.4,24.0,23.5,90,84,76,1009.4,1007.3,1005.2,13.3,10.6,6.8,4.7
2006-01-08,29.7,27.2,25.9,24.4,24.1,23.2,91,83,71,1009.1,1007.1,1005.2,15.9,13.5,10.1,2.1
2006-01-09,30.2,27.5,26.0,24.3,23.9,23.4,90,81,69,1010.1,1008.2,1006.2,17.7,14.8,11.5,1.5
2006-01-10,28.9,27.3,26.0,24.5,24.1,23.8,89,83,74,1010.6,1008.7,1007.0,17.4,12.8,7.4,1.8
2006-01-11,30.0,27.5,25.9,24.7,24.4,24.3,92,84,73,1010.8,1008.8,1006.6,16.4,11.0,6.1,1.7
2006-01-12,29.3,27.1,25.4,24.6,24.2,23.5,92,84,72,1011.2,1009.5,1007.8,16.4,11.6,8.8,3.9
2006-01-13,28.8,27.2,25.5,24.6,24.2,23.8,93,84,75,1011.8,1009.9,1007.9,16.5,12.0,9.2,2.4
2006-01-14,29.5,27.1,25.5,24.6,24.3,23.8,94,85,72,1011.5,1009.7,1007.8,15.9,10.4,4.1,2.6
2006-01-15,29.5,26.9,24.9,24.6,24.2,23.6,94,86,72,1010.9,1008.9,1007.0,12.9,8.8,5.0,1.5
2006-01-16,30.0,27.3,25.4,24.9,24.5,23.9,94,85,71,1010.6,1008.3,1006.3,15.9,10.9,6.6,0.4
2006-01-17,29.6,27.2,25.6,24.6,24.3,23.8,93,84,74,1009.3,1007.7,1005.8,16.7,14.6,12.8,1.8
2006-01-18,29.5,27.0,25.7,24.5,24.2,23.7,93,85,74,1009.8,1007.6,1004.6,15.8,12.4,9.2,0.3
2006-01-19,30.5,27.3,25.7,24.6,24.2,23.7,92,83,69,1008.6,1006.5,1004.0,18.1,13.4,10.2,0.4
2006-01-20,28.9,27.1,26.0,24.9,24.2,23.5,92,84,73,1009.3,1007.4,1005.5,17.1,12.4,6.2,1.5
2006-01-21,30.1,27.5,26.2,25.0,24.7,24.1,93,85,73,1010.3,1008.0,1006.1,15.3,11.9,9.0,1.3
2006-01-22,30.3,27.8,26.4,25.1,24.8,24.3,92,84,73,1010.1,1007.8,1005.6,17.6,13.7,7.6,1.1
2006-01-23,30.4,28.0,26.3,25.0,24.7,24.2,92,83,70,1009.3,1007.3,1005.7,14.8,12.4,10.0,1.0
2006-01-24,31.1,28.2,26.7,25.2,24.8,24.1,90,82,70,1010.4,1008.1,1006.3,20.3,15.2,10.1,1.0
2006-01-25,31.4,28.0,26.0,25.0,24.6,24.0,92,82,65,1010.2,1008.1,1006.1,21.9,17.3,14.4,3.3
2006-01-26,30.4,27.9,26.4,25.1,24.7,24.1,92,83,71,1010.4,1009.1,1007.1,17.9,13.0,10.2,1.3
2006-01-27,29.7,27.1,26.3,25.0,24.6,24.1,91,86,76,1012.0,1009.9,1008.0,16.6,13.6,8.9,7.7
2006-01-28,29.4,27.0,25.7,24.9,24.3,23.7,92,86,75,1012.2,1010.2,1008.0,14.8,11.7,7.5,5.2
2006-01-29,30.2,27.5,25.8,25.0,24.8,24.5,93,85,74,1011.6,1009.7,1007.5,18.1,12.6,7.5,1.0
2006-01-30,29.8,27.6,26.1,24.9,24.6,24.1,92,84,73,1011.2,1008.9,1006.2,17.5,14.4,12.4,0.9
2006-01-31,29.9,27.3,26.0,24.9,24.6,24.2,92,85,75,1010.2,1008.0,1006.4,17.1,12.2,6.7,1.8
2006-02-01,30.6,27.8,26.2,25.4,24.6,24.2,91,83,71,1009.0,1006.7,1004.7,15.5,12.1,7.6,0.6
2006-02-02,30.3,27.5,26.4,25.4,24.8,24.2,93,86,72,1008.6,1006.7,1004.7,18.3,15.1,11.9,4.5
2006-02-03,30.9,28.1,26.4,25.2,24.7,24.1,92,82,68,1009.2,1006.8,1004.2,20.9,14.8,10.8,0.8
2006-02-04,30.7,28.2,26.6,25.2,24.6,23.9,91,81,67,1009.1,1007.2,1005.3,18.7,14.9,11.9,1.4
2006-02-05,30.1,28.1,26.8,25.3,25.0,24.6,90,83,73,1009.5,1007.5,1005.5,15.5,11.7,8.5,1.8
2006-02-06,29.1,27.7,26.5,24.9,24.5,24.1,90,83,76,1009.3,1007.1,1004.9,14.2,11.0,6.0,4.0
2006-02-07,30.2,27.8,26.5,25.2,24.7,24.3,90,83,74,1009.5,1007.2,1005.0,16.9,12.3,8.0,1.3
2006-02-08,31.0,28.2,26.6,25.5,25.0,24.4,90,83,70,1008.8,1006.7,1004.6,20.1,15.4,10.3,1.7
2006-02-09,30.4,27.8,26.3,25.5,24.7,24.2,92,84,70,1009.6,1007.7,1006.1,20.7,15.2,8.2,3.0
2006-02-10,29.5,27.8,26.4,25.0,24.4,24.0,89,82,74,1011.7,1009.6,1007.7,17.7,14.3,7.1,1.7
2006-02-11,30.3,27.8,25.6,24.8,24.3,23.9,92,82,72,1012.7,1010.6,1008.1,18.1,14.3,10.1,3.3
2006-02-12,30.0,27.4,25.7,24.6,24.4,23.9,92,84,72,1012.0,1009.5,1007.1,17.4,14.3,9.3,4.6
2006-02-13,30.4,28.1,26.5,24.6,24.3,23.9,89,80,69,1010.1,1008.1,1006.0,19.4,15.9,12.1,1.4
2006-02-14,29.5,27.6,26.4,24.8,24.5,24.2,90,83,75,1010.0,1007.4,1005.5,17.9,13.4,9.0,4.5
2006-02-15,29.8,27.1,25.5,24.5,24.1,23.6,93,84,72,1009.9,1007.6,1005.3,16.6,13.1,7.7,7.0
2006-02-16,30.9,28.1,26.3,24.4,24.2,24.0,87,79,68,1008.7,1006.7,1004.0,19.6,16.1,11.4,0.6
2006-02-17,29.7,27.8,26.7,24.9,24.4,23.8,88,82,73,1009.9,1008.0,1006.2,22.4,18.7,13.2,0.7
2006-02-18,30.6,27.9,26.1,25.0,24.6,24.1,91,82,68,1011.4,1009.1,1007.0,17.5,13.9,11.4,3.2
2006-02-19,30.3,28.0,26.4,25.0,24.7,24.3,91,83,73,1010.9,1008.7,1006.2,17.7,13.4,9.7,1.6
2006-02-20,30.9,28.2,26.6,25.0,24.4,23.8,91,80,68,1010.0,1008.1,1005.8,18.4,14.6,9.6,1.2
2006-02-21,27.8,27.2,26.6,24.6,24.3,23.7,88,84,81,1010.5,1008.7,1007.0,18.2,14.1,11.2,10.0
2006-02-22,29.8,27.3,26.1,24.5,24.2,23.6,89,83,72,1011.6,1009.4,1007.6,15.4,12.2,6.8,13.8
2006-02-23,30.5,28.1,26.7,24.7,24.4,24.2,87,81,71,1010.8,1008.9,1006.7,15.5,12.6,8.9,1.3
2006-02-24,30.9,28.4,26.8,24.9,24.6,24.3,88,80,69,1010.5,1008.2,1006.2,17.6,13.9,10.2,1.0
2006-02-25,30.3,28.2,27.0,24.8,24.5,24.1,88,81,72,1010.4,1008.2,1006.7,18.2,15.5,13.3,1.3
2006-02-26,30.8,28.2,26.7,24.9,24.5,24.2,88,81,70,1010.1,1008.5,1007.0,19.9,16.2,11.9,3.3
2006-02-27,31.4,28.7,26.9,24.8,24.4,24.0,88,78,65,1009.8,1007.9,1005.4,17.7,13.2,7.8,0.2
2006-02-28,30.6,28.5,27.0,24.6,24.3,23.9,86,78,69,1010.2,1008.4,1006.4,16.6,13.1,10.2,2.1
2006-03-01,30.3,28.2,27.1,24.9,24.5,24.2,86,80,72,1011.0,1008.9,1007.2,21.1,16.3,12.8,7.1
2006-03-02,30.6,28.0,26.9,24.8,24.6,24.5,87,82,71,1011.4,1009.8,1008.5,17.9,15.0,12.5,3.8
2006-03-03,30.7,28.3,26.8,24.7,24.5,24.1,88,80,70,1012.0,1010.0,1008.1,18.6,15.8,11.9,0.8
2006-03-04,31.4,28.5,27.1,25.1,24.5,24.1,86,79,66,1011.8,1009.4,1007.7,22.3,18.9,16.6,1.0
2006-03-05,31.1,28.4,26.8,24.7,24.4,24.0,87,79,67,1011.6,1009.2,1007.8,21.9,18.2,14.8,1.2
2006-03-06,31.1,28.6,26.9,24.8,24.4,24.0,86,79,66,1011.0,1009.2,1007.6,19.9,16.6,12.0,2.2
2006-03-07,31.1,28.5,26.9,24.7,24.3,23.9,88,78,67,1010.9,1008.8,1006.9,19.6,15.9,13.0,1.9
2006-03-08,29.9,27.4,26.1,24.9,24.2,23.8,89,83,71,1009.9,1008.2,1006.6,19.1,16.0,10.5,11.7
2006-03-09,29.1,26.8,25.7,24.7,24.1,23.7,91,85,74,1010.3,1008.2,1006.6,11.5,7.0,3.2,14.0
2006-03-10,29.2,27.2,25.1,24.6,24.2,24.0,94,84,76,1010.9,1008.8,1007.2,16.6,10.8,6.5,2.0
2006-03-11,30.0,27.9,26.2,24.7,24.3,24.1,89,81,74,1011.2,1009.0,1006.9,15.8,12.5,9.2,1.3
2006-03-12,30.9,28.2,26.5,24.6,24.3,24.2,89,80,69,1010.7,1008.4,1006.3,17.0,14.3,11.0,0.6
2006-03-13,30.8,28.3,26.8,24.8,24.4,23.9,87,80,69,1009.2,1007.4,1005.3,15.8,12.8,8.6,0.8
2006-03-14,30.8,28.5,26.9,25.1,24.8,24.4,88,81,70,1009.9,1007.7,1005.6,16.0,13.2,9.8,2.3
2006-03-15,30.6,27.8,26.5,25.0,24.7,24.3,89,84,70,1010.3,1008.7,1006.6,18.0,13.0,5.3,6.4
2006-03-16,30.1,27.8,26.7,25.1,24.6,24.3,88,83,72,1011.1,1008.6,1006.5,15.1,12.4,8.4,3.4
2006-03-17,30.2,28.0,26.5,25.1,24.6,23.9,90,82,73,1010.8,1007.5,1005.1,17.9,12.8,8.7,1.4
2006-03-18,30.4,28.1,26.7,24.4,24.1,23.8,86,79,69,1009.7,1007.6,1006.2,18.6,15.5,12.7,0.6
2006-03-19,30.4,28.2,26.9,24.5,24.2,23.7,86,79,69,1010.0,1007.8,1006.0,18.0,14.8,6.7,0.7
2006-03-20,30.7,28.4,26.8,24.5,24.3,23.8,87,79,67,1009.8,1007.9,1006.2,15.7,12.5,7.1,0.3
2006-03-21,30.8,28.6,26.8,24.5,24.1,23.5,86,77,65,1010.1,1008.3,1006.9,19.4,16.4,13.2,0.1
2006-03-22,27.9,26.9,25.5,24.4,23.9,23.4,90,84,77,1013.1,1009.1,1006.2,16.6,11.6,5.8,12.5
2006-03-23,30.0,27.8,25.8,24.8,24.1,23.4,91,81,69,1010.3,1008.1,1006.3,16.6,10.7,5.0,0.3
2006-03-24,30.9,28.3,26.7,24.4,23.9,23.2,86,77,67,1009.8,1007.5,1005.9,16.0,13.3,8.7,0.2
2006-03-25,31.0,28.6,26.8,24.5,23.7,23.1,83,75,63,1010.2,1008.1,1006.3,17.9,14.6,10.0,0.0
2006-03-26,31.5,28.7,27.2,25.0,24.6,24.2,86,79,67,1011.9,1009.6,1007.7,18.1,15.5,12.0,0.8
2006-03-27,31.1,28.7,27.2,25.3,24.9,24.5,88,80,71,1011.3,1009.5,1008.0,16.6,14.6,12.4,1.9
2006-03-28,30.6,28.4,26.5,24.9,24.7,24.2,90,80,71,1011.5,1009.2,1007.6,16.9,14.9,12.7,4.6
2006-03-29,31.5,28.4,25.7,24.9,24.5,23.9,90,80,66,1011.6,1009.6,1007.8,17.8,12.7,9.7,3.3
2006-03-30,31.6,28.7,25.9,25.0,24.7,24.1,94,80,67,1011.4,1009.0,1006.0,15.3,11.3,5.4,0.7
2006-03-31,31.6,28.8,27.1,25.0,24.7,24.3,88,79,66,1010.6,1008.6,1006.6,17.1,12.9,9.4,1.5
2006-04-01,31.7,28.8,27.1,25.1,24.8,24.3,88,79,66,1009.9,1008.1,1005.8,17.6,14.0,11.0,1.8
2006-04-02,31.0,28.6,27.3,25.1,24.8,24.4,87,80,70,1009.9,1008.3,1006.7,16.7,15.1,12.8,3.0
2006-04-03,31.3,28.7,26.8,25.2,24.8,24.3,89,80,68,1010.1,1008.5,1006.6,14.8,12.9,10.2,1.8
2006-04-04,30.7,28.4,26.8,25.0,24.8,24.3,88,81,70,1010.0,1008.2,1006.0,16.1,13.0,10.5,3.6
2006-04-05,29.4,27.7,26.3,25.2,24.8,24.0,89,84,77,1010.1,1008.0,1006.5,17.7,11.5,5.9,5.4
2006-04-06,29.7,28.0,26.9,25.4,25.0,24.8,90,84,77,1010.2,1007.7,1005.8,15.3,11.5,7.1,4.1
2006-04-07,31.0,28.4,27.2,25.4,25.1,25.0,89,83,71,1009.4,1007.3,1005.9,14.5,12.3,8.9,3.5
2006-04-08,31.3,28.6,27.1,25.6,25.2,24.9,89,82,70,1009.2,1006.5,1004.0,17.4,12.6,5.7,1.3
2006-04-09,31.1,28.7,27.2,25.6,25.3,24.7,90,82,70,1006.8,1004.7,1002.7,15.9,13.9,10.8,1.5
2006-04-10,30.7,28.5,27.2,25.6,25.4,24.4,90,83,72,1007.5,1005.0,1003.1,17.9,14.0,10.3,1.9
2006-04-11,31.6,29.0,27.2,25.4,24.9,24.3,88,79,66,1008.7,1006.6,1004.5,21.8,16.0,12.2,0.5
2006-04-12,31.4,28.7,26.7,25.4,25.1,24.7,89,81,69,1008.3,1006.5,1004.4,22.0,18.4,15.1,5.8
2006-04-13,30.8,28.6,26.8,25.3,24.9,24.5,88,81,70,1007.9,1005.6,1003.4,18.9,14.5,8.6,1.8
2006-04-14,30.9,28.5,27.0,25.2,24.9,24.5,89,81,71,1008.4,1006.2,1004.6,17.3,14.1,10.7,2.1
2006-04-15,31.4,28.6,26.8,25.3,24.9,24.7,91,81,69,1010.5,1008.3,1006.6,17.6,14.6,11.2,1.7
2006-04-16,28.7,27.6,26.4,25.0,24.7,24.2,91,84,79,1011.5,1009.1,1006.9,15.1,11.4,6.8,5.8
2006-04-17,30.8,28.3,26.9,24.9,24.6,24.2,88,81,71,1009.3,1007.4,1005.2,17.7,14.7,8.2,3.4
2006-04-18,30.7,28.2,26.8,24.7,24.4,23.9,88,80,68,1009.2,1007.4,1006.0,17.7,14.0,10.0,2.0
2006-04-19,29.3,27.3,26.5,24.7,24.4,23.8,88,84,76,1011.3,1008.9,1007.1,18.0,12.5,5.9,6.8
2006-04-20,29.8,27.4,26.6,24.9,24.4,23.8,88,84,74,1011.5,1009.7,1007.7,16.3,11.9,6.2,5.8
2006-04-21,29.6,27.5,26.1,24.7,24.4,24.2,90,83,75,1011.9,1010.0,1008.1,18.2,14.1,8.2,6.7
2006-04-22,30.5,28.2,26.5,24.5,24.0,23.5,87,78,67,1011.7,1009.7,1007.8,17.4,13.3,10.0,0.0
2006-04-23,30.5,28.1,26.4,25.0,24.6,24.2,90,82,73,1010.5,1008.4,1006.0,16.3,12.1,8.7,3.1
2006-04-24,29.1,27.5,26.0,24.8,24.5,24.1,91,84,76,1010.8,1008.4,1006.6,12.8,10.7,8.4,7.8
2006-04-25,28.3,26.5,25.1,24.8,24.2,23.5,93,88,78,1011.5,1008.6,1006.3,12.3,6.0,1.4,9.2
2006-04-26,30.3,27.8,25.7,24.9,24.0,23.3,94,80,66,1009.0,1007.5,1005.5,11.4,9.0,5.8,0.0
2006-04-27,29.1,27.3,26.1,25.5,24.6,24.2,90,85,77,1010.1,1007.7,1006.3,14.5,9.6,5.3,12.1
2006-04-28,30.2,27.6,26.3,25.0,24.8,24.5,91,85,73,1009.4,1007.6,1005.7,15.1,11.2,4.1,9.0
2006-04-29,29.0,27.2,26.3,25.3,24.7,24.3,91,86,77,1009.0,1007.5,1005.8,16.0,11.9,4.4,6.5
2006-04-30,30.0,27.2,25.2,25.3,24.7,24.2,95,87,74,1010.2,1008.3,1007.0,17.5,10.6,3.4,14.6
2006-05-01,29.8,27.1,25.4,25.5,24.8,24.4,95,87,77,1010.6,1009.0,1007.7,17.1,9.4,3.1,8.6
2006-05-02,29.9,27.6,25.4,25.3,24.7,24.2,95,85,74,1011.5,1009.8,1008.0,15.8,9.6,4.2,2.4
2006-05-03,30.2,27.8,26.0,25.2,24.9,24.7,93,84,73,1011.0,1009.2,1007.5,17.1,12.1,6.4,6.5
2006-05-04,29.1,27.6,26.5,25.1,24.8,24.0,91,85,77,1010.4,1008.2,1005.9,15.8,12.9,9.8,7.2
2006-05-05,29.2,27.3,25.9,25.0,24.8,24.5,92,86,78,1009.6,1007.8,1006.2,14.4,10.8,5.9,9.4
2006-05-06,28.3,27.2,25.4,25.4,24.8,24.1,93,87,81,1010.3,1007.8,1005.7,14.5,10.4,7.3,9.7
2006-05-07,29.2,27.5,25.6,25.1,24.8,24.4,95,86,77,1009.9,1008.1,1006.8,14.2,8.3,2.1,1.0
2006-05-08,29.9,27.1,25.3,25.7,24.8,24.0,96,87,76,1009.5,1007.6,1005.7,15.1,8.8,3.6,17.7
2006-05-09,30.2,27.6,25.5,25.7,24.8,24.4,94,85,74,1010.5,1008.0,1005.6,18.8,12.1,7.4,1.0
2006-05-10,28.2,26.8,25.5,24.8,24.3,23.7,91,86,79,1011.3,1008.7,1006.6,14.1,10.4,5.5,7.5
2006-05-11,29.0,26.9,24.8,24.8,24.2,23.8,96,86,75,1011.1,1009.2,1007.6,11.2,6.4,1.1,2.9
2006-05-12,29.0,27.1,25.0,25.1,24.4,23.6,94,85,77,1012.3,1010.5,1008.5,15.8,10.3,5.4,6.6
2006-05-13,28.7,26.8,25.4,24.9,24.3,23.4,92,86,79,1013.3,1011.2,1009.3,13.4,10.3,5.4,10.7
2006-05-14,29.3,27.2,25.2,24.6,24.2,23.8,95,84,74,1013.1,1011.1,1009.2,15.4,10.3,5.6,1.7
2006-05-15,28.0,26.0,24.9,24.7,23.9,23.4,92,88,82,1012.7,1010.7,1008.8,14.6,10.6,3.3,17.0
2006-05-16,26.3,25.4,24.5,24.0,23.6,23.1,96,90,84,1013.0,1011.2,1010.2,9.8,4.9,1.1,20.2
2006-05-17,27.7,25.9,24.1,23.9,23.5,23.1,96,87,78,1013.4,1011.6,1010.4,11.3,7.0,2.1,5.4
2006-05-18,28.2,26.2,24.3,24.8,23.9,23.3,96,87,79,1014.3,1011.8,1009.8,12.6,7.3,4.1,4.6
2006-05-19,27.9,26.0,24.5,24.5,23.8,23.5,95,88,78,1012.7,1010.6,1008.4,15.3,9.8,6.2,9.1
2006-05-20,25.5,24.7,23.8,24.0,23.3,22.6,95,92,89,1012.8,1011.0,1009.6,12.7,9.0,4.8,46.3
2006-05-21,27.6,25.8,24.2,23.9,23.5,22.8,93,87,79,1013.2,1011.3,1009.3,12.8,8.5,2.6,16.2
2006-05-22,28.9,26.5,24.5,25.1,24.1,23.4,95,87,80,1014.6,1012.2,1010.7,11.6,7.5,3.5,10.2
2006-05-23,28.3,26.4,24.9,25.3,24.2,23.7,95,88,82,1014.2,1012.4,1010.4,14.3,7.4,2.2,5.4
2006-05-24,28.4,26.3,24.9,24.3,23.8,23.1,92,86,78,1013.7,1011.7,1009.2,15.1,8.4,1.4,5.8
2006-05-25,27.5,26.1,24.6,24.5,23.8,23.3,94,87,81,1013.9,1011.1,1009.1,11.0,7.7,4.8,4.0
2006-05-26,29.3,26.8,25.2,24.5,23.9,23.5,91,84,75,1012.7,1010.8,1009.2,13.0,9.0,5.9,3.8
2006-05-27,27.6,26.2,24.4,24.8,23.9,23.3,95,87,81,1014.4,1012.0,1010.1,15.4,9.3,5.6,7.8
2006-05-28,27.4,26.1,25.3,24.4,23.9,23.5,92,88,84,1014.6,1012.4,1010.8,18.2,9.1,1.9,10.3
2006-05-29,28.9,26.6,24.5,24.5,23.9,23.6,95,85,77,1013.7,1012.0,1009.8,11.5,7.0,0.7,3.8
2006-05-30,28.0,26.2,24.3,25.1,24.1,23.5,96,89,84,1013.3,1011.5,1010.2,10.2,6.7,1.9,7.8
2006-05-31,29.4,26.7,24.6,24.0,23.7,23.3,95,84,71,1011.9,1010.6,1009.0,9.8,6.7,1.8,0.0
2006-06-01,29.6,27.3,25.2,24.7,24.2,23.8,92,84,73,1012.9,1011.0,1009.2,12.0,7.6,4.4,1.2
2006-06-02,28.5,26.8,25.2,24.9,24.5,24.0,94,87,81,1013.0,1010.5,1008.1,14.3,10.4,5.1,14.9
2006-06-03,28.5,26.6,24.4,24.7,24.1,23.6,95,86,77,1011.8,1009.9,1007.5,13.8,7.5,1.8,6.2
2006-06-04,29.1,27.0,25.3,24.6,24.1,23.7,94,85,75,1011.8,1009.8,1008.3,13.0,7.6,2.1,2.8
2006-06-05,28.6,26.6,25.3,24.7,24.0,23.6,92,86,76,1011.8,1010.2,1008.9,12.1,8.5,3.0,6.2
2006-06-06,29.4,27.3,25.3,24.4,24.2,23.9,94,83,73,1012.1,1010.2,1008.2,10.6,7.0,0.5,1.7
2006-06-07,29.6,27.3,25.8,25.2,24.4,24.0,91,84,77,1011.1,1009.7,1007.9,11.8,8.3,4.3,1.8
2006-06-08,27.5,25.7,24.1,24.6,23.7,23.1,96,89,79,1011.5,1009.4,1007.5,14.1,7.2,1.0,18.5
2006-06-09,28.7,26.0,23.8,24.1,23.7,22.8,95,87,75,1011.2,1009.4,1007.9,12.2,7.4,2.8,10.8
2006-06-10,29.1,26.2,24.2,24.2,23.7,23.2,96,86,74,1011.3,1009.3,1007.4,12.9,6.1,1.4,11.9
2006-06-11,26.6,25.5,24.0,24.5,23.5,22.9,95,89,81,1012.7,1011.0,1009.2,13.4,7.2,2.3,20.8
2006-06-12,29.4,27.0,24.8,24.9,24.2,23.6,95,85,75,1012.4,1011.0,1009.5,12.1,7.1,3.7,2.1
2006-06-13,29.3,27.2,25.2,24.7,24.0,23.4,92,83,76,1012.6,1010.8,1008.6,11.5,8.7,5.2,1.1
2006-06-14,28.6,26.6,25.3,24.5,24.1,23.7,93,86,77,1011.3,1009.9,1008.2,14.1,10.9,6.4,4.7
2006-06-15,26.5,25.6,25.0,24.2,23.8,23.4,93,90,86,1012.6,1010.9,1009.7,11.7,7.4,1.3,15.0
2006-06-16,26.0,25.1,23.9,23.7,23.2,22.6,96,89,84,1014.0,1012.0,1009.9,19.2,10.5,3.3,14.1
2006-06-17,27.5,25.4,24.3,23.9,23.3,22.9,93,88,79,1013.7,1012.4,1010.6,23.9,13.3,3.5,12.8
2006-06-18,27.0,25.0,23.8,24.0,23.2,22.8,94,90,83,1014.4,1012.5,1011.0,13.2,8.7,3.4,18.3
2006-06-19,27.7,25.7,24.4,24.0,23.5,22.9,94,88,79,1013.7,1012.0,1010.7,8.9,6.7,3.5,3.8
2006-06-20,26.3,25.0,24.1,23.6,23.1,22.6,94,89,82,1014.4,1012.2,1010.7,13.8,7.3,1.1,13.9
2006-06-21,28.6,25.8,23.7,24.2,23.3,22.9,95,86,77,1013.5,1011.6,1010.0,14.2,8.5,3.6,3.3
2006-06-22,28.8,26.4,24.3,24.3,23.6,23.1,94,85,76,1013.2,1011.4,1010.1,12.4,8.6,3.8,1.7
2006-06-23,29.4,26.8,24.3,24.7,23.8,23.4,95,84,73,1014.1,1011.8,1009.8,9.3,6.3,2.2,1.1
2006-06-24,29.1,26.5,24.5,25.3,24.2,23.5,95,87,80,1013.4,1011.3,1010.1,12.4,6.8,2.4,6.0
2006-06-25,29.5,26.7,24.5,24.6,23.9,23.6,96,85,74,1013.2,1011.6,1010.7,16.6,11.3,8.0,4.4
2006-06-26,28.3,26.7,25.1,24.1,23.8,23.2,93,84,77,1014.5,1012.6,1011.4,19.9,16.9,12.8,5.0
2006-06-27,27.4,26.0,24.5,24.3,23.4,22.8,93,86,79,1016.1,1013.9,1012.3,15.6,11.8,7.3,2.6
2006-06-28,28.4,26.5,24.6,24.8,23.9,23.4,93,86,80,1014.9,1013.1,1011.1,17.4,11.3,6.2,0.6
2006-06-29,25.8,25.2,24.7,24.0,23.5,22.7,95,90,87,1014.6,1012.7,1010.9,18.6,12.8,7.9,53.1
2006-06-30,25.9,24.9,24.0,24.1,23.3,22.8,95,91,86,1014.9,1013.0,1011.7,13.9,11.4,8.5,14.9
2006-07-01,27.8,25.7,24.1,24.3,23.3,22.8,95,87,77,1015.6,1013.6,1011.9,14.2,10.1,5.6,6.8
2006-07-02,27.2,26.0,24.9,24.1,23.2,22.6,88,85,82,1015.1,1013.3,1011.6,17.4,13.0,8.7,6.6
2006-07-03,27.2,25.6,24.6,24.3,23.4,22.9,93,88,80,1015.2,1013.1,1011.5,19.0,12.3,2.6,11.9
2006-07-04,27.4,25.7,24.5,23.8,23.2,22.8,92,86,79,1014.2,1012.9,1011.0,18.1,13.9,8.8,9.0
2006-07-05,26.9,25.2,24.4,24.0,23.2,22.7,93,89,83,1015.8,1013.6,1012.4,22.7,16.8,12.8,10.1
2006-07-06,26.3,25.0,24.2,22.9,22.5,22.2,89,86,80,1016.1,1014.7,1013.4,19.4,15.5,13.2,6.2
2006-07-07,27.8,25.5,24.2,23.8,22.9,22.1,91,86,78,1015.9,1013.6,1011.7,18.8,14.8,11.3,6.8
2006-07-08,26.4,25.4,24.8,23.2,22.8,22.3,90,86,78,1014.8,1013.2,1011.9,17.4,15.6,13.7,0.9
2006-07-09,27.0,25.2,24.1,23.8,23.1,22.6,92,88,81,1015.5,1013.3,1011.9,16.4,13.5,9.2,2.2
2006-07-10,27.4,25.5,24.1,24.0,23.2,22.9,94,87,80,1015.2,1013.3,1011.4,16.4,11.4,7.6,4.7
2006-07-11,27.4,25.4,23.9,23.7,23.0,22.5,93,87,77,1014.8,1013.0,1011.4,15.4,11.8,8.3,3.0
2006-07-12,27.1,25.1,23.8,23.5,23.0,22.4,94,88,80,1014.0,1012.1,1010.3,15.3,12.2,8.4,10.3
2006-07-13,27.6,25.3,24.0,24.1,23.1,22.8,93,88,81,1012.4,1010.9,1009.1,16.7,11.4,7.8,5.1
2006-07-14,25.4,24.4,23.5,23.7,23.0,22.5,94,92,88,1012.7,1011.2,1010.5,19.5,13.7,9.6,43.0
2006-07-15,26.5,24.7,23.6,24.0,23.0,22.7,96,90,83,1014.7,1012.6,1011.1,18.2,11.7,4.0,16.1
2006-07-16,27.7,25.5,23.8,23.3,22.9,22.3,92,86,76,1014.0,1012.1,1010.5,19.2,15.6,13.6,1.7
2006-07-17,26.2,25.3,24.4,23.4,23.0,22.6,94,87,82,1012.9,1011.7,1009.9,20.6,17.0,12.0,3.5
2006-07-18,26.3,24.7,24.0,23.6,22.8,22.5,93,89,84,1013.5,1012.1,1010.8,20.4,15.9,12.5,9.3
2006-07-19,26.4,24.8,24.1,23.2,22.7,22.5,91,88,82,1013.9,1012.7,1011.4,16.3,13.9,12.1,8.9
2006-07-20,25.9,24.5,23.5,23.6,22.8,22.1,93,90,87,1016.4,1014.0,1012.7,19.1,13.4,8.4,14.3
2006-07-21,26.3,24.7,23.7,22.9,22.6,22.3,94,88,81,1015.1,1013.5,1011.5,21.1,17.4,13.4,4.6
2006-07-22,25.3,24.6,24.0,22.9,22.2,21.8,89,87,84,1013.9,1012.2,1010.0,24.4,19.6,16.0,5.4
2006-07-23,27.1,25.1,23.7,22.9,22.2,21.8,89,84,78,1013.5,1011.8,1010.0,19.6,16.6,14.0,0.7
2006-07-24,25.9,24.5,23.8,22.8,22.0,21.6,89,86,82,1014.0,1011.8,1010.3,19.9,15.6,13.2,3.0
2006-07-25,26.7,24.8,23.4,23.2,22.2,21.5,90,86,79,1013.8,1011.9,1010.2,15.8,12.6,9.4,6.1
2006-07-26,26.9,25.0,23.3,22.5,22.4,22.2,94,85,76,1015.1,1013.1,1011.5,14.8,11.6,7.7,1.5
2006-07-27,27.4,25.3,23.9,23.2,22.8,22.4,92,86,76,1014.9,1012.9,1010.5,13.3,10.1,8.1,1.3
2006-07-28,27.4,25.6,24.0,23.6,23.1,22.7,95,87,80,1012.8,1010.7,1008.6,16.9,13.2,9.9,1.2
2006-07-29,27.0,25.4,24.4,22.9,22.6,22.2,89,84,78,1011.8,1010.1,1008.9,20.7,15.6,12.0,3.9
2006-07-30,26.2,24.5,23.5,23.6,22.6,22.3,94,89,82,1013.5,1011.9,1010.6,19.3,13.6,8.6,12.1
2006-07-31,26.4,24.5,23.6,23.3,22.6,21.8,94,89,82,1014.3,1012.2,1009.8,17.3,14.5,11.9,7.2
2006-08-01,25.5,24.5,23.7,23.2,22.7,22.4,94,90,87,1013.3,1011.8,1010.3,22.9,17.9,11.2,8.8
2006-08-02,25.2,24.2,23.5,22.8,22.3,21.8,92,89,85,1013.8,1012.0,1010.4,23.7,20.7,18.2,11.3
2006-08-03,24.2,23.6,23.1,22.5,22.0,21.8,93,91,89,1013.5,1012.1,1010.7,27.9,21.3,17.9,22.7
2006-08-04,26.4,24.3,23.0,22.5,21.9,21.6,92,87,79,1014.3,1012.6,1010.9,21.1,16.9,13.4,4.8
2006-08-05,26.8,24.8,23.2,22.2,21.9,21.6,92,84,75,1014.3,1012.7,1010.8,18.7,14.2,11.3,1.1
2006-08-06,25.9,24.7,23.5,22.7,22.1,21.8,91,86,82,1014.9,1013.3,1011.8,16.9,13.6,10.5,5.2
2006-08-07,26.0,24.7,23.9,22.0,21.9,21.8,88,84,78,1015.2,1013.4,1011.4,18.4,14.9,10.6,0.8
2006-08-08,25.5,24.4,23.3,22.3,22.0,21.6,92,86,81,1015.1,1013.0,1011.3,19.0,13.6,7.7,1.6
2006-08-09,26.8,24.7,23.6,21.6,21.5,21.4,88,82,73,1015.0,1012.5,1010.4,18.4,14.8,11.5,1.6
2006-08-10,26.3,24.6,23.4,22.1,21.7,21.4,89,84,77,1014.3,1012.1,1010.7,18.4,14.2,9.7,0.8
2006-08-11,24.6,24.1,23.9,22.7,22.1,21.6,91,88,87,1013.8,1012.0,1010.5,17.5,14.8,12.8,5.5
2006-08-12,27.1,25.0,23.7,23.1,22.3,21.9,90,85,76,1013.5,1011.8,1009.9,17.8,13.4,10.2,1.0
2006-08-13,27.4,25.1,23.3,22.6,22.2,21.8,92,84,73,1014.2,1011.9,1010.3,15.2,13.2,11.1,0.2
2006-08-14,27.5,25.0,23.7,23.4,22.7,22.4,92,87,78,1013.9,1011.7,1010.0,20.1,15.4,10.6,1.3
2006-08-15,26.9,25.1,23.7,22.6,22.4,22.0,91,85,77,1013.7,1012.0,1009.8,21.4,17.6,14.0,2.7
2006-08-16,26.1,24.8,24.0,23.0,22.5,22.2,90,87,83,1013.9,1011.6,1009.1,20.5,15.6,12.6,0.9
2006-08-17,27.5,25.0,23.7,22.9,22.4,22.1,91,85,76,1012.5,1010.5,1008.9,18.4,16.8,14.8,1.2
2006-08-18,24.9,24.1,23.4,23.5,22.7,22.3,94,92,90,1012.9,1010.5,1008.5,17.2,14.8,12.5,35.0
2006-08-19,26.4,24.8,23.7,22.8,22.4,22.1,93,87,79,1012.6,1010.6,1009.2,18.4,14.7,12.3,2.5
2006-08-20,27.0,24.9,23.4,22.7,22.4,22.2,94,86,77,1013.8,1011.9,1009.9,18.6,15.2,11.8,0.4
2006-08-21,26.2,24.7,23.4,22.5,22.2,21.9,94,86,78,1013.8,1011.8,1009.9,18.8,16.8,13.4,0.7
2006-08-22,26.3,24.7,23.4,22.7,22.2,21.9,93,86,79,1014.1,1012.1,1010.8,22.1,18.2,15.5,4.5
2006-08-23,26.1,24.4,23.5,22.7,22.1,21.6,90,87,82,1014.6,1012.7,1010.9,21.3,18.7,15.3,4.7
2006-08-24,26.6,24.6,23.3,23.0,22.2,21.6,91,86,80,1014.9,1012.9,1010.6,18.1,15.3,11.5,1.0
2006-08-25,27.1,24.9,23.4,22.7,22.2,21.9,92,85,75,1014.7,1012.7,1010.1,17.1,14.0,11.0,0.4
2006-08-26,25.2,24.3,23.8,22.9,22.6,22.5,93,90,87,1013.5,1011.7,1009.8,22.0,16.1,12.4,7.8
2006-08-27,26.9,24.7,23.5,23.3,22.5,22.1,93,88,80,1012.8,1011.1,1009.3,20.1,17.6,16.0,3.5
2006-08-28,26.6,25.0,23.8,22.5,22.2,21.8,89,85,77,1013.3,1011.3,1009.3,22.2,17.9,15.1,0.4
2006-08-29,27.1,24.9,23.6,23.2,22.6,22.3,92,87,79,1012.9,1010.9,1008.7,20.7,15.0,11.3,2.1
2006-08-30,25.6,24.6,23.8,22.9,22.5,22.2,91,88,83,1012.9,1011.0,1009.4,18.7,15.2,12.2,4.7
2006-08-31,27.1,25.2,23.9,23.4,22.7,22.1,91,86,79,1013.6,1011.7,1009.7,18.4,13.2,10.3,1.6
2006-09-01,26.0,24.6,23.7,23.9,23.0,22.6,94,91,87,1013.5,1011.4,1009.1,16.1,11.8,9.0,5.9
2006-09-02,27.1,24.9,23.5,24.1,23.1,22.6,95,90,80,1012.5,1010.1,1007.5,16.1,12.9,10.1,2.7
2006-09-03,26.6,24.5,23.6,23.4,22.8,22.4,95,90,82,1012.4,1010.5,1008.9,17.1,11.8,3.1,10.4
2006-09-04,25.9,24.3,23.6,23.5,22.9,22.6,96,92,86,1013.8,1011.8,1010.2,18.9,9.5,1.4,5.7
2006-09-05,24.9,24.0,23.2,23.3,22.9,22.4,96,94,91,1015.4,1012.7,1010.0,14.9,12.0,9.6,25.4
2006-09-06,26.6,24.4,23.2,23.5,22.9,22.6,96,91,83,1013.5,1011.2,1008.6,19.4,13.2,9.1,10.0
2006-09-07,26.4,24.7,23.6,23.8,22.7,22.2,92,89,81,1012.5,1010.4,1008.2,19.0,15.8,13.5,5.5
2006-09-08,26.2,24.2,23.4,23.0,22.4,21.7,94,90,80,1012.9,1011.1,1009.5,22.8,18.4,13.7,24.9
2006-09-09,26.3,24.3,23.0,23.1,22.3,21.8,94,89,80,1014.6,1012.5,1010.4,20.4,16.6,10.7,14.7
2006-09-10,27.2,24.7,23.0,23.1,22.3,21.8,94,87,78,1014.9,1013.1,1010.9,19.1,13.8,9.4,3.9
2006-09-11,26.8,24.6,23.6,24.1,22.7,21.9,91,89,85,1015.7,1013.1,1010.2,17.0,12.3,7.3,15.2
2006-09-12,24.2,23.7,23.2,22.9,22.5,22.1,96,93,90,1013.3,1011.7,1009.7,16.3,13.3,7.8,85.2
2006-09-13,25.7,24.4,23.4,23.6,22.6,22.2,94,90,85,1015.0,1013.0,1011.7,14.9,11.4,8.1,10.6
2006-09-14,27.5,25.0,23.3,23.9,22.9,22.3,95,88,81,1015.9,1013.3,1011.4,14.9,10.0,5.5,4.5
2006-09-15,26.6,25.0,23.9,23.1,22.7,22.4,93,87,80,1014.3,1012.3,1010.2,16.6,12.6,7.2,5.4
2006-09-16,26.4,24.6,23.3,23.7,22.8,22.3,96,90,82,1013.9,1012.1,1010.0,17.4,12.3,7.1,14.4
2006-09-17,27.7,25.3,23.4,23.7,22.8,22.4,95,86,78,1015.2,1013.0,1011.0,16.3,12.6,9.7,1.9
2006-09-18,27.3,25.4,23.8,23.7,22.9,22.5,93,86,81,1013.9,1011.8,1009.7,19.1,14.4,10.1,0.7
2006-09-19,27.6,25.2,24.0,23.6,22.8,22.5,92,87,79,1013.2,1011.3,1009.4,15.6,13.6,8.8,9.0
2006-09-20,27.9,25.6,24.3,23.9,23.2,22.7,92,87,78,1014.2,1012.1,1010.4,17.4,12.4,8.5,3.3
2006-09-21,27.5,25.5,24.4,24.4,23.4,22.8,92,88,81,1013.7,1011.7,1009.1,16.9,12.3,6.9,5.5
2006-09-22,26.0,24.8,23.7,23.5,22.9,22.5,94,89,84,1013.5,1011.4,1009.4,16.4,10.5,6.7,13.4
2006-09-23,27.1,25.3,23.7,23.1,22.9,22.3,94,87,77,1013.2,1011.2,1008.2,16.5,10.0,5.9,2.6
2006-09-24,26.9,25.4,24.2,23.5,23.2,22.9,92,87,81,1013.5,1011.4,1009.7,12.7,10.7,8.3,1.1
2006-09-25,27.0,25.1,23.7,23.8,23.1,22.7,96,89,82,1015.1,1012.5,1010.1,11.5,6.4,0.0,7.8
2006-09-26,28.1,25.6,24.3,24.2,23.3,22.8,92,87,79,1013.3,1011.3,1008.7,16.6,12.7,9.2,5.5
2006-09-27,27.6,25.6,24.0,23.6,23.1,22.5,94,86,77,1012.9,1010.8,1008.9,16.3,13.0,6.4,3.3
2006-09-28,28.0,25.8,24.3,23.5,23.0,22.4,94,85,74,1013.2,1011.1,1009.2,18.7,12.9,8.3,0.7
2006-09-29,27.2,25.2,24.0,24.1,23.1,22.3,91,88,83,1014.2,1012.2,1010.6,17.3,13.7,8.2,13.5
2006-09-30,27.0,24.9,23.5,24.1,22.9,22.3,94,89,80,1014.4,1012.7,1010.8,15.2,12.7,9.7,13.1
2006-10-01,26.8,24.9,24.0,24.0,23.1,22.7,94,90,82,1013.8,1011.9,1009.7,14.6,11.5,8.9,7.0
2006-10-02,27.7,25.4,23.7,23.8,23.1,22.7,94,87,78,1013.1,1011.3,1009.0,16.1,11.8,8.2,1.7
2006-10-03,27.5,25.3,23.4,23.8,23.0,22.4,95,87,79,1013.2,1011.1,1009.2,14.2,8.9,3.1,6.1
2006-10-04,28.0,25.6,23.7,23.7,23.0,22.6,95,86,76,1014.0,1011.4,1009.1,13.1,9.0,4.6,4.7
2006-10-05,28.3,26.1,24.3,24.5,23.6,23.2,95,86,78,1013.5,1011.4,1009.6,14.2,9.1,4.8,2.2
2006-10-06,27.8,26.0,24.1,24.7,23.7,22.8,93,87,80,1014.0,1011.6,1009.6,14.5,9.6,5.2,1.4
2006-10-07,28.6,26.3,24.4,24.4,23.7,23.3,95,86,75,1013.3,1011.2,1008.8,16.2,10.9,6.1,1.8
2006-10-08,28.2,25.9,24.4,24.4,23.6,22.9,93,87,80,1014.0,1011.5,1009.2,13.4,9.5,1.8,6.2
2006-10-09,28.6,26.3,24.7,25.2,24.0,23.4,92,87,80,1013.4,1010.9,1008.5,13.6,8.7,2.6,1.9
2006-10-10,29.2,26.5,24.7,24.3,23.9,23.2,94,86,75,1012.2,1009.9,1007.5,15.1,11.7,6.8,3.9
2006-10-11,27.2,25.6,24.2,24.2,23.8,23.4,95,90,81,1011.5,1009.3,1007.8,12.9,6.1,1.8,8.3
2006-10-12,28.2,26.2,24.8,24.1,23.5,22.9,94,86,73,1011.4,1009.6,1007.9,9.6,5.4,2.6,0.5
2006-10-13,28.3,26.1,24.6,24.8,23.8,23.2,93,87,80,1012.7,1010.5,1008.3,9.7,6.1,4.1,6.5
2006-10-14,27.3,25.8,24.6,24.2,23.7,23.5,94,88,81,1012.0,1010.4,1008.5,9.2,5.0,3.1,6.6
2006-10-15,29.3,26.4,24.1,24.5,23.9,23.5,97,86,75,1011.4,1010.0,1007.8,11.7,5.5,1.8,2.6
2006-10-16,28.8,26.5,24.3,25.6,24.3,23.5,95,88,83,1011.1,1009.3,1007.1,12.4,6.1,0.7,2.1
2006-10-17,29.1,26.9,24.7,24.1,23.9,23.7,94,84,73,1010.6,1008.8,1006.6,13.8,7.7,3.8,1.0
2006-10-18,29.7,26.7,24.6,25.2,24.2,23.6,94,86,76,1011.2,1008.6,1006.8,15.2,9.4,5.0,13.2
2006-10-19,27.7,25.8,24.5,24.3,23.7,23.2,94,88,80,1012.0,1010.3,1008.6,12.5,6.9,1.8,7.0
2006-10-20,29.0,26.4,24.1,24.2,23.5,23.0,95,85,71,1012.8,1010.2,1007.5,8.7,6.6,2.8,0.0
2006-10-21,29.3,27.0,25.2,24.6,24.0,23.7,93,84,74,1012.2,1010.2,1008.7,12.2,7.8,3.3,3.9
2006-10-22,29.1,26.9,24.1,24.6,23.9,23.3,96,84,73,1013.0,1010.9,1008.7,12.0,6.7,1.3,4.7
2006-10-23,27.7,26.1,24.3,24.5,24.0,23.3,95,88,81,1013.1,1011.5,1009.7,11.5,6.2,1.4,9.1
2006-10-24,28.4,26.5,25.1,25.3,24.2,23.6,95,87,80,1013.1,1011.6,1009.9,12.2,6.6,1.0,1.7
2006-10-25,29.9,27.1,24.9,24.4,23.7,23.3,91,82,72,1012.3,1010.8,1009.1,12.4,9.0,6.4,2.3
2006-10-26,29.3,27.1,25.4,24.6,23.9,23.8,91,83,74,1012.0,1010.4,1008.2,15.8,11.5,8.7,3.4
2006-10-27,28.9,26.7,25.1,24.8,24.0,23.6,93,86,79,1012.2,1010.3,1008.3,11.2,7.9,2.6,2.4
2006-10-28,29.2,26.6,24.7,24.3,23.9,23.6,94,86,75,1012.3,1010.1,1007.8,12.4,7.2,4.3,4.6
2006-10-29,28.5,26.2,24.7,24.9,24.1,23.8,96,88,79,1010.7,1008.6,1006.9,9.4,7.2,5.0,10.1
2006-10-30,29.3,26.5,24.3,24.8,24.1,23.4,96,87,75,1009.4,1007.4,1005.5,10.8,5.4,1.5,15.9
2006-10-31,28.4,26.2,24.3,24.9,24.0,23.6,96,88,81,1010.3,1007.8,1006.0,10.6,5.7,0.8,12.6
2006-11-01,28.5,26.2,25.1,24.4,23.9,23.1,93,87,78,1011.8,1009.5,1007.8,10.0,5.9,2.6,10.0
2006-11-02,29.7,26.7,24.6,24.9,24.3,23.9,96,87,75,1011.6,1009.4,1006.9,12.3,6.6,2.9,5.4
2006-11-03,29.3,26.8,25.5,25.1,24.2,23.7,92,86,76,1010.7,1008.9,1007.0,9.7,8.0,5.6,6.7
2006-11-04,28.4,26.6,25.5,25.2,24.2,23.5,93,87,81,1011.2,1009.2,1007.2,11.1,7.8,4.3,4.6
2006-11-05,29.3,27.0,24.9,25.0,24.2,23.9,94,85,76,1010.4,1008.9,1007.4,11.6,7.8,4.7,1.2
2006-11-06,29.0,27.2,25.3,25.5,24.7,24.2,93,86,80,1010.6,1008.4,1007.0,11.9,8.6,5.8,0.8
2006-11-07,29.6,27.1,25.2,25.2,24.5,24.2,95,86,77,1010.2,1008.4,1006.7,11.1,8.9,6.1,0.8
2006-11-08,29.2,26.8,25.0,25.1,24.3,23.8,93,86,74,1011.5,1009.5,1008.0,10.2,5.5,1.3,2.5
2006-11-09,30.3,27.5,25.2,25.1,24.5,24.2,94,84,70,1010.9,1009.5,1007.7,10.3,4.7,0.5,0.3
2006-11-10,30.7,27.8,25.9,24.8,24.3,23.6,92,82,66,1011.3,1009.6,1008.1,9.5,5.0,0.8,0.1
2006-11-11,30.8,27.9,25.5,24.9,24.5,23.9,94,82,67,1011.8,1010.2,1008.3,8.9,5.7,1.0,0.1
2006-11-12,30.4,27.9,25.5,24.8,24.2,23.2,93,81,65,1011.6,1009.9,1007.8,9.6,5.6,0.8,0.0
2006-11-13,30.4,28.0,26.1,24.6,24.2,23.8,89,80,69,1011.3,1009.5,1007.5,13.0,9.8,5.9,1.3
2006-11-14,30.3,27.7,25.6,24.5,24.1,23.5,94,81,69,1011.2,1009.4,1007.5,11.8,8.1,4.3,1.2
2006-11-15,30.1,27.7,25.3,24.8,24.2,23.8,93,82,72,1010.6,1009.0,1006.5,10.9,6.9,3.4,0.5
2006-11-16,30.4,27.5,25.2,24.8,24.3,23.9,94,83,70,1011.1,1009.3,1007.4,10.8,7.2,4.1,0.6
2006-11-17,31.1,27.9,24.9,24.4,23.7,22.2,95,79,59,1010.9,1008.9,1006.9,10.2,6.3,1.9,0.0
2006-11-18,31.6,28.1,25.1,24.1,23.4,21.8,92,77,56,1010.5,1008.7,1006.9,11.3,6.3,1.8,0.0
2006-11-19,31.4,28.0,24.7,23.9,23.2,21.4,92,76,55,1011.1,1009.2,1007.5,11.0,7.0,2.0,0.0
2006-11-20,31.2,27.9,24.5,24.0,22.9,21.0,95,76,55,1012.2,1010.4,1008.6,10.9,7.0,3.8,0.0
2006-11-21,31.0,27.9,25.4,23.9,23.1,22.1,88,76,59,1012.4,1010.4,1008.0,13.3,7.9,2.3,0.0
2006-11-22,30.2,27.5,25.4,24.3,24.0,23.6,91,81,70,1011.5,1009.6,1007.3,12.6,9.9,6.9,1.5
2006-11-23,29.7,27.2,24.6,24.4,24.0,23.6,95,83,73,1011.0,1009.5,1007.9,12.4,9.4,5.2,2.1
2006-11-24,29.2,26.8,24.8,24.6,24.1,23.4,93,85,74,1012.4,1010.0,1008.2,13.5,7.3,1.1,1.7
2006-11-25,30.0,27.4,24.8,24.5,24.0,23.4,95,83,70,1011.8,1009.9,1007.9,13.8,8.0,4.0,1.4
2006-11-26,29.1,27.1,25.2,24.8,24.2,23.4,94,84,72,1011.6,1009.9,1007.9,13.6,10.0,5.4,1.4
2006-11-27,30.9,27.4,24.5,24.2,23.3,22.0,95,80,59,1011.1,1009.0,1006.7,11.4,8.4,2.6,0.2
2006-11-28,31.6,27.8,24.1,23.8,22.8,20.7,93,75,53,1010.7,1008.7,1006.4,13.0,9.0,4.0,0.0
2006-11-29,31.2,27.9,24.1,23.9,23.0,21.0,95,76,55,1010.3,1008.7,1006.7,10.4,7.0,1.4,0.2
2006-11-30,31.4,27.9,25.0,24.3,23.6,22.6,93,78,61,1010.6,1008.7,1006.3,11.8,8.0,4.3,0.2
2006-12-01,31.0,28.1,25.3,24.4,23.9,23.5,93,79,66,1011.0,1009.0,1006.8,12.8,8.8,4.0,0.2
2006-12-02,30.0,27.9,26.0,24.2,23.9,23.2,89,79,67,1011.2,1009.3,1007.5,12.4,8.2,4.4,1.1
2006-12-03,31.5,28.0,25.5,24.5,23.5,21.6,93,78,56,1011.7,1009.7,1007.8,12.3,5.9,1.6,0.0
2006-12-04,32.1,28.0,24.8,24.0,22.6,20.1,94,74,49,1012.2,1010.0,1007.9,12.1,8.3,2.9,0.0
2006-12-05,32.3,27.9,24.4,23.5,20.8,16.4,93,68,40,1012.4,1010.4,1008.6,11.6,8.2,1.8,0.0
2006-12-06,32.4,27.8,23.3,23.0,21.5,18.7,93,71,44,1012.7,1010.7,1008.3,14.2,8.4,2.7,0.0
2006-12-07,32.1,28.1,24.7,23.8,22.7,20.1,93,74,49,1012.1,1009.6,1007.0,13.6,8.9,4.4,0.0
2006-12-08,32.5,28.5,25.0,24.0,23.1,21.2,93,74,52,1011.0,1008.7,1006.4,14.0,9.1,3.6,0.0
2006-12-09,32.7,28.5,25.3,24.0,22.9,20.4,91,73,48,1010.4,1008.3,1006.7,12.6,9.1,1.1,0.0
2006-12-10,32.2,28.5,24.8,24.1,23.3,21.3,93,75,53,1011.0,1008.9,1007.0,14.8,7.7,1.5,0.0
2006-12-11,33.2,28.7,25.3,25.0,23.6,20.7,94,76,48,1011.8,1010.1,1007.2,16.6,9.6,1.8,0.0
2006-12-12,32.3,28.5,26.5,25.1,24.0,21.5,92,78,53,1012.3,1010.0,1007.4,15.8,11.0,5.0,0.0
2006-12-13,32.2,28.5,26.0,24.6,23.6,21.7,92,76,54,1011.8,1009.7,1007.8,13.5,9.3,6.3,0.0
2006-12-14,30.9,27.9,25.1,24.5,24.0,22.8,95,80,62,1010.6,1008.9,1006.9,14.1,9.1,3.6,0.7
2006-12-15,30.9,27.7,25.4,24.7,24.2,22.8,94,82,62,1012.0,1009.9,1008.2,13.1,9.7,5.0,0.5
2006-12-16,31.5,27.8,25.5,25.0,24.2,22.7,94,82,60,1012.8,1010.2,1008.2,13.6,9.2,0.8,0.2
2006-12-17,31.7,27.8,26.0,25.0,24.1,21.7,94,82,55,1012.1,1010.1,1008.5,15.7,10.6,2.9,0.0
2006-12-18,31.4,27.9,26.2,24.8,24.1,22.1,92,81,58,1012.0,1010.3,1008.2,16.3,11.9,7.2,0.2
2006-12-19,30.9,27.6,25.9,24.8,24.3,23.3,92,83,65,1012.6,1010.6,1008.2,14.8,10.7,6.4,1.1
2006-12-20,31.6,27.8,25.3,24.8,24.1,22.2,96,81,58,1012.9,1010.6,1008.8,12.7,8.5,2.5,0.0
2006-12-21,30.9,27.8,25.3,24.6,24.3,23.6,94,82,66,1013.0,1010.7,1008.4,15.0,9.6,4.7,0.5
2006-12-22,31.0,28.0,25.9,24.8,24.1,22.8,93,81,62,1012.5,1010.4,1008.0,16.6,10.4,1.3,0.3
2006-12-23,31.9,28.0,25.4,24.5,23.7,21.5,93,79,54,1012.0,1010.0,1008.5,13.2,10.1,2.8,0.0
2006-12-24,31.9,27.9,25.1,24.3,23.2,20.4,94,77,51,1011.8,1009.6,1007.7,15.5,10.5,4.3,0.0
2006-12-25,32.2,28.2,25.4,24.6,23.5,20.8,94,77,51,1011.6,1009.6,1007.7,16.3,12.0,7.4,0.1
2006-12-26,30.5,27.6,25.8,24.8,24.1,22.5,93,82,63,1012.3,1010.3,1008.4,14.5,12.4,7.7,1.8
2006-12-27,31.7,27.8,25.4,24.8,23.5,20.7,94,79,52,1013.5,1011.0,1008.8,17.3,11.8,4.3,0.5
2006-12-28,31.7,27.6,24.7,23.9,22.7,19.9,94,76,50,1013.9,1012.0,1010.2,15.9,9.7,3.3,0.1
2006-12-29,32.9,27.8,24.2,23.7,21.0,14.7,95,71,34,1014.4,1012.4,1010.2,16.7,9.8,5.8,0.0
2006-12-30,31.3,26.6,23.2,23.3,20.7,16.5,99,73,41,1014.8,1012.8,1010.4,12.3,9.3,3.9,0.0
2006-12-31,32.1,26.9,22.9,22.6,18.2,11.1,92,64,28,1014.6,1012.6,1010.5,12.6,9.2,3.3,0.0
2007-01-01,31.8,26.5,22.3,21.7,15.8,7.5,92,58,23,1014.6,1012.3,1009.9,12.2,10.1,3.8,0.0
2007-01-02,31.6,26.4,22.1,20.6,14.7,7.3,86,53,22,1014.9,1012.5,1010.4,15.5,9.7,1.1,0.0
2007-01-03,31.2,25.9,21.1,20.2,13.9,7.6,86,52,24,1013.9,1011.8,1009.4,11.2,8.0,3.1,0.0
2007-01-04,31.5,25.8,20.3,19.0,14.9,8.8,82,55,26,1013.3,1011.2,1009.0,10.5,7.6,2.7,0.0
2007-01-05,31.7,26.0,20.7,20.0,15.9,10.4,87,58,28,1013.0,1010.6,1008.3,10.7,7.8,4.2,0.0
2007-01-06,32.8,26.4,21.0,20.1,15.3,8.1,85,56,23,1013.3,1010.4,1008.2,11.9,9.0,5.2,0.0
2007-01-07,31.5,26.2,20.8,21.4,19.4,16.6,91,68,41,1013.1,1010.5,1008.5,12.4,7.6,2.1,0.0
2007-01-08,31.6,26.2,21.5,22.1,20.4,17.3,96,73,43,1012.4,1009.9,1007.1,11.9,7.4,2.3,0.0
2007-01-09,32.3,26.5,21.4,22.0,19.0,13.1,95,68,32,1012.0,1009.3,1007.3,12.3,8.4,1.8,0.0
2007-01-10,31.8,26.1,21.3,22.1,17.2,10.3,93,63,27,1012.3,1009.8,1007.6,11.6,8.0,1.4,0.0
2007-01-11,31.4,25.9,19.8,21.2,18.1,13.6,91,66,35,1012.2,1009.9,1008.1,11.0,6.2,0.7,0.0
2007-01-12,32.4,26.1,20.3,21.0,14.3,5.7,91,55,20,1013.3,1010.3,1007.7,12.1,8.5,1.6,0.0
2007-01-13,31.5,25.6,20.5,19.5,12.0,4.4,82,48,19,1013.4,1010.7,1008.1,15.6,10.9,4.0,0.0
2007-01-14,31.6,25.7,20.9,19.8,12.9,5.7,88,51,21,1013.0,1010.2,1007.4,14.4,10.2,4.2,0.0
2007-01-15,31.7,25.6,19.9,19.5,13.4,7.6,84,52,23,1011.8,1009.4,1006.7,16.3,10.2,3.3,0.0
2007-01-16,31.6,25.9,19.8,20.3,16.0,10.0,83,59,28,1012.1,1009.5,1007.1,9.5,7.6,3.3,0.0
2007-01-17,33.2,26.5,20.0,20.8,15.2,8.6,89,56,23,1012.3,1009.7,1007.5,13.7,8.7,0.4,0.0
2007-01-18,33.2,26.4,19.7,20.8,15.4,8.4,83,57,23,1012.4,1010.2,1007.6,16.2,9.3,3.8,0.0
2007-01-19,31.2,25.7,20.1,21.0,18.8,15.4,91,69,41,1012.9,1010.7,1008.6,10.9,7.0,1.3,0.0
2007-01-20,31.9,25.9,20.5,21.9,19.0,14.3,93,70,36,1012.5,1010.3,1007.7,14.2,8.2,3.5,0.0
2007-01-21,33.2,26.7,21.8,22.2,18.7,12.7,94,67,30,1011.0,1008.9,1006.4,13.6,8.8,1.9,0.0
2007-01-22,32.9,26.7,22.2,23.0,20.3,15.9,94,72,37,1011.7,1009.2,1007.4,17.7,11.6,7.0,0.0
2007-01-23,31.3,26.6,23.2,23.9,22.4,20.5,97,80,53,1013.6,1010.9,1008.7,15.6,9.8,2.6,0.0
2007-01-24,31.2,27.0,24.9,24.2,23.1,21.4,95,81,56,1014.2,1011.6,1009.4,16.8,10.4,4.5,0.0
2007-01-25,31.8,27.4,24.9,24.3,23.1,21.6,96,79,55,1012.9,1010.4,1008.5,18.4,12.3,5.4,0.0
2007-01-26,31.3,27.5,24.9,24.2,23.2,21.7,93,78,57,1012.0,1009.5,1007.5,17.1,12.7,8.9,0.0
2007-01-27,31.1,27.7,24.5,24.6,23.8,22.8,96,81,61,1011.7,1009.2,1007.4,17.7,11.6,6.0,0.0
2007-01-28,31.6,28.2,25.8,24.9,24.4,23.5,94,81,62,1013.1,1010.7,1009.2,16.0,12.6,8.9,0.2
2007-01-29,31.5,28.3,25.9,25.1,24.7,24.2,93,82,66,1012.2,1009.9,1007.3,17.6,12.9,8.4,1.2
2007-01-30,31.9,28.5,26.3,25.0,24.5,23.3,92,80,60,1011.3,1009.0,1006.7,17.5,13.1,9.0,0.0
2007-01-31,31.7,28.4,25.6,25.2,24.4,23.3,96,80,61,1011.7,1009.3,1007.4,15.5,9.5,4.5,0.0
2007-02-01,31.1,28.2,26.3,25.3,24.9,24.3,94,83,70,1013.1,1010.2,1008.4,15.5,10.9,3.1,0.5
2007-02-02,32.9,28.5,26.2,25.1,24.2,21.8,93,79,52,1013.1,1010.4,1008.2,17.9,11.5,3.2,0.0
2007-02-03,32.6,28.4,26.1,24.9,24.1,22.2,92,79,54,1012.1,1009.7,1007.9,17.7,11.8,5.6,0.0
2007-02-04,32.1,28.3,25.9,25.0,24.1,22.7,93,79,58,1011.8,1009.7,1007.9,18.4,13.4,8.4,0.8
2007-02-05,31.7,28.4,26.5,24.9,24.4,23.8,90,80,65,1011.6,1009.1,1007.0,19.2,15.3,10.9,1.0
2007-02-06,32.2,28.6,26.5,24.6,24.1,23.2,89,77,59,1010.6,1007.9,1005.0,17.9,14.4,10.8,0.3
2007-02-07,32.3,29.0,26.9,25.0,24.4,23.9,88,77,62,1010.1,1007.9,1006.2,20.5,16.0,12.5,0.0
2007-02-08,31.6,28.5,27.0,25.1,24.8,24.2,89,81,66,1011.4,1009.1,1007.4,18.1,14.6,10.7,4.4
2007-02-09,30.2,27.4,25.7,24.7,24.3,23.5,92,83,70,1011.8,1009.9,1007.8,15.5,11.7,5.9,7.6
2007-02-10,30.8,27.2,25.2,25.2,24.3,23.8,93,85,72,1011.8,1009.9,1008.5,20.0,14.6,8.3,4.9
2007-02-11,31.0,28.3,26.6,25.1,24.6,24.2,89,81,70,1011.8,1010.0,1008.2,17.6,13.3,9.3,1.2
2007-02-12,30.5,27.9,26.2,24.9,24.5,23.7,91,82,70,1012.8,1010.7,1008.5,15.3,10.5,4.2,1.7
2007-02-13,32.6,28.4,26.0,25.0,23.7,20.3,92,77,49,1012.4,1009.7,1007.0,15.2,10.0,0.8,0.0
2007-02-14,32.6,28.4,25.6,24.7,22.7,18.7,93,73,45,1011.8,1009.4,1007.3,15.6,9.7,0.8,0.0
2007-02-15,31.9,27.8,23.9,24.1,23.0,21.6,94,76,55,1011.8,1009.1,1006.6,15.5,9.2,1.8,0.0
2007-02-16,32.5,28.2,24.9,24.3,23.4,21.5,94,76,52,1009.9,1007.8,1005.5,17.0,10.7,5.1,0.1
2007-02-17,32.4,28.6,26.2,24.4,23.6,22.2,90,76,55,1008.9,1006.7,1004.3,17.8,12.7,7.8,0.0
2007-02-18,31.9,28.7,26.4,24.7,24.0,23.4,88,76,61,1008.8,1006.4,1004.2,17.4,13.4,9.4,0.6
2007-02-19,32.0,28.5,26.6,25.0,24.4,23.4,90,79,60,1008.4,1006.2,1004.0,19.1,15.3,10.4,0.7
2007-02-20,30.7,28.2,26.8,24.8,24.4,24.0,88,80,69,1008.7,1006.8,1005.0,21.9,17.6,12.6,1.8
2007-02-21,30.8,27.6,26.2,24.5,24.2,23.5,90,82,69,1011.9,1008.9,1007.2,20.9,18.1,14.0,6.4
2007-02-22,30.6,28.0,26.4,25.3,24.4,23.9,89,81,69,1011.8,1010.0,1007.8,17.8,14.1,10.2,1.7
2007-02-23,28.8,26.9,24.5,25.4,24.3,23.3,93,86,76,1012.2,1009.8,1007.5,16.5,12.4,8.4,8.1
2007-02-24,29.0,27.3,26.0,24.3,24.0,23.5,90,82,74,1011.5,1009.5,1007.6,13.4,10.3,6.5,1.8
2007-02-25,30.4,27.8,25.7,24.3,23.9,23.6,92,80,67,1011.8,1009.6,1008.1,16.9,10.8,2.8,1.4
2007-02-26,30.7,27.9,26.0,24.2,23.8,23.5,90,79,67,1012.1,1010.1,1007.9,16.4,12.2,9.0,0.2
2007-02-27,30.5,27.9,26.2,24.8,24.3,23.9,90,81,68,1012.0,1009.4,1007.1,18.4,13.3,8.9,1.6
2007-02-28,30.0,27.6,26.1,24.8,24.4,23.9,92,83,70,1010.5,1008.6,1006.7,15.6,10.9,6.5,1.7
2007-03-01,29.7,27.4,25.9,24.7,24.4,23.7,92,84,70,1010.3,1008.1,1006.2,14.1,9.6,3.6,3.2
2007-03-02,31.7,27.8,25.5,25.1,24.2,22.6,95,82,59,1009.9,1007.7,1005.3,17.2,10.6,3.1,0.0
2007-03-03,31.2,27.8,25.9,25.3,24.2,22.5,96,82,60,1010.4,1008.1,1005.9,17.7,8.8,1.1,0.0
2007-03-04,31.8,28.0,25.9,25.1,23.9,22.4,95,80,57,1010.2,1007.8,1005.6,16.4,10.2,2.5,0.0
2007-03-05,32.4,28.0,25.5,25.1,23.9,22.0,94,80,54,1010.1,1007.6,1005.7,18.8,11.2,5.8,0.0
2007-03-06,32.6,28.3,25.7,25.0,23.9,21.6,95,79,53,1010.4,1008.4,1006.4,22.4,15.3,9.9,0.0
2007-03-07,31.8,28.5,26.7,25.4,24.4,23.0,90,79,60,1011.2,1009.3,1007.4,17.4,14.9,11.0,0.1
2007-03-08,32.7,28.8,26.9,25.8,24.7,22.6,93,79,55,1010.2,1007.9,1005.6,21.2,15.3,11.5,0.2
2007-03-09,30.7,28.4,26.7,24.8,24.3,23.7,89,79,67,1010.9,1008.6,1006.8,19.5,15.4,11.6,5.4
2007-03-10,31.5,28.8,27.0,24.4,23.5,22.4,85,74,59,1011.4,1009.0,1007.0,17.7,13.2,9.7,0.2
2007-03-11,31.4,28.3,26.2,24.9,24.4,23.7,91,80,65,1011.0,1008.5,1006.1,18.7,12.5,6.6,0.7
2007-03-12,32.3,28.6,26.5,25.1,24.3,23.0,91,79,58,1010.8,1008.4,1006.4,19.3,13.4,7.1,0.4
2007-03-13,31.3,28.3,26.7,24.8,24.2,23.3,89,79,62,1010.0,1007.9,1005.9,17.4,12.4,8.4,1.1
2007-03-14,31.3,28.3,26.8,25.2,24.5,23.7,90,80,66,1010.0,1008.1,1005.8,19.8,14.8,12.5,0.2
2007-03-15,31.7,28.4,26.5,25.4,24.6,23.7,91,80,64,1010.4,1008.0,1005.7,18.4,15.0,12.0,0.9
2007-03-16,31.1,28.1,26.5,25.3,24.6,23.7,91,82,66,1010.3,1008.1,1005.9,18.1,14.2,8.7,1.7
2007-03-17,30.8,28.0,26.5,24.9,24.6,24.2,90,82,68,1010.3,1008.1,1006.7,19.5,14.6,11.3,3.2
2007-03-18,31.1,28.1,26.2,25.3,24.8,24.3,92,83,68,1010.9,1008.9,1007.1,18.1,13.0,9.1,1.8
2007-03-19,30.8,27.9,26.6,25.2,24.7,24.4,90,83,69,1011.1,1008.9,1007.4,17.7,14.4,10.0,3.7
2007-03-20,30.7,28.1,26.5,25.3,24.6,24.2,89,82,71,1010.0,1007.8,1005.6,18.9,14.4,11.6,2.0
2007-03-21,31.3,28.6,26.9,25.3,24.9,24.2,90,81,68,1009.1,1007.1,1004.9,18.4,15.2,12.3,0.4
2007-03-22,31.2,28.5,27.0,25.3,25.0,24.5,89,81,69,1009.5,1007.3,1005.8,19.5,16.0,12.5,0.6
2007-03-23,30.7,28.3,26.7,25.3,24.8,24.3,91,82,70,1009.2,1007.5,1005.7,22.8,17.4,14.3,3.0
2007-03-24,30.7,28.1,26.9,24.9,24.5,24.0,88,81,68,1010.2,1008.3,1007.1,24.3,18.2,14.0,5.0
2007-03-25,30.7,28.2,26.2,25.0,24.4,24.1,88,80,69,1010.6,1008.5,1006.6,17.7,14.9,12.7,2.1
2007-03-26,30.4,28.2,27.0,25.1,24.2,23.7,88,79,69,1010.8,1008.8,1007.4,21.3,17.3,10.8,1.5
2007-03-27,30.5,28.1,26.4,24.3,23.8,23.4,86,78,66,1010.0,1008.2,1006.5,16.1,12.7,9.7,0.0
2007-03-28,31.4,28.4,26.6,24.5,23.9,23.2,87,77,63,1009.8,1007.5,1005.8,15.3,12.1,9.3,0.0
2007-03-29,31.4,28.6,26.6,24.6,24.0,23.3,88,77,63,1009.6,1007.4,1005.6,18.5,15.5,12.5,0.2
2007-03-30,31.2,28.6,26.8,24.6,24.1,23.2,87,77,63,1009.5,1006.5,1004.1,16.5,12.7,7.5,1.0
2007-03-31,32.2,28.9,26.5,24.9,24.2,23.1,90,77,59,1006.9,1005.0,1002.6,21.1,13.2,7.6,0.0
2007-04-01,30.9,27.9,26.5,25.0,24.7,24.1,90,83,67,1007.5,1005.8,1004.5,21.7,16.1,6.0,7.2
2007-04-02,30.3,28.2,26.8,25.0,24.6,23.9,90,81,70,1008.5,1006.8,1005.6,16.2,11.3,6.2,2.2
2007-04-03,32.0,28.6,26.5,25.0,24.1,23.7,86,77,62,1008.2,1006.2,1004.1,18.9,14.7,12.1,0.0
2007-04-04,30.9,28.2,26.5,25.1,24.6,24.1,88,81,67,1009.1,1007.0,1005.2,19.5,16.4,11.5,8.5
2007-04-05,30.5,28.2,26.6,24.9,24.5,24.3,88,81,70,1010.1,1008.1,1005.8,16.0,13.0,9.5,1.8
2007-04-06,31.5,28.6,26.7,25.2,24.8,24.3,90,80,67,1011.1,1009.0,1007.2,20.1,12.8,8.7,0.2
2007-04-07,29.1,27.5,26.3,25.2,24.6,24.1,89,84,76,1012.6,1010.5,1008.5,13.5,9.6,2.8,17.6
2007-04-08,30.6,27.8,25.1,24.8,24.5,24.1,94,83,71,1011.4,1009.6,1007.6,16.1,10.0,1.1,0.5
2007-04-09,30.8,28.1,26.6,25.2,24.8,24.4,90,82,71,1011.2,1009.5,1007.5,17.6,13.8,9.7,3.3
2007-04-10,30.5,28.2,27.0,25.3,24.8,24.6,87,82,74,1011.1,1009.2,1007.8,19.0,15.4,8.5,2.1
2007-04-11,30.1,28.0,26.8,25.1,24.8,24.3,88,83,73,1011.0,1009.2,1008.0,16.1,13.7,9.4,4.7
2007-04-12,31.5,28.6,26.8,25.0,24.8,24.5,89,80,68,1010.2,1008.2,1006.2,18.7,15.0,11.8,0.8
2007-04-13,31.6,28.8,27.0,25.4,24.8,24.3,87,79,67,1009.8,1008.1,1006.2,16.8,14.3,12.2,0.6
2007-04-14,31.3,28.5,26.2,25.3,24.9,24.5,90,81,69,1010.7,1008.4,1006.3,18.8,15.3,10.9,1.0
2007-04-15,30.6,28.4,26.8,25.4,25.0,24.5,92,82,72,1011.0,1008.8,1005.9,18.2,14.8,9.2,2.4
2007-04-16,30.5,27.9,26.3,25.1,24.4,24.1,91,82,69,1011.2,1009.0,1007.0,22.4,16.6,10.7,3.5
2007-04-17,31.3,28.0,26.1,24.7,24.3,23.9,90,81,65,1011.1,1008.8,1007.5,22.3,16.8,12.7,1.7
2007-04-18,31.0,28.2,25.9,24.6,24.0,23.6,91,79,66,1011.5,1009.4,1007.5,16.3,12.0,9.3,3.0
2007-04-19,31.0,28.5,26.5,24.2,23.5,22.9,86,75,62,1011.4,1009.3,1006.6,15.3,11.7,9.5,0.0
2007-04-20,32.2,29.0,26.6,24.3,23.8,23.0,87,74,59,1010.8,1008.4,1006.3,16.6,12.6,9.2,0.0
2007-04-21,31.8,28.9,26.7,24.6,24.2,23.8,87,76,64,1009.3,1007.8,1006.0,17.3,12.7,9.7,0.4
2007-04-22,30.5,27.4,25.7,24.9,24.5,24.1,91,84,70,1009.4,1007.7,1005.9,18.6,12.3,5.9,10.3
2007-04-23,30.8,27.8,26.0,25.0,24.5,24.0,91,83,67,1010.6,1008.3,1005.4,16.1,9.4,2.5,1.8
2007-04-24,31.3,28.3,26.1,24.8,24.2,23.5,92,79,63,1008.3,1007.1,1005.4,18.4,11.4,2.0,0.0
2007-04-25,30.4,27.6,26.0,24.7,24.4,24.2,91,83,70,1009.0,1007.0,1005.6,24.2,18.1,10.4,9.7
2007-04-26,28.1,26.6,25.4,24.8,24.4,24.0,93,88,81,1010.6,1008.1,1006.5,20.4,13.5,8.9,16.1
2007-04-27,28.2,26.1,25.1,24.9,24.2,23.5,94,89,83,1013.0,1010.4,1008.5,13.6,6.9,2.3,15.1
2007-04-28,30.7,27.5,25.0,24.5,24.2,23.7,96,83,67,1012.5,1010.6,1008.3,11.0,8.1,4.7,0.1
2007-04-29,29.5,27.6,26.1,25.2,24.6,24.2,90,84,76,1012.3,1010.2,1008.3,11.9,7.7,3.6,6.0
2007-04-30,30.1,27.3,25.3,24.8,24.5,24.4,95,85,72,1010.4,1008.7,1006.3,14.8,7.3,2.1,4.3
2007-05-01,28.5,26.9,25.9,24.9,24.4,23.8,92,86,79,1011.0,1008.7,1006.4,13.1,10.5,6.9,9.6
2007-05-02,28.8,27.0,25.3,24.9,24.4,23.9,94,86,75,1011.3,1008.9,1007.1,10.3,6.2,1.9,1.1
2007-05-03,30.6,27.8,26.2,25.4,24.8,24.6,91,84,74,1010.5,1008.2,1006.3,15.1,12.0,9.5,4.8
2007-05-04,30.0,27.7,25.6,25.2,24.7,23.9,91,84,74,1009.6,1008.1,1006.3,14.2,10.7,5.6,10.8
2007-05-05,28.2,27.1,25.8,24.8,24.5,24.2,92,86,80,1010.2,1008.3,1006.0,16.3,11.2,7.1,11.9
2007-05-06,29.2,27.2,25.1,24.5,24.2,23.4,92,84,75,1010.6,1008.6,1006.6,14.3,10.5,5.4,5.4
2007-05-07,30.1,27.7,25.7,25.7,24.8,24.4,92,85,75,1010.9,1008.6,1006.6,11.1,7.7,5.5,3.8
2007-05-08,29.2,27.3,25.8,26.3,25.4,25.0,95,90,84,1009.9,1008.2,1006.9,8.7,5.8,0.7,7.8
2007-05-09,29.9,27.5,25.3,25.9,25.2,24.3,95,87,78,1010.4,1008.3,1006.1,9.7,6.2,2.6,7.6
2007-05-10,30.8,28.1,26.1,25.9,25.3,25.1,94,85,74,1009.5,1007.6,1005.3,14.8,9.5,4.9,1.8
2007-05-11,29.9,27.9,26.5,25.5,25.1,24.7,90,85,75,1011.3,1009.0,1007.2,17.2,12.3,1.8,3.3
2007-05-12,30.0,27.6,25.5,24.9,24.6,24.3,94,84,73,1012.5,1009.7,1007.6,13.2,9.2,3.3,1.6
2007-05-13,30.3,27.7,26.3,25.2,24.6,24.0,89,84,73,1013.7,1011.4,1010.0,19.2,16.2,11.6,2.9
2007-05-14,28.1,26.1,24.4,25.0,24.3,23.4,95,90,84,1014.1,1012.4,1010.4,13.3,8.8,2.6,22.5
2007-05-15,28.5,26.8,25.8,25.3,24.4,24.0,93,87,81,1013.6,1011.5,1009.4,11.7,8.8,3.7,11.5
2007-05-16,28.2,26.8,25.3,25.0,24.4,24.0,94,87,81,1013.5,1011.1,1009.6,12.8,8.8,2.5,10.0
2007-05-17,29.8,27.6,25.4,25.0,24.7,24.3,94,85,74,1012.6,1010.7,1008.2,12.0,8.7,5.1,0.3
2007-05-18,29.8,27.6,26.6,25.7,24.9,24.7,90,85,77,1011.2,1009.3,1006.9,12.9,9.9,7.0,4.2
2007-05-19,30.3,27.9,25.8,26.0,25.2,24.8,95,85,76,1010.7,1008.9,1006.9,14.6,10.8,6.6,1.4
2007-05-20,30.4,28.1,26.1,25.4,25.0,24.5,94,84,72,1009.8,1008.2,1005.8,13.8,9.4,4.0,2.5
2007-05-21,29.9,27.7,25.9,25.4,24.9,24.5,93,85,74,1010.1,1007.8,1005.4,12.8,9.3,2.1,0.9
2007-05-22,29.7,27.3,26.3,25.1,24.5,24.0,89,85,76,1009.7,1007.9,1006.8,16.6,11.2,5.4,18.7
2007-05-23,29.3,27.4,25.7,24.5,24.3,24.2,93,84,74,1009.5,1008.4,1007.3,15.5,11.5,5.8,1.9
2007-05-24,28.3,26.7,25.9,25.4,24.3,23.8,91,87,82,1011.8,1009.8,1008.5,18.2,13.4,11.1,9.1
2007-05-25,29.6,27.2,24.8,25.1,24.5,24.1,96,85,74,1012.2,1010.5,1009.0,12.8,8.2,4.0,1.6
2007-05-26,29.9,27.6,25.9,24.6,24.2,23.7,91,82,70,1012.1,1009.9,1007.9,13.5,10.5,7.3,0.0
2007-05-27,29.1,26.8,26.0,24.7,24.1,23.5,91,85,75,1012.0,1010.3,1008.9,15.8,11.6,2.9,4.5
2007-05-28,29.5,27.3,25.5,24.4,24.0,23.7,90,83,73,1012.5,1010.3,1009.1,13.2,9.4,2.2,0.6
2007-05-29,28.8,26.8,25.1,24.4,24.2,23.8,93,86,76,1012.6,1010.3,1008.3,17.7,12.0,7.6,9.4
2007-05-30,28.9,27.1,25.6,24.6,24.4,24.0,93,85,76,1012.8,1010.5,1008.5,13.0,6.7,3.6,3.1
2007-05-31,29.6,27.1,24.7,24.7,24.2,23.8,95,84,75,1012.1,1010.5,1009.2,14.6,8.8,5.1,2.1
2007-06-01,28.7,27.1,25.1,24.7,24.1,23.7,93,84,77,1012.5,1010.5,1008.3,18.4,13.5,7.4,4.6
2007-06-02,27.6,26.3,25.2,24.5,24.1,23.4,92,88,82,1012.7,1010.3,1008.9,18.4,13.5,5.6,15.8
2007-06-03,26.3,25.3,24.6,24.2,23.6,22.9,94,90,85,1012.9,1011.0,1009.7,15.1,10.9,6.8,25.4
2007-06-04,28.9,26.3,23.7,23.8,23.4,23.0,98,85,72,1014.0,1012.1,1010.4,13.4,8.7,5.1,4.9
2007-06-05,27.3,26.1,24.8,24.2,23.5,23.3,92,86,82,1013.7,1011.8,1010.5,13.0,10.9,6.6,11.2
2007-06-06,27.5,25.4,24.5,24.5,23.5,22.8,94,89,82,1012.8,1011.0,1009.1,15.3,10.3,4.3,20.7
2007-06-07,25.7,24.6,23.7,23.9,23.1,22.7,95,91,86,1013.7,1011.7,1010.5,15.6,10.3,1.0,33.6
2007-06-08,27.8,25.5,23.7,23.5,23.2,22.9,96,87,77,1012.8,1011.5,1009.6,13.0,9.0,5.1,11.6
2007-06-09,28.1,26.2,24.6,23.9,23.5,23.2,94,85,78,1012.4,1011.2,1009.6,17.6,11.8,6.1,2.8
2007-06-10,27.0,25.6,24.3,24.2,23.5,22.9,92,88,84,1012.9,1011.2,1010.2,13.7,11.0,7.2,9.9
2007-06-11,26.3,25.4,24.1,24.1,23.3,22.9,94,88,83,1013.3,1011.8,1010.8,16.9,10.2,4.7,10.8
2007-06-12,28.3,26.1,24.1,23.7,23.2,22.7,92,85,75,1013.0,1011.5,1009.3,13.4,10.3,6.5,5.4
2007-06-13,28.0,26.1,24.6,24.2,23.4,22.8,92,85,78,1013.5,1011.0,1008.8,13.2,8.8,4.6,3.4
2007-06-14,27.3,25.7,24.1,24.1,23.3,22.9,94,86,79,1012.7,1011.3,1010.1,17.7,11.3,6.6,3.2
2007-06-15,28.2,26.1,24.4,23.4,23.1,22.5,92,84,74,1013.2,1011.5,1009.7,19.0,13.8,7.7,2.6
2007-06-16,27.0,25.4,24.3,24.6,23.4,23.0,94,89,82,1013.0,1011.5,1010.3,16.6,12.9,7.4,9.1
2007-06-17,26.7,25.2,23.9,23.8,23.1,22.6,94,88,83,1012.8,1011.2,1009.9,14.4,9.3,5.1,16.0
2007-06-18,28.4,26.2,24.4,24.0,23.4,23.0,92,85,77,1012.9,1011.4,1010.0,14.2,10.1,6.6,1.7
2007-06-19,28.3,26.3,24.8,24.1,23.5,23.2,91,85,78,1012.7,1011.3,1010.0,20.8,14.7,6.9,1.8
2007-06-20,27.3,25.6,24.1,23.7,23.2,22.5,93,87,80,1013.6,1012.0,1010.8,15.9,12.9,7.4,6.0
2007-06-21,28.2,25.9,24.2,23.7,23.3,22.8,94,86,74,1013.9,1011.9,1010.3,16.0,10.9,7.3,1.4
2007-06-22,27.0,25.7,24.3,23.4,23.0,22.5,91,85,78,1012.3,1010.4,1008.9,18.7,14.6,9.8,4.7
2007-06-23,27.4,25.3,23.7,23.7,23.1,22.4,94,88,80,1011.5,1010.1,1008.9,18.4,13.4,6.3,12.8
2007-06-24,26.2,24.9,23.6,23.7,22.9,22.2,93,89,84,1013.8,1012.1,1010.6,13.3,9.5,5.4,8.4
2007-06-25,27.0,25.3,23.8,23.8,23.0,22.2,93,87,79,1015.6,1013.7,1012.1,15.6,10.6,6.4,13.2
2007-06-26,27.3,25.5,24.2,23.9,23.1,22.3,91,87,81,1014.6,1012.5,1010.5,17.1,11.9,6.0,11.7
2007-06-27,27.0,25.4,24.1,24.0,23.2,22.8,93,88,80,1013.6,1011.8,1009.7,20.4,14.9,10.8,9.3
2007-06-28,26.6,25.2,24.2,23.7,23.1,22.7,93,89,83,1014.2,1012.4,1010.9,13.8,10.8,8.5,11.3
2007-06-29,27.3,25.4,24.1,24.6,23.4,22.8,94,89,80,1014.9,1012.9,1011.4,12.8,10.6,8.6,15.0
2007-06-30,27.2,25.4,24.0,24.3,23.4,22.7,94,89,82,1015.1,1013.4,1012.0,16.0,13.6,11.3,11.6
2007-07-01,25.1,24.6,24.1,23.6,22.9,22.4,93,90,87,1015.6,1013.8,1012.3,20.8,17.0,13.7,38.4
2007-07-02,26.5,24.9,23.5,23.7,22.6,22.0,94,88,81,1015.8,1013.8,1012.2,19.7,17.1,14.7,14.1
2007-07-03,26.3,25.2,24.0,23.4,22.6,22.0,89,86,82,1014.8,1013.3,1012.1,19.7,15.2,5.4,16.2
2007-07-04,27.8,25.5,24.0,23.2,22.7,22.4,93,85,74,1015.6,1013.9,1012.4,25.8,14.9,7.6,5.7
2007-07-05,27.4,25.1,23.9,22.9,22.4,21.9,93,85,73,1016.1,1014.5,1013.5,15.6,12.5,8.2,6.2
2007-07-06,26.5,24.8,23.4,23.8,22.6,22.1,94,88,81,1014.8,1013.2,1011.8,14.8,10.3,4.6,3.9
2007-07-07,26.6,24.6,23.6,23.6,22.6,22.1,94,88,80,1014.3,1012.7,1011.9,16.3,12.8,10.0,7.8
2007-07-08,26.9,25.2,23.9,22.7,21.9,21.0,90,82,73,1015.1,1013.3,1012.3,16.6,13.4,11.0,2.3
2007-07-09,26.9,25.3,24.2,22.3,21.5,21.1,87,80,73,1015.0,1013.0,1011.6,17.7,13.8,10.5,1.2
2007-07-10,26.6,25.3,24.2,22.0,21.6,21.3,86,80,75,1013.4,1011.9,1010.6,14.8,12.5,10.2,0.4
2007-07-11,27.3,25.6,24.1,22.1,21.8,21.5,86,80,72,1014.2,1011.9,1010.0,17.6,13.9,11.0,0.1
2007-07-12,27.4,25.6,24.4,22.8,22.4,22.0,87,83,76,1013.4,1011.5,1009.8,21.6,16.9,12.9,2.0
2007-07-13,27.5,25.7,24.5,23.3,22.8,22.4,89,84,78,1013.0,1011.3,1009.6,22.5,17.6,12.7,3.8
2007-07-14,27.2,25.3,24.0,23.8,23.0,22.5,93,87,82,1013.2,1011.2,1009.9,16.2,13.4,10.9,6.0
2007-07-15,27.9,25.3,24.2,23.9,23.0,22.7,93,87,79,1013.8,1011.8,1010.1,18.1,12.3,8.3,4.3
2007-07-16,26.7,25.4,24.1,23.8,23.0,22.6,92,87,81,1013.8,1012.2,1010.3,19.9,13.2,8.6,4.3
2007-07-17,26.6,25.1,23.7,23.5,23.0,22.7,94,88,83,1013.2,1011.6,1009.7,17.7,13.8,10.3,4.9
2007-07-18,27.4,25.2,23.7,24.0,22.8,22.3,93,87,76,1012.4,1011.0,1009.3,17.3,13.2,11.1,6.9
2007-07-19,27.2,25.0,23.8,23.6,22.8,22.3,93,87,80,1012.3,1010.9,1009.2,14.8,12.0,8.7,9.3
2007-07-20,26.5,25.1,24.0,24.1,23.0,22.4,92,88,84,1012.7,1011.1,1009.7,16.9,13.0,10.2,12.2
2007-07-21,24.8,23.9,23.4,23.1,22.7,22.3,95,93,89,1012.5,1011.2,1009.6,17.4,10.8,6.8,44.5
2007-07-22,26.1,24.6,23.5,23.8,23.1,22.5,96,91,86,1013.2,1011.1,1009.6,16.5,11.5,5.0,7.0
2007-07-23,27.6,25.3,23.7,23.8,22.9,22.2,93,87,77,1013.2,1011.5,1009.9,17.8,12.8,8.4,2.2
2007-07-24,27.7,25.6,23.9,23.2,22.9,22.6,94,85,75,1013.6,1011.8,1010.3,19.4,14.7,12.0,0.4
2007-07-25,26.7,25.0,23.7,23.3,22.9,22.6,93,89,82,1012.5,1010.8,1009.4,18.5,15.3,12.4,18.7
2007-07-26,25.2,24.0,23.4,23.2,22.7,22.3,96,93,88,1012.0,1010.5,1009.1,23.5,16.2,11.3,51.3
2007-07-27,25.8,24.3,23.3,23.4,22.6,22.2,95,91,86,1013.7,1012.0,1010.6,17.0,14.6,10.0,11.7
2007-07-28,26.5,24.7,23.4,23.1,22.4,21.9,94,87,78,1013.7,1011.8,1010.4,17.5,13.2,10.2,5.4
2007-07-29,26.8,25.1,23.8,23.0,22.3,21.8,90,84,78,1013.7,1011.7,1009.8,20.7,14.4,10.2,0.8
2007-07-30,26.8,25.2,23.9,22.4,22.0,21.8,89,83,76,1013.8,1012.0,1010.6,18.7,15.4,13.3,0.9
2007-07-31,26.1,24.9,23.8,22.2,22.0,21.8,90,84,79,1014.6,1012.5,1010.8,16.7,13.9,12.3,0.8
2007-08-01,27.3,25.3,23.9,22.4,22.1,21.8,89,83,73,1014.4,1012.6,1010.7,17.1,13.4,10.1,0.7
2007-08-02,27.1,25.3,24.3,22.5,22.2,22.0,88,83,74,1013.3,1011.8,1010.3,20.9,17.7,14.3,1.3
2007-08-03,24.4,23.8,23.1,22.9,22.3,21.9,95,91,87,1014.3,1012.5,1011.1,22.4,18.3,13.4,51.5
2007-08-04,26.3,24.9,23.9,22.8,21.9,21.4,86,84,79,1013.7,1012.1,1010.4,24.7,20.9,18.1,5.2
2007-08-05,27.0,24.9,23.9,22.5,21.9,21.3,88,83,77,1013.5,1012.0,1010.7,23.1,20.4,16.3,0.2
2007-08-06,26.9,24.9,23.6,21.8,21.4,21.1,87,81,73,1014.4,1012.7,1011.5,20.2,16.6,11.0,0.1
2007-08-07,26.0,24.4,23.2,21.9,21.6,21.4,90,84,77,1014.4,1012.5,1010.6,15.8,13.4,9.9,1.5
2007-08-08,26.2,24.6,23.6,22.5,22.0,21.7,90,85,80,1014.2,1011.8,1009.7,20.2,15.6,12.1,2.8
2007-08-09,25.7,24.6,23.7,23.1,22.2,21.7,90,87,84,1013.3,1011.4,1009.5,17.3,14.4,11.8,7.2
2007-08-10,26.4,24.7,23.2,23.2,22.4,21.8,93,87,80,1013.0,1011.0,1009.3,14.5,12.1,9.2,2.1
2007-08-11,26.8,24.8,23.1,23.2,22.4,22.2,95,87,79,1013.3,1011.5,1010.2,18.0,12.7,9.7,0.8
2007-08-12,26.9,24.9,23.5,23.1,22.5,22.2,94,87,78,1013.9,1011.6,1009.3,17.4,12.6,9.4,1.0
2007-08-13,25.0,24.0,23.3,23.6,22.7,22.1,96,92,89,1012.2,1010.7,1009.3,21.3,16.0,10.0,45.6
2007-08-14,26.4,24.2,23.2,23.3,22.5,22.0,95,90,79,1013.2,1011.4,1009.8,18.2,14.0,10.6,17.5
2007-08-15,26.6,24.5,23.0,23.0,22.4,22.0,94,88,78,1013.6,1011.9,1010.0,17.1,13.2,10.2,7.3
2007-08-16,26.8,24.6,23.6,23.4,22.8,22.4,93,90,82,1012.7,1010.8,1009.3,17.7,14.9,11.4,6.2
2007-08-17,26.1,24.6,23.9,22.8,22.5,22.1,92,88,80,1012.8,1011.1,1009.9,17.3,15.0,11.2,3.5
2007-08-18,27.1,25.0,23.2,22.8,22.6,22.4,96,87,77,1013.2,1011.5,1010.1,17.6,13.6,9.5,0.6
2007-08-19,27.7,25.4,23.8,23.5,22.8,22.5,93,86,77,1013.3,1011.2,1009.0,20.1,15.9,11.8,0.3
2007-08-20,25.8,24.3,23.7,23.3,22.6,22.2,93,91,86,1013.0,1011.2,1009.8,21.0,18.2,14.3,34.1
2007-08-21,26.6,24.6,23.2,23.6,22.6,21.9,95,89,82,1013.7,1011.8,1010.2,19.1,16.0,10.5,13.6
2007-08-22,27.5,25.2,23.4,22.8,22.4,22.0,93,84,75,1014.4,1012.0,1009.4,14.8,10.4,6.5,1.1
2007-08-23,27.5,25.5,24.2,22.9,22.5,22.2,90,84,76,1012.0,1010.0,1008.0,22.5,16.1,11.6,1.8
2007-08-24,26.8,25.1,23.7,23.5,22.5,22.0,94,86,80,1011.7,1009.5,1007.7,23.4,16.9,12.4,8.6
2007-08-25,26.9,24.9,23.7,24.0,22.7,22.1,92,88,81,1012.3,1010.2,1008.7,18.1,13.7,9.2,6.8
2007-08-26,27.1,25.1,24.0,23.9,22.9,22.4,93,88,82,1013.0,1010.9,1009.2,14.8,10.6,7.7,9.3
2007-08-27,26.5,24.8,23.6,24.0,22.9,22.4,95,89,82,1012.4,1010.9,1008.9,14.0,10.9,7.7,13.6
2007-08-28,28.0,25.3,23.5,23.2,22.8,22.5,95,86,74,1013.1,1011.2,1009.0,17.1,8.3,2.9,7.2
2007-08-29,27.4,25.4,23.6,23.6,22.9,22.4,93,86,77,1013.9,1011.3,1009.2,14.0,9.8,5.8,5.1
2007-08-30,27.9,25.2,23.3,23.4,22.8,21.8,95,87,77,1013.3,1011.3,1008.9,16.0,11.6,6.8,8.3
2007-08-31,25.1,24.3,23.6,23.6,22.9,22.5,95,92,89,1013.1,1011.1,1009.2,20.2,16.3,11.0,22.2
2007-09-01,24.9,23.9,23.3,23.3,22.7,22.2,95,93,90,1014.5,1012.6,1010.9,20.3,15.4,12.6,28.7
2007-09-02,27.5,24.8,23.3,24.0,22.8,22.3,95,89,81,1015.6,1013.3,1011.6,14.8,12.3,10.0,11.6
2007-09-03,26.5,24.9,23.9,23.2,22.9,22.7,93,88,81,1014.3,1012.3,1010.5,16.6,14.4,12.4,1.9
2007-09-04,24.5,23.6,23.1,22.8,22.5,22.1,95,93,90,1013.3,1011.4,1009.7,25.3,17.7,10.1,108.8
2007-09-05,26.2,24.1,23.0,23.0,22.4,22.0,95,90,83,1014.3,1012.2,1010.6,23.0,19.6,16.6,13.7
2007-09-06,25.4,24.0,23.2,23.1,22.3,21.8,95,90,86,1016.1,1013.6,1012.2,16.1,11.8,8.4,15.9
2007-09-07,27.6,24.7,22.4,23.1,22.3,21.8,96,87,74,1014.9,1012.8,1010.6,14.7,10.4,6.5,1.1
2007-09-08,27.3,25.1,23.7,23.6,22.9,22.4,94,88,79,1013.7,1011.6,1009.2,14.7,11.5,8.2,4.2
2007-09-09,25.8,24.4,23.8,23.5,22.6,21.9,94,89,85,1013.4,1011.2,1009.4,16.9,12.4,8.4,17.8
2007-09-10,26.4,24.6,23.4,23.7,22.7,22.2,94,89,84,1014.7,1012.4,1011.0,13.8,11.2,8.2,4.8
2007-09-11,28.0,25.2,23.5,23.4,22.7,22.3,93,86,75,1014.4,1012.2,1009.8,14.8,10.5,7.3,3.0
2007-09-12,27.8,25.1,23.0,24.0,22.9,22.5,97,88,80,1013.6,1011.3,1008.9,17.6,10.2,5.1,3.7
2007-09-13,28.1,25.5,24.0,23.6,22.9,22.5,92,86,77,1013.1,1011.4,1009.9,16.4,10.7,7.9,0.6
2007-09-14,27.6,25.4,24.1,24.1,23.2,22.9,94,88,77,1013.1,1011.0,1009.3,13.0,9.7,6.2,4.7
2007-09-15,28.0,25.6,23.8,24.1,23.3,22.9,96,87,79,1013.1,1010.6,1007.4,18.3,13.2,8.0,1.3
2007-09-16,27.6,25.3,23.8,24.1,23.1,22.4,92,88,77,1012.4,1010.3,1008.4,13.9,9.0,3.1,9.2
2007-09-17,27.5,25.5,24.1,23.6,23.3,23.0,96,88,78,1012.0,1010.1,1008.1,13.6,7.5,2.7,1.5
2007-09-18,26.6,25.2,24.2,24.0,23.3,23.0,94,90,83,1012.6,1010.6,1008.9,12.3,9.3,5.4,12.0
2007-09-19,27.8,25.6,23.4,23.8,23.1,22.5,95,86,79,1013.0,1011.3,1009.3,17.6,10.9,5.4,3.4
2007-09-20,27.6,25.3,24.1,23.7,23.1,22.7,93,88,79,1014.2,1012.1,1010.7,14.5,9.8,4.3,9.1
2007-09-21,27.2,25.3,23.9,22.9,22.1,21.6,93,83,72,1014.2,1011.8,1009.1,13.3,8.0,1.8,3.5
2007-09-22,28.3,25.8,24.6,23.5,23.0,22.3,93,85,75,1012.7,1011.0,1009.0,12.2,7.6,4.0,5.0
2007-09-23,27.7,25.4,23.4,23.9,23.2,22.7,96,88,80,1013.4,1011.0,1009.1,11.4,5.8,1.1,4.6
2007-09-24,28.7,26.1,23.5,24.0,23.5,23.0,97,86,73,1013.1,1011.0,1009.3,15.5,9.8,4.5,2.5
2007-09-25,27.8,25.4,24.6,23.8,23.3,23.0,92,88,78,1013.4,1011.8,1010.8,15.3,10.8,1.5,10.9
2007-09-26,28.7,26.1,24.2,24.0,23.2,22.8,94,85,71,1014.6,1012.1,1009.8,13.7,7.2,1.5,1.4
2007-09-27,29.1,26.7,24.7,24.2,23.5,23.3,92,83,72,1013.2,1011.2,1009.6,15.5,12.3,8.2,0.4
2007-09-28,27.7,26.0,24.2,24.1,23.4,23.0,94,86,80,1013.9,1011.6,1009.2,14.8,10.7,5.4,8.9
2007-09-29,27.8,25.8,23.4,24.1,23.2,22.4,94,86,77,1014.3,1012.6,1010.4,12.6,9.1,6.5,6.2
2007-09-30,29.1,26.6,24.7,24.5,23.8,23.5,94,85,73,1014.8,1013.0,1010.9,13.0,9.9,3.6,2.6
2007-10-01,28.7,26.3,25.1,24.8,24.1,23.7,95,88,79,1014.3,1012.3,1010.8,13.8,8.9,4.7,5.5
2007-10-02,28.3,25.9,24.3,23.8,23.4,23.0,96,86,76,1013.4,1011.6,1009.9,11.8,9.1,6.2,7.1
2007-10-03,27.6,25.7,24.0,23.6,23.2,23.0,94,86,79,1013.2,1011.3,1009.2,10.8,8.0,5.1,3.5
2007-10-04,27.5,25.8,24.5,24.2,23.3,23.0,91,86,80,1013.3,1011.3,1009.6,16.1,10.6,6.2,2.6
2007-10-05,27.6,25.5,24.2,24.2,23.5,23.1,94,88,82,1012.7,1011.2,1010.0,13.6,9.6,2.2,8.7
2007-10-06,27.3,25.0,23.4,24.1,23.1,22.3,96,89,83,1012.7,1010.6,1007.5,11.6,6.6,1.8,11.5
2007-10-07,26.5,25.0,23.6,23.8,23.0,22.3,94,88,84,1012.5,1010.8,1009.1,11.9,7.4,2.3,12.2
2007-10-08,27.2,25.2,23.6,24.2,23.1,22.3,94,88,82,1013.8,1011.3,1009.8,13.4,8.5,3.1,5.9
2007-10-09,27.6,25.4,23.7,24.0,23.2,22.8,95,88,81,1012.6,1010.6,1008.7,14.6,9.3,1.1,5.9
2007-10-10,28.4,25.9,24.5,24.3,23.4,23.1,92,86,78,1011.0,1009.1,1007.0,17.3,12.4,9.1,2.2
2007-10-11,28.5,26.1,24.8,24.1,23.4,23.1,91,85,76,1011.0,1008.7,1007.0,14.0,11.5,8.0,2.3
2007-10-12,28.8,26.3,24.7,24.0,23.6,23.3,92,85,75,1010.1,1008.6,1007.1,15.3,11.2,6.9,4.5
2007-10-13,28.0,25.9,25.2,24.2,23.7,23.5,92,88,79,1011.6,1009.5,1008.4,12.8,9.1,3.4,6.6
2007-10-14,28.8,26.3,24.7,24.1,23.5,23.2,94,85,75,1012.1,1010.4,1008.9,12.2,8.4,6.0,0.9
2007-10-15,28.7,26.3,23.8,23.9,23.5,23.1,96,85,73,1011.9,1010.0,1007.9,13.3,8.2,3.2,0.5
2007-10-16,28.5,26.4,24.9,24.6,24.0,23.6,93,86,79,1012.9,1010.9,1009.4,16.1,10.8,6.4,0.7
2007-10-17,29.0,26.5,24.8,24.8,24.0,23.5,93,86,78,1012.6,1010.8,1008.5,14.2,9.3,4.6,4.9
2007-10-18,28.3,25.9,24.3,24.4,23.6,23.0,94,87,79,1012.6,1010.6,1008.8,10.8,8.7,4.5,10.8
2007-10-19,27.3,25.4,24.2,23.7,23.3,22.7,94,88,81,1013.4,1010.8,1008.7,9.4,6.2,2.2,7.4
2007-10-20,27.6,25.3,23.6,24.2,23.3,22.8,97,89,81,1013.2,1011.1,1009.3,12.2,6.0,0.5,14.9
2007-10-21,28.7,26.1,23.8,24.3,23.5,23.0,96,86,76,1013.6,1011.3,1008.7,12.3,5.3,1.5,3.3
2007-10-22,28.7,26.4,24.1,24.9,24.1,23.5,96,87,79,1012.3,1010.4,1007.7,11.7,7.2,2.5,2.4
2007-10-23,27.9,26.0,24.7,23.9,23.5,23.2,93,86,76,1012.6,1010.2,1008.5,13.1,7.6,1.3,4.7
2007-10-24,28.4,25.9,24.5,24.2,23.6,23.4,95,87,78,1011.9,1010.1,1007.9,14.4,8.8,4.0,7.6
2007-10-25,27.1,25.7,24.4,23.8,23.4,23.2,94,88,80,1012.6,1010.1,1007.5,11.4,7.3,0.4,8.3
2007-10-26,28.9,26.0,24.3,24.1,23.4,23.1,94,86,74,1012.4,1010.2,1008.2,13.9,10.2,8.2,9.5
2007-10-27,26.6,25.5,24.7,24.0,23.5,23.1,93,89,82,1013.8,1010.8,1007.9,11.4,5.8,1.8,5.3
2007-10-28,28.6,26.2,24.2,24.2,23.5,23.1,94,86,77,1012.3,1010.4,1008.3,11.0,6.3,1.8,2.3
2007-10-29,28.6,26.1,23.5,24.2,23.6,22.8,96,87,76,1012.0,1009.9,1007.5,10.2,5.5,2.4,4.9
2007-10-30,28.6,26.4,24.7,24.4,23.8,23.5,93,86,77,1010.2,1008.3,1005.9,10.6,8.0,5.4,4.3
2007-10-31,29.0,26.6,24.1,24.8,23.8,23.4,96,85,78,1009.4,1007.7,1006.1,9.4,7.0,3.3,1.6
2007-11-01,29.5,27.1,24.9,24.1,23.7,23.5,93,82,71,1010.1,1008.2,1006.0,13.8,8.1,4.6,0.1
2007-11-02,28.9,27.0,25.8,24.4,23.9,23.5,89,83,76,1010.1,1008.4,1006.8,12.6,9.7,5.9,3.6
2007-11-03,29.4,27.2,25.8,24.1,23.7,23.4,88,81,73,1010.2,1008.3,1006.0,15.5,11.1,8.1,0.9
2007-11-04,28.3,26.4,25.0,24.6,23.8,23.5,92,86,79,1010.4,1008.3,1006.2,15.5,11.0,7.6,3.0
2007-11-05,29.5,26.8,24.5,24.6,24.0,23.6,96,85,74,1011.3,1009.5,1007.9,13.5,9.8,6.3,1.7
2007-11-06,29.4,26.7,24.8,24.8,23.9,23.2,91,85,76,1011.6,1009.8,1008.1,13.3,9.6,6.5,2.5
2007-11-07,29.4,27.1,25.8,24.3,23.8,23.6,89,83,74,1010.9,1009.3,1007.3,13.5,10.7,8.4,0.1
2007-11-08,29.5,26.6,24.2,24.5,24.0,23.3,96,86,74,1010.7,1008.4,1005.4,12.6,8.0,3.0,1.1
2007-11-09,27.5,25.7,24.3,24.3,23.6,23.0,94,88,81,1011.6,1008.8,1007.1,13.7,8.6,3.6,13.4
2007-11-10,29.1,26.3,24.2,24.1,23.7,23.4,96,86,74,1011.4,1008.6,1006.5,12.3,7.1,1.0,1.6
2007-11-11,28.5,26.2,23.8,24.7,23.9,23.1,96,87,79,1010.1,1008.3,1006.7,9.7,6.0,1.1,4.2
2007-11-12,29.6,27.0,24.8,24.2,23.7,23.2,93,83,69,1010.1,1008.4,1006.3,12.3,7.7,4.2,0.1
2007-11-13,29.2,27.1,25.4,24.3,24.0,23.7,91,83,73,1010.7,1008.9,1006.4,14.7,10.0,6.6,0.6
2007-11-14,29.0,26.8,25.0,24.6,24.1,23.9,94,85,77,1010.8,1008.9,1006.9,16.0,11.6,7.8,2.5
2007-11-15,27.4,26.0,24.4,24.3,23.8,23.0,94,88,80,1012.4,1009.8,1008.5,15.0,9.4,5.4,17.6
2007-11-16,29.1,26.5,24.4,24.8,23.8,23.2,94,85,75,1012.6,1010.8,1009.1,14.8,8.7,4.6,2.7
2007-11-17,29.6,26.9,24.5,24.4,23.8,23.3,93,83,74,1011.9,1009.9,1007.8,11.2,6.4,2.0,3.1
2007-11-18,29.5,27.2,25.6,24.4,23.8,23.5,89,82,74,1010.5,1008.7,1006.6,12.8,9.6,4.7,0.7
2007-11-19,29.3,27.2,25.8,24.7,24.1,23.8,91,83,77,1010.6,1008.3,1006.5,13.0,8.9,5.4,2.8
2007-11-20,29.6,27.3,25.9,25.5,24.5,23.9,90,85,78,1011.0,1009.1,1007.1,14.1,11.3,6.6,2.0
2007-11-21,28.3,26.5,25.1,25.0,24.4,23.7,93,88,83,1012.4,1010.2,1008.3,13.4,10.5,8.1,4.4
2007-11-22,29.2,26.8,24.4,24.7,24.0,23.6,96,85,74,1012.6,1010.4,1008.2,11.0,8.6,5.6,0.6
2007-11-23,28.9,27.1,25.4,25.2,24.5,24.0,93,85,79,1012.4,1010.2,1007.9,10.4,6.8,2.4,0.2
2007-11-24,30.0,27.4,25.3,24.7,24.2,23.8,93,83,71,1011.0,1009.1,1007.1,12.4,7.7,1.8,0.9
2007-11-25,28.5,27.0,25.8,24.8,24.2,23.8,91,85,76,1010.9,1009.1,1007.0,14.2,7.4,0.7,0.7
2007-11-26,29.4,27.2,25.0,25.0,24.3,23.9,94,84,76,1012.0,1009.7,1007.7,13.5,8.9,4.0,0.8
2007-11-27,29.8,27.4,25.1,24.5,24.1,23.8,93,82,73,1011.1,1009.1,1007.3,11.8,8.1,4.2,0.6
2007-11-28,30.0,27.6,25.2,24.3,23.9,23.3,93,81,67,1009.7,1007.8,1005.4,11.5,8.2,3.1,0.2
2007-11-29,30.0,27.7,25.8,24.4,24.1,23.7,91,81,69,1008.7,1007.0,1005.4,13.8,8.9,3.3,1.2
2007-11-30,30.4,27.7,25.5,25.2,24.5,24.3,93,83,71,1009.0,1007.2,1005.6,12.7,8.7,3.2,1.3
2007-12-01,30.6,27.8,25.9,25.2,24.7,24.3,92,84,73,1010.6,1008.4,1006.3,14.2,10.7,7.5,0.7
2007-12-02,30.2,27.7,26.2,25.3,24.7,24.4,91,84,74,1010.7,1008.8,1007.0,14.2,12.5,10.5,0.8
2007-12-03,29.3,27.1,25.3,24.6,24.2,23.9,93,84,76,1010.2,1008.3,1005.8,15.4,11.6,8.3,3.5
2007-12-04,28.8,26.5,24.3,24.0,23.7,23.2,94,85,72,1010.9,1008.4,1007.0,13.0,9.7,5.9,4.4
2007-12-05,30.0,27.0,24.7,24.8,24.1,23.6,95,85,72,1010.8,1009.0,1006.8,12.6,9.6,5.3,1.4
2007-12-06,28.4,26.8,25.8,24.3,23.9,23.4,90,84,78,1011.7,1009.8,1007.7,14.0,12.2,8.2,2.7
2007-12-07,27.6,26.3,24.6,24.7,23.9,23.3,93,87,80,1013.2,1010.7,1009.0,11.2,8.8,5.8,6.0
2007-12-08,29.5,26.7,24.8,24.2,23.6,23.4,93,84,73,1013.0,1011.0,1008.5,13.8,11.0,6.6,1.7
2007-12-09,29.2,26.8,25.3,23.9,23.6,22.9,91,83,71,1012.5,1010.5,1008.4,12.1,8.5,3.3,0.6
2007-12-10,29.2,26.9,25.1,24.4,24.0,23.4,93,84,75,1011.8,1009.8,1007.7,10.2,4.5,1.0,1.1
2007-12-11,30.3,27.0,24.3,24.2,23.7,22.8,96,83,64,1011.3,1009.3,1007.2,14.1,7.4,2.7,0.0
2007-12-12,29.6,27.1,24.7,23.9,23.3,22.4,94,80,65,1011.8,1010.1,1008.5,13.6,8.3,3.4,0.4
2007-12-13,30.2,27.3,24.5,23.7,23.2,22.7,94,79,65,1011.8,1009.7,1007.8,15.0,9.2,3.5,0.5
2007-12-14,31.1,27.6,25.0,24.4,23.5,22.3,92,79,60,1009.5,1007.3,1004.9,12.3,9.4,3.0,0.0
2007-12-15,31.0,27.8,25.5,24.7,23.9,22.3,93,80,60,1007.5,1005.7,1003.9,14.3,9.7,4.2,0.2
2007-12-16,29.3,27.4,25.8,24.8,24.3,23.5,92,84,71,1009.1,1007.1,1005.5,13.6,9.5,5.1,1.2
2007-12-17,31.0,27.9,25.3,24.6,24.0,22.8,94,80,62,1010.5,1008.6,1006.6,17.8,11.4,7.1,0.0
2007-12-18,30.7,27.7,25.9,24.8,24.3,23.6,91,82,67,1011.4,1009.7,1007.8,18.2,15.1,12.2,1.8
2007-12-19,30.0,27.4,25.8,24.8,24.3,23.8,93,83,71,1011.7,1009.9,1007.6,15.3,10.3,6.5,1.3
2007-12-20,30.4,27.1,24.6,24.4,23.8,22.5,96,83,63,1011.9,1009.4,1007.1,10.5,6.7,1.3,1.0
2007-12-21,31.5,27.1,24.3,24.2,22.2,18.4,97,77,46,1011.6,1009.3,1007.2,12.9,8.4,3.6,0.0
2007-12-22,31.2,26.6,22.3,23.1,20.3,15.6,96,71,39,1012.2,1009.9,1007.8,11.3,8.0,1.1,0.0
2007-12-23,30.9,26.4,21.5,22.0,19.7,15.8,94,69,41,1012.1,1009.9,1007.9,9.7,6.7,0.7,0.0
2007-12-24,31.4,26.4,21.7,21.2,18.2,12.1,91,64,31,1012.3,1009.9,1007.8,9.7,7.3,2.9,0.0
2007-12-25,31.1,26.7,23.1,21.9,20.6,18.1,92,71,46,1011.3,1009.4,1007.7,12.2,7.4,2.6,0.0
2007-12-26,30.8,26.7,22.2,21.9,21.2,19.7,93,73,52,1010.9,1009.0,1007.1,12.0,8.1,1.4,0.0
2007-12-27,30.9,26.9,22.8,22.6,21.5,19.4,94,74,51,1010.9,1008.9,1006.8,12.9,7.7,0.4,0.0
2007-12-28,31.7,27.1,23.1,23.1,22.2,20.1,96,76,50,1010.2,1008.4,1006.7,14.6,8.3,3.1,0.0
2007-12-29,31.3,27.3,24.4,23.2,22.5,21.1,92,77,55,1010.3,1008.4,1006.4,15.9,10.6,6.9,0.0
2007-12-30,30.7,27.2,24.0,24.0,23.0,21.8,95,79,60,1009.4,1007.6,1005.5,15.2,11.2,7.2,0.2
2007-12-31,29.9,27.0,25.4,24.5,24.0,23.7,92,84,70,1010.0,1008.0,1006.5,15.3,11.2,6.4,3.1
2008-01-01,29.1,26.9,25.7,24.5,24.0,23.3,93,85,73,1010.4,1008.6,1006.7,14.1,11.8,9.4,3.7
2008-01-02,29.8,26.9,25.2,24.3,23.6,22.6,93,83,66,1011.7,1009.4,1007.5,13.7,9.4,3.4,0.5
2008-01-03,30.5,27.3,25.4,24.1,23.3,21.7,92,80,60,1012.5,1010.2,1008.5,13.7,9.2,5.5,0.2
2008-01-04,29.7,27.2,25.2,24.5,24.1,23.9,94,83,72,1012.6,1010.7,1008.9,13.9,9.1,2.3,2.1
2008-01-05,28.4,26.7,25.8,24.5,23.9,23.2,91,85,75,1012.9,1010.7,1009.0,13.5,9.8,6.4,3.6
2008-01-06,28.1,26.2,24.4,24.5,23.9,23.3,94,88,78,1012.5,1010.4,1008.0,13.8,8.1,1.8,12.8
2008-01-07,29.6,26.4,24.4,24.5,24.1,23.6,96,87,74,1011.9,1009.7,1007.8,7.9,5.4,0.4,3.8
2008-01-08,29.5,26.2,23.7,24.1,18.5,11.9,96,66,34,1011.9,1009.2,1006.6,13.4,8.1,3.1,0.0
2008-01-09,29.9,26.1,22.5,20.9,18.6,15.0,86,65,41,1010.4,1008.3,1005.9,10.4,7.3,2.5,0.0
2008-01-10,30.9,26.5,22.9,21.7,20.2,17.5,89,70,45,1009.7,1007.5,1005.5,10.7,6.9,1.0,0.0
2008-01-11,31.2,27.1,23.5,23.7,22.0,19.4,92,75,50,1009.4,1007.3,1005.7,15.3,8.0,2.6,0.0
2008-01-12,30.9,27.2,24.5,23.8,22.9,21.6,95,79,58,1010.2,1008.2,1006.4,16.4,8.9,5.1,0.0
2008-01-13,30.2,27.3,24.8,23.6,23.0,21.9,92,78,62,1011.5,1008.9,1006.9,16.9,10.5,6.2,0.2
2008-01-14,29.6,27.0,25.5,24.1,23.7,23.2,91,83,69,1011.5,1009.7,1008.2,15.9,11.7,7.6,1.9
2008-01-15,29.9,27.0,24.6,24.2,23.9,23.4,96,83,68,1011.3,1008.9,1006.6,13.7,8.7,3.4,0.5
2008-01-16,29.7,27.0,25.0,24.1,23.6,22.9,94,82,67,1010.5,1008.4,1006.4,14.0,10.0,5.2,0.9
2008-01-17,31.5,27.3,24.8,24.2,22.6,19.4,94,77,50,1011.0,1008.1,1005.5,13.3,8.7,0.5,0.0
2008-01-18,31.7,27.0,23.7,23.4,20.0,13.6,95,70,35,1010.1,1007.9,1005.6,11.6,8.1,2.3,0.0
2008-01-19,31.5,27.1,23.3,23.2,22.0,19.7,95,75,50,1010.5,1008.1,1005.6,14.8,8.7,3.3,0.0
2008-01-20,32.5,27.8,25.0,24.3,22.7,18.9,94,76,45,1010.8,1008.1,1005.7,13.8,9.8,1.1,0.1
2008-01-21,32.4,27.6,24.3,24.3,16.6,6.3,96,59,20,1011.9,1009.6,1007.6,15.1,9.1,4.6,0.0
2008-01-22,31.9,26.5,22.2,20.4,12.7,5.9,85,47,20,1011.6,1009.8,1007.1,16.8,10.2,2.1,0.0
2008-01-23,31.7,26.1,21.6,19.3,12.5,5.5,81,47,20,1011.8,1009.6,1006.9,13.9,9.8,3.7,0.0
2008-01-24,31.7,26.2,21.3,19.4,13.7,6.2,83,51,21,1012.1,1009.4,1007.2,12.9,8.7,3.5,0.0
2008-01-25,32.1,26.6,21.6,20.3,15.1,7.7,87,54,23,1012.3,1009.7,1007.5,10.7,8.1,3.1,0.0
2008-01-26,31.4,26.3,21.8,20.7,15.2,7.8,87,56,25,1011.9,1009.3,1006.9,12.1,9.2,2.9,0.0
2008-01-27,32.0,26.2,21.6,20.4,12.1,4.3,87,48,19,1012.3,1009.7,1007.5,15.0,9.1,1.1,0.0
2008-01-28,31.9,26.5,22.3,18.2,11.2,4.2,72,42,19,1011.9,1009.1,1006.2,16.6,10.0,3.6,0.0
2008-01-29,32.2,26.2,21.4,19.0,11.8,4.1,81,46,20,1011.1,1008.8,1006.1,16.3,10.2,3.3,0.0
2008-01-30,32.6,26.4,20.7,19.6,13.2,6.5,83,49,21,1011.7,1009.0,1006.6,15.5,9.6,2.1,0.0
2008-01-31,31.9,26.6,20.8,20.7,17.3,11.9,88,60,31,1010.3,1007.8,1004.7,13.7,10.4,4.0,0.0
2008-02-01,32.2,26.3,20.2,22.1,18.8,15.0,93,67,36,1010.8,1007.8,1005.6,13.6,8.0,1.9,0.0
2008-02-02,32.9,26.6,21.3,22.9,20.4,16.8,95,73,39,1009.3,1007.1,1005.0,15.5,8.8,2.4,0.0
2008-02-03,31.5,26.4,22.1,23.1,22.2,20.9,98,79,53,1011.0,1008.5,1006.8,16.0,9.8,2.9,0.0
2008-02-04,31.8,27.1,24.2,23.4,22.5,20.8,94,77,52,1012.1,1009.8,1008.0,17.9,11.3,5.4,0.0
2008-02-05,31.3,27.4,25.0,24.0,22.8,21.3,91,77,56,1012.5,1010.5,1008.7,16.9,12.9,9.2,0.0
2008-02-06,32.2,27.7,24.8,24.3,23.5,22.1,95,79,55,1012.0,1010.0,1007.9,17.4,11.7,4.6,0.0
2008-02-07,30.8,27.5,25.2,24.4,23.8,23.1,94,81,65,1012.8,1010.2,1008.3,14.0,11.1,6.4,0.3
2008-02-08,32.2,27.9,25.4,24.7,23.6,21.7,93,79,54,1011.1,1008.7,1006.1,18.5,11.9,5.1,0.0
2008-02-09,32.2,27.9,25.2,24.7,23.6,21.5,94,79,53,1011.1,1009.1,1007.2,17.8,12.1,6.5,0.7
2008-02-10,32.3,28.1,25.1,24.3,23.5,21.6,94,78,53,1012.0,1009.8,1007.7,16.6,10.2,3.7,0.0
2008-02-11,31.0,27.6,25.4,24.5,23.8,22.5,94,81,61,1012.0,1009.9,1008.0,15.7,10.2,2.9,0.8
2008-02-12,32.7,28.0,25.2,24.9,23.7,21.3,94,79,51,1011.1,1008.7,1005.9,18.3,10.4,2.5,0.0
2008-02-13,32.2,28.0,25.6,24.9,23.6,21.0,94,79,52,1011.3,1008.6,1006.4,16.2,10.3,1.4,0.5
2008-02-14,32.8,27.9,24.7,24.6,23.1,20.1,96,77,47,1010.6,1008.3,1006.0,16.6,9.7,2.9,0.1
2008-02-15,32.7,28.0,24.6,24.3,22.9,20.2,96,76,48,1010.7,1008.2,1006.2,16.2,8.3,2.0,0.0
2008-02-16,33.4,28.1,23.7,24.1,22.6,19.6,95,75,44,1010.8,1008.0,1005.9,16.6,9.0,1.6,0.0
2008-02-17,33.7,28.3,24.5,24.4,21.6,16.1,96,71,36,1010.5,1008.2,1006.1,16.2,10.5,2.4,0.0
2008-02-18,33.1,27.8,23.8,23.9,20.8,15.9,96,70,36,1011.3,1008.8,1006.8,14.5,10.9,0.7,0.0
2008-02-19,33.2,27.6,22.5,23.7,21.2,16.6,96,72,38,1011.2,1008.8,1006.9,17.3,9.5,2.0,0.0
2008-02-20,33.7,28.1,23.8,23.9,19.8,12.9,97,66,30,1012.1,1009.2,1006.8,14.6,9.7,5.0,0.0
2008-02-21,33.2,27.4,22.2,22.2,17.6,9.7,91,61,25,1011.5,1008.9,1006.6,15.5,9.7,2.2,0.0
2008-02-22,33.1,26.8,21.2,22.5,18.8,13.7,92,66,32,1011.8,1009.1,1006.5,15.0,8.0,1.0,0.0
2008-02-23,32.9,27.4,23.2,23.7,22.0,19.2,94,75,45,1011.9,1009.5,1007.4,17.7,10.7,3.6,0.0
2008-02-24,32.6,28.1,25.2,23.9,22.8,20.6,92,75,49,1012.2,1009.5,1007.2,20.1,13.9,7.9,0.0
2008-02-25,32.0,28.2,26.1,24.3,23.3,21.6,88,76,54,1011.8,1009.9,1007.7,17.8,14.7,10.8,0.3
2008-02-26,31.6,28.0,25.9,24.4,23.8,22.9,90,79,61,1011.9,1009.8,1008.3,14.4,11.5,8.2,1.9
2008-02-27,31.4,28.0,25.8,24.5,23.9,22.7,91,79,60,1012.0,1009.5,1007.1,18.2,11.8,7.4,0.7
2008-02-28,31.9,28.1,26.0,24.3,23.9,23.3,88,79,62,1012.0,1009.6,1007.3,17.7,13.0,8.1,1.6
2008-02-29,31.5,28.0,26.3,24.4,24.1,23.7,90,80,65,1011.2,1009.0,1007.2,16.2,12.5,9.9,0.5
2008-03-01,30.3,27.6,26.2,24.6,24.3,23.7,90,82,70,1010.4,1008.1,1006.3,15.8,12.8,10.1,3.4
2008-03-02,29.9,27.6,26.1,24.6,24.4,24.1,91,83,72,1009.8,1007.4,1005.4,16.6,12.3,7.3,5.7
2008-03-03,31.0,28.2,26.4,24.6,24.2,23.5,88,79,66,1010.0,1007.7,1005.9,16.3,11.9,7.6,0.5
2008-03-04,31.7,28.4,26.3,24.7,24.2,23.5,90,78,62,1009.1,1006.9,1005.2,16.1,10.9,5.4,0.1
2008-03-05,31.4,28.4,26.7,24.5,24.2,23.7,87,79,65,1008.1,1005.8,1004.0,19.5,13.8,10.4,3.8
2008-03-06,32.0,28.9,27.0,24.7,24.2,23.7,85,76,62,1008.3,1006.0,1004.3,19.4,15.6,12.9,0.8
2008-03-07,29.6,27.3,26.2,24.8,24.3,23.7,87,84,74,1009.6,1007.0,1005.2,19.7,16.3,11.8,11.5
2008-03-08,29.4,27.4,26.6,24.8,24.3,24.0,88,83,76,1009.7,1008.0,1006.1,17.4,13.3,8.7,4.9
2008-03-09,29.8,27.2,26.2,24.7,24.4,23.9,91,85,73,1010.1,1007.9,1005.4,15.9,11.9,6.6,6.6
2008-03-10,27.8,26.4,24.9,24.6,24.0,23.1,91,87,82,1010.4,1008.4,1006.8,18.1,14.4,10.8,8.0
2008-03-11,30.0,27.6,25.8,24.6,24.0,23.7,89,81,70,1010.5,1008.8,1006.4,15.8,11.1,7.8,0.4
2008-03-12,29.7,26.5,23.9,24.7,23.9,23.0,95,86,73,1011.3,1009.3,1008.0,14.7,10.1,3.3,8.1
2008-03-13,30.9,27.2,24.8,24.7,23.6,22.8,91,81,62,1010.6,1008.3,1005.9,15.5,10.7,4.8,0.4
2008-03-14,30.9,28.0,25.9,24.3,23.9,23.3,90,79,64,1009.7,1007.8,1006.3,15.5,12.0,9.5,0.2
2008-03-15,30.3,27.8,26.6,24.2,23.9,23.5,86,80,68,1010.5,1008.6,1006.8,16.4,13.9,11.1,0.6
2008-03-16,30.8,28.0,26.3,24.2,23.8,23.5,87,79,68,1011.4,1009.1,1006.4,16.1,13.0,10.4,0.0
2008-03-17,30.1,27.7,26.7,24.5,24.2,23.8,86,81,72,1010.7,1008.4,1006.5,17.7,13.2,10.0,3.2
2008-03-18,30.3,27.9,26.4,24.5,24.3,23.8,89,81,70,1010.8,1008.4,1006.5,16.3,13.1,5.0,1.6
2008-03-19,29.3,27.1,25.7,24.7,24.2,23.7,90,84,75,1011.3,1009.0,1007.4,15.1,11.8,6.6,8.0
2008-03-20,30.1,27.7,25.9,24.1,23.8,23.5,88,80,69,1011.8,1009.5,1007.7,14.2,11.8,7.8,0.2
2008-03-21,30.6,28.0,26.2,24.1,23.8,23.4,88,79,66,1010.5,1008.2,1005.7,18.6,14.3,8.9,0.7
2008-03-22,30.8,27.9,26.8,24.5,24.0,23.6,88,80,68,1008.9,1007.2,1005.7,19.5,16.2,11.1,3.2
2008-03-23,30.4,27.7,26.3,25.0,24.5,23.9,89,83,73,1010.4,1007.9,1005.9,20.5,13.9,10.7,1.2
2008-03-24,29.6,27.3,25.5,24.6,24.1,23.8,91,83,71,1011.5,1008.9,1006.8,14.5,11.7,3.9,2.1
2008-03-25,30.5,27.9,26.5,24.7,24.5,24.2,90,82,71,1010.4,1008.2,1006.2,16.1,12.3,7.2,1.0
2008-03-26,30.7,28.3,26.7,24.9,24.5,23.8,89,80,67,1009.1,1006.9,1005.0,20.2,14.9,9.9,1.1
2008-03-27,31.5,28.3,26.5,25.0,24.6,24.2,91,81,66,1009.2,1006.9,1004.8,21.0,16.8,13.7,2.0
2008-03-28,30.7,27.9,26.1,24.7,24.3,23.9,91,81,69,1008.7,1006.8,1005.1,19.7,15.4,9.7,6.2
2008-03-29,30.5,28.2,26.7,24.9,24.5,24.2,87,81,71,1009.6,1007.0,1005.1,17.1,14.4,10.7,1.3
2008-03-30,30.3,28.1,26.8,25.2,24.8,24.4,90,83,72,1008.1,1006.2,1004.0,17.6,14.2,11.0,3.2
2008-03-31,30.6,27.6,26.5,25.1,24.6,24.1,91,84,70,1007.8,1005.6,1003.9,14.8,12.2,9.5,3.7
2008-04-01,30.4,28.1,26.4,24.4,24.2,23.8,89,80,68,1006.3,1004.5,1003.1,16.5,12.6,7.9,1.3
2008-04-02,29.3,27.5,26.8,25.0,24.5,24.1,90,84,75,1008.0,1005.6,1003.8,14.8,10.1,4.2,9.6
2008-04-03,30.0,27.4,25.9,25.2,24.7,24.1,91,85,75,1008.8,1006.7,1004.4,18.5,10.6,1.5,1.7
2008-04-04,29.2,26.7,25.1,24.8,24.2,23.8,95,87,77,1009.2,1006.9,1003.8,17.8,9.5,0.4,12.4
2008-04-05,27.3,25.6,24.1,24.4,23.8,23.3,98,90,81,1010.1,1007.8,1006.2,9.9,6.0,0.4,24.8
2008-04-06,30.1,27.4,26.2,24.8,24.3,23.9,89,83,74,1010.3,1008.5,1006.7,12.8,7.6,4.1,5.4
2008-04-07,29.6,27.3,25.6,25.1,24.6,24.4,95,86,74,1011.6,1009.4,1007.8,11.0,8.5,5.4,2.2
2008-04-08,29.7,27.7,26.4,24.7,24.3,24.0,89,82,73,1010.9,1008.7,1006.8,14.8,10.3,6.7,1.3
2008-04-09,30.2,27.8,26.1,24.7,24.2,23.8,90,81,69,1010.4,1008.1,1005.7,15.0,11.6,9.2,1.0
2008-04-10,30.3,27.9,26.4,24.6,24.4,24.2,89,82,71,1009.4,1007.1,1005.3,13.8,12.2,9.3,1.9
2008-04-11,29.9,27.5,26.6,25.0,24.3,23.7,87,83,72,1009.0,1006.9,1005.2,18.2,14.1,11.9,3.8
2008-04-12,30.3,27.9,25.7,24.7,24.3,23.8,93,81,69,1008.5,1006.9,1004.6,15.6,10.5,4.2,0.7
2008-04-13,30.2,28.0,26.3,25.0,24.8,24.5,91,83,72,1008.5,1006.2,1004.2,14.0,12.2,9.4,0.8
2008-04-14,29.6,27.7,26.0,25.4,24.9,24.5,92,85,78,1009.1,1006.4,1004.8,14.2,12.8,10.0,4.3
2008-04-15,30.1,27.8,25.6,24.8,24.4,23.2,92,82,68,1009.9,1007.4,1005.8,17.1,14.4,11.0,2.3
2008-04-16,30.6,28.0,25.7,24.7,24.5,24.1,91,82,69,1010.1,1008.1,1006.2,16.8,13.3,7.9,2.2
2008-04-17,31.4,28.4,26.7,25.2,24.5,24.0,89,80,66,1011.6,1008.6,1005.9,16.7,13.4,8.9,3.8
2008-04-18,28.8,26.9,25.9,24.7,24.1,23.7,89,85,76,1011.3,1009.5,1007.7,16.4,9.2,3.0,10.9
2008-04-19,29.6,27.2,24.9,24.7,24.2,23.8,94,84,73,1010.6,1008.8,1007.4,12.4,7.3,1.1,0.4
2008-04-20,30.3,28.0,25.9,24.5,23.9,23.6,90,79,68,1011.0,1008.9,1007.5,14.2,11.6,7.2,0.0
2008-04-21,30.5,28.3,26.3,24.6,24.2,24.0,88,79,68,1009.5,1007.5,1005.5,15.8,13.3,10.3,0.3
2008-04-22,31.4,28.8,26.8,24.9,24.2,23.5,88,77,63,1008.8,1006.6,1003.8,17.9,14.2,12.2,0.0
2008-04-23,30.3,27.9,26.6,24.9,24.5,24.0,87,82,70,1009.5,1007.6,1006.0,21.0,16.3,8.7,10.2
2008-04-24,30.1,27.5,25.0,24.7,24.4,23.8,96,84,72,1009.7,1007.9,1005.1,17.7,9.8,3.7,5.0
2008-04-25,30.3,27.6,25.4,24.7,24.5,23.9,95,84,70,1009.5,1007.1,1004.6,16.4,9.4,3.1,0.4
2008-04-26,29.8,27.7,26.4,25.1,24.4,23.8,92,82,70,1009.1,1006.9,1005.2,17.7,12.3,8.6,6.3
2008-04-27,29.6,27.1,25.6,25.4,24.6,24.0,93,86,77,1010.3,1007.8,1005.9,12.2,6.0,2.3,11.5
2008-04-28,28.6,26.7,25.0,25.2,24.3,23.6,92,87,80,1009.4,1007.5,1005.4,11.5,7.4,4.8,18.1
2008-04-29,29.8,27.4,25.1,25.1,24.5,24.2,95,85,75,1008.5,1006.8,1004.8,15.7,10.0,4.7,2.6
2008-04-30,30.3,28.0,26.5,24.8,24.6,24.2,90,82,71,1008.5,1006.4,1004.6,13.9,10.4,5.8,0.5
2008-05-01,30.3,28.1,26.7,25.1,24.7,24.2,90,82,72,1008.7,1007.0,1005.3,11.2,8.4,2.8,0.9
2008-05-02,30.6,28.2,26.5,25.3,24.8,24.5,91,82,72,1009.7,1007.3,1004.8,15.1,9.1,2.4,0.5
2008-05-03,28.3,27.1,25.6,25.1,24.7,24.2,93,87,82,1010.0,1007.7,1005.7,13.7,8.8,2.1,13.2
2008-05-04,29.4,27.5,25.5,24.6,24.3,23.9,93,83,73,1010.6,1008.7,1006.8,13.5,10.8,5.4,2.5
2008-05-05,30.0,27.8,26.5,25.0,24.6,24.4,90,83,73,1012.3,1009.5,1007.1,11.6,8.4,4.3,0.5
2008-05-06,30.4,28.0,26.7,25.0,24.8,24.5,90,83,71,1011.8,1009.7,1007.5,13.4,9.4,5.0,0.9
2008-05-07,30.5,27.9,25.6,25.2,24.5,24.2,94,82,73,1011.2,1009.1,1006.7,11.6,7.6,2.3,1.0
2008-05-08,30.2,27.6,26.0,25.0,24.2,23.8,89,82,71,1010.4,1008.6,1007.0,12.9,8.9,5.0,8.4
2008-05-09,30.2,27.7,25.1,24.4,24.1,23.9,94,81,69,1010.0,1008.1,1006.7,10.9,8.0,2.6,0.3
2008-05-10,30.1,27.3,26.0,25.1,24.4,23.9,90,84,74,1010.7,1009.1,1007.5,17.4,9.5,4.3,9.7
2008-05-11,30.2,27.6,25.6,25.0,24.7,24.4,94,85,73,1011.6,1009.1,1006.9,13.1,7.4,2.3,3.1
2008-05-12,29.9,27.6,25.8,24.6,24.4,24.2,92,83,72,1010.4,1008.7,1007.2,16.3,8.6,2.6,0.1
2008-05-13,28.2,26.5,25.3,24.5,24.1,23.6,92,87,78,1011.7,1009.9,1008.4,13.2,8.9,3.3,11.8
2008-05-14,29.6,26.6,25.0,24.9,24.1,23.4,91,86,76,1013.6,1010.5,1007.7,11.5,6.3,1.5,11.1
2008-05-15,30.0,27.5,25.6,25.2,24.7,24.4,93,85,75,1011.5,1009.5,1007.2,13.5,7.6,1.1,3.3
2008-05-16,27.7,26.4,24.5,25.0,24.3,23.7,95,89,83,1012.0,1010.2,1008.7,16.4,10.1,3.9,20.1
2008-05-17,29.6,27.1,25.2,25.1,24.5,23.8,96,86,77,1011.4,1010.1,1007.9,12.4,8.0,2.9,5.6
2008-05-18,29.0,26.9,25.2,25.0,24.2,23.9,93,85,79,1011.8,1009.6,1007.1,13.3,7.9,3.0,5.3
2008-05-19,29.5,27.0,25.0,24.6,24.0,23.5,94,84,74,1010.6,1008.9,1006.9,11.8,6.8,2.2,1.2
2008-05-20,29.8,27.4,25.3,24.7,24.1,23.6,92,82,74,1010.6,1008.9,1006.5,15.0,8.1,2.2,0.5
2008-05-21,30.0,27.1,25.3,24.7,24.2,23.9,93,85,72,1010.7,1008.8,1006.3,15.5,9.9,5.5,6.8
2008-05-22,29.5,27.3,25.2,24.6,24.3,24.0,95,84,74,1010.7,1008.7,1006.5,14.4,8.7,1.8,3.0
2008-05-23,29.3,27.1,25.9,24.3,24.2,24.0,90,84,73,1010.9,1008.2,1006.4,16.5,13.6,8.2,9.1
2008-05-24,27.8,25.8,25.2,23.9,23.5,22.9,91,88,79,1010.8,1009.1,1007.5,15.3,10.6,4.0,18.8
2008-05-25,28.3,25.9,24.0,25.1,23.8,22.9,96,88,83,1011.4,1009.9,1008.3,15.6,8.4,2.9,11.0
2008-05-26,29.3,26.9,24.8,23.9,23.5,22.8,92,82,68,1011.9,1009.5,1007.6,12.9,7.4,1.6,0.1
2008-05-27,29.6,27.2,25.2,23.9,23.7,23.0,92,82,69,1010.2,1008.8,1007.1,14.7,8.9,4.3,0.2
2008-05-28,27.7,25.7,24.4,24.9,23.7,22.8,94,89,85,1011.3,1009.0,1007.5,19.4,13.0,7.6,29.7
2008-05-29,28.3,26.0,24.2,25.0,24.0,23.2,96,89,80,1011.6,1009.6,1007.3,10.6,6.3,3.3,4.5
2008-05-30,28.6,26.5,25.1,25.4,24.2,23.7,93,88,83,1012.0,1010.1,1008.5,15.5,9.0,2.9,4.2
2008-05-31,27.5,25.7,23.5,24.6,23.7,22.6,95,89,82,1011.8,1010.2,1008.9,13.3,8.9,1.4,21.0
2008-06-01,29.1,26.6,24.5,24.3,23.9,23.7,96,86,74,1011.5,1009.7,1007.5,12.2,8.1,2.2,0.0
2008-06-02,28.3,26.5,25.4,25.0,24.0,23.7,91,87,82,1011.6,1009.8,1008.1,14.9,11.7,9.1,3.2
2008-06-03,26.9,25.6,24.8,24.1,23.6,23.1,92,89,85,1013.3,1011.1,1009.3,12.9,8.9,3.9,13.3
2008-06-04,27.7,25.7,24.6,23.9,23.5,23.3,93,88,78,1013.6,1011.8,1010.2,10.5,6.0,0.5,3.3
2008-06-05,29.4,26.5,24.1,24.5,23.8,23.5,96,86,74,1012.8,1011.0,1009.2,11.4,6.8,0.8,1.6
2008-06-06,28.8,26.4,25.6,24.8,23.9,23.5,91,87,78,1012.0,1010.6,1009.2,16.9,11.6,6.9,10.9
2008-06-07,27.9,25.7,24.6,24.2,23.4,22.6,92,87,77,1013.6,1011.4,1009.7,16.6,12.4,8.0,10.7
2008-06-08,27.9,26.0,24.3,24.0,23.3,22.8,92,85,77,1012.7,1011.0,1009.3,15.8,10.1,6.4,9.1
2008-06-09,27.8,26.1,24.3,23.9,23.5,23.2,95,86,77,1012.2,1010.7,1008.8,15.6,8.8,5.1,3.2
2008-06-10,26.9,25.7,24.3,25.0,23.9,23.1,94,90,84,1013.0,1011.1,1009.3,12.7,9.8,6.5,7.3
2008-06-11,28.3,26.2,24.3,24.9,23.9,23.5,95,87,81,1013.0,1010.8,1008.7,12.3,8.4,3.9,2.0
2008-06-12,27.8,26.1,24.8,23.9,23.6,23.3,94,86,79,1011.6,1009.9,1008.0,19.3,13.7,10.6,3.3
2008-06-13,27.5,25.7,24.1,24.8,23.7,22.7,94,89,83,1012.4,1010.2,1008.5,12.7,8.1,3.6,9.1
2008-06-14,27.3,25.3,23.9,24.3,23.4,23.0,96,90,81,1013.1,1011.2,1009.7,9.5,6.3,0.7,6.5
2008-06-15,28.2,26.1,24.4,24.7,23.6,22.9,92,86,81,1012.2,1010.4,1008.5,14.8,12.0,9.4,4.5
2008-06-16,27.7,25.4,24.2,24.3,23.4,22.9,93,89,81,1012.1,1010.4,1009.0,15.5,12.6,9.2,13.6
2008-06-17,26.9,25.3,24.4,23.8,23.1,22.6,91,88,82,1012.8,1011.2,1009.5,13.9,10.6,7.3,13.2
2008-06-18,25.9,24.7,23.9,23.7,23.0,22.1,94,90,86,1013.5,1012.1,1010.8,12.7,9.3,5.0,15.6
2008-06-19,27.8,25.3,23.3,22.8,22.1,21.5,92,83,69,1013.8,1012.0,1010.2,15.6,13.1,10.7,0.3
2008-06-20,29.1,26.4,24.3,23.8,22.9,22.3,89,81,73,1012.3,1010.4,1008.0,16.6,12.2,7.7,0.1
2008-06-21,27.2,25.8,24.6,24.2,23.4,23.1,92,87,83,1011.3,1009.8,1008.3,14.0,11.3,8.7,1.9
2008-06-22,27.5,25.5,24.0,23.5,23.0,22.4,92,86,78,1012.9,1010.7,1008.9,16.7,11.5,8.2,11.6
2008-06-23,25.6,24.9,24.0,23.9,23.3,22.8,93,91,86,1012.3,1010.7,1008.9,14.7,9.2,3.9,21.0
2008-06-24,27.0,25.2,23.9,24.2,23.2,22.6,95,89,82,1013.2,1010.9,1008.9,19.9,11.4,6.1,14.1
2008-06-25,25.9,24.8,23.8,23.4,23.0,22.7,95,90,85,1013.2,1011.8,1010.2,13.3,9.5,5.4,12.0
2008-06-26,26.6,24.9,23.7,23.7,23.1,22.7,94,90,83,1014.3,1012.5,1010.9,12.1,7.6,4.3,8.8
2008-06-27,26.4,25.1,24.0,24.2,23.3,22.5,95,90,85,1014.8,1012.7,1010.0,10.5,6.6,0.4,13.7
2008-06-28,27.7,25.4,24.0,24.2,23.2,23.0,94,88,76,1014.1,1012.3,1010.2,13.4,8.0,3.3,6.2
2008-06-29,27.9,25.9,23.6,24.6,23.7,23.0,96,88,82,1013.7,1011.9,1009.5,12.2,6.1,1.5,3.5
2008-06-30,26.9,25.0,23.9,24.0,23.2,22.9,96,90,83,1014.8,1013.0,1011.5,20.3,13.1,8.3,18.9
2008-07-01,28.4,25.7,23.5,24.0,23.1,22.5,94,86,71,1014.5,1012.7,1010.4,13.3,9.6,6.4,1.4
2008-07-02,27.3,25.4,23.6,23.7,23.2,22.5,94,88,79,1014.0,1012.1,1010.0,17.4,12.2,5.5,12.7
2008-07-03,27.6,25.5,24.0,23.5,22.9,22.5,92,86,77,1014.6,1012.4,1010.6,15.6,11.5,8.4,6.3
2008-07-04,27.7,25.4,24.1,23.8,23.1,22.7,93,87,79,1013.6,1012.0,1010.4,16.6,11.5,6.6,3.7
2008-07-05,27.2,25.1,23.7,22.8,22.4,22.1,93,85,74,1014.8,1013.0,1011.6,17.1,12.2,8.5,4.5
2008-07-06,27.2,25.1,23.6,23.4,22.5,22.2,93,86,80,1013.8,1012.1,1010.3,17.1,14.5,12.5,5.0
2008-07-07,25.5,24.3,23.2,23.4,22.6,22.0,94,90,85,1013.7,1011.9,1010.7,16.6,13.3,9.2,26.6
2008-07-08,25.0,24.2,23.2,22.6,22.1,21.8,94,89,83,1014.9,1013.0,1011.7,16.3,13.8,11.3,10.0
2008-07-09,26.0,24.8,23.9,22.4,22.0,21.8,88,84,78,1015.8,1014.0,1012.6,12.4,10.2,7.9,0.0
2008-07-10,27.7,25.5,23.9,23.1,22.7,22.3,92,85,75,1015.7,1013.9,1012.2,16.0,13.3,8.9,1.4
2008-07-11,27.6,25.5,24.0,23.4,22.9,22.6,93,86,78,1015.0,1013.0,1010.7,17.2,14.8,12.5,1.0
2008-07-12,26.5,25.1,24.1,23.2,22.7,22.3,91,86,82,1013.1,1011.3,1009.6,17.4,14.1,10.9,2.1
2008-07-13,27.1,25.4,23.8,23.1,22.6,22.4,92,85,79,1011.8,1010.4,1008.7,14.8,12.7,10.7,2.1
2008-07-14,26.3,25.1,24.2,23.2,22.7,22.3,90,87,82,1012.7,1010.7,1008.9,16.0,12.9,9.2,10.9
2008-07-15,25.6,24.3,23.8,23.8,22.6,22.2,93,90,85,1013.9,1012.0,1010.8,15.0,11.8,7.9,15.2
2008-07-16,26.7,24.8,23.3,24.0,22.7,22.2,94,88,81,1014.3,1012.6,1010.9,15.8,11.9,6.4,4.7
2008-07-17,27.7,25.4,23.8,22.6,22.2,21.7,92,83,71,1013.8,1012.0,1010.3,18.1,14.7,10.7,0.4
2008-07-18,25.1,24.4,23.7,23.3,22.6,22.0,93,90,85,1014.4,1012.3,1010.8,19.0,15.3,11.2,19.9
2008-07-19,26.2,24.6,24.0,23.5,22.7,22.2,92,90,82,1013.9,1012.1,1010.5,16.0,13.2,10.6,11.4
2008-07-20,27.0,24.9,23.3,23.6,22.7,21.9,93,88,81,1014.2,1012.5,1011.0,12.3,10.4,8.0,3.3
2008-07-21,28.2,25.4,23.3,23.6,22.7,22.1,93,85,76,1014.4,1012.2,1009.6,16.6,11.7,6.9,4.4
2008-07-22,25.3,24.2,23.4,23.6,22.8,22.4,96,92,89,1013.3,1011.7,1009.9,17.4,13.7,10.0,40.0
2008-07-23,26.2,24.5,23.3,23.5,22.8,22.2,95,91,84,1014.0,1012.1,1010.8,17.6,13.3,8.0,15.5
2008-07-24,26.6,24.8,23.3,24.1,22.8,22.3,95,89,83,1014.3,1012.7,1011.6,14.2,10.5,7.6,7.4
2008-07-25,27.2,25.3,23.6,23.8,23.1,22.4,94,87,82,1014.5,1012.5,1010.5,17.1,12.8,8.9,4.9
2008-07-26,26.0,24.8,23.6,23.3,22.8,22.4,94,88,83,1014.6,1012.4,1010.9,19.5,16.5,13.5,9.9
2008-07-27,26.3,24.7,23.5,23.8,22.7,22.1,96,88,78,1015.4,1013.9,1012.5,13.9,11.6,8.9,8.2
2008-07-28,27.3,25.1,23.7,22.9,22.4,22.2,92,85,76,1015.1,1013.1,1010.9,13.0,11.2,10.1,1.5
2008-07-29,27.6,25.2,24.2,23.4,22.7,22.3,90,86,78,1013.8,1011.8,1009.8,16.3,13.4,11.2,6.7
2008-07-30,25.9,24.6,23.4,23.1,22.5,22.1,94,89,84,1013.8,1011.4,1009.5,15.3,11.4,4.5,12.3
2008-07-31,26.9,24.8,23.3,23.5,22.6,22.1,93,88,80,1013.3,1011.5,1010.0,15.6,13.2,10.2,5.8
2008-08-01,26.5,24.7,23.9,23.2,22.3,22.0,90,86,80,1013.0,1011.1,1009.1,16.8,14.3,9.4,8.9
2008-08-02,26.5,24.8,23.7,23.2,22.5,22.1,91,87,81,1013.4,1011.1,1008.9,18.2,13.4,10.5,6.0
2008-08-03,26.3,24.7,23.4,23.1,22.4,21.9,92,87,81,1012.9,1011.0,1009.3,16.1,13.6,10.5,13.1
2008-08-04,27.1,25.2,23.8,23.3,22.5,22.1,91,85,78,1013.5,1011.3,1009.3,14.5,11.8,9.3,0.3
2008-08-05,28.0,25.7,24.2,22.9,22.5,22.4,90,83,72,1013.7,1011.6,1009.5,19.4,14.4,11.6,0.0
2008-08-06,27.0,25.3,24.0,23.5,22.8,22.5,92,86,81,1012.5,1010.9,1008.9,16.8,13.6,10.0,2.1
2008-08-07,25.9,24.6,23.5,23.3,22.5,22.1,93,89,85,1012.1,1010.5,1008.8,17.4,13.1,9.3,20.3
2008-08-08,25.7,24.1,23.1,23.4,22.5,21.8,96,91,83,1013.7,1011.4,1010.0,17.2,13.0,10.6,13.8
2008-08-09,26.9,24.9,23.4,23.7,22.7,22.1,94,88,78,1014.4,1012.2,1011.0,15.7,11.7,7.0,1.6
2008-08-10,27.7,25.2,23.3,22.3,22.0,21.9,92,83,71,1013.4,1011.4,1009.1,17.4,13.0,9.4,0.1
2008-08-11,27.8,25.3,23.7,23.2,22.6,22.2,92,85,76,1012.0,1009.7,1006.6,19.9,14.9,12.1,0.7
2008-08-12,27.0,25.3,24.3,22.9,22.6,22.3,91,85,77,1011.2,1009.4,1007.4,22.2,17.7,13.2,1.5
2008-08-13,26.3,24.9,23.8,23.4,22.7,22.3,92,88,82,1013.3,1011.2,1010.0,18.9,14.3,10.4,4.3
2008-08-14,26.9,24.8,23.5,22.8,22.6,22.4,95,88,76,1013.8,1012.2,1010.1,20.3,16.5,10.5,1.9
2008-08-15,27.0,24.8,23.8,22.9,22.4,22.1,91,87,78,1013.6,1011.3,1008.7,23.9,21.1,18.2,6.7
2008-08-16,25.7,24.5,23.7,22.2,21.9,21.5,89,85,80,1011.8,1009.8,1008.4,26.8,21.1,17.4,3.7
2008-08-17,26.7,24.8,23.7,22.6,21.9,21.2,88,84,78,1012.1,1010.3,1008.7,21.5,18.3,12.9,3.5
2008-08-18,26.7,24.7,23.2,22.3,21.9,21.6,92,85,75,1012.3,1010.7,1008.8,19.2,17.3,13.0,0.2
2008-08-19,27.0,25.0,23.4,22.4,22.1,21.9,92,85,76,1012.6,1010.8,1009.0,17.7,15.3,13.7,0.5
2008-08-20,27.2,25.0,23.6,22.8,22.4,22.0,91,86,76,1012.7,1010.7,1009.1,16.1,13.7,11.8,0.2
2008-08-21,27.2,25.2,23.9,23.4,22.7,22.3,92,86,80,1012.9,1010.8,1008.0,16.5,13.9,11.3,1.1
2008-08-22,26.6,24.9,24.1,22.8,22.4,22.2,91,86,80,1012.7,1011.1,1009.2,17.7,13.7,11.6,3.4
2008-08-23,26.5,24.6,23.2,23.1,22.5,21.7,94,88,81,1013.8,1012.1,1010.6,13.8,9.4,6.9,2.7
2008-08-24,28.2,25.3,23.5,23.2,22.8,22.2,94,86,72,1014.2,1011.7,1009.5,12.3,10.5,5.5,0.5
2008-08-25,27.5,24.8,23.7,23.7,22.9,22.5,95,89,77,1012.1,1010.5,1008.1,15.9,12.5,6.5,11.3
2008-08-26,27.7,25.3,24.0,24.0,22.7,22.1,91,86,76,1012.2,1010.4,1008.2,17.9,12.4,8.4,3.4
2008-08-27,27.7,25.3,23.4,23.3,22.8,22.3,94,86,75,1012.1,1010.0,1008.0,14.5,11.4,9.2,3.3
2008-08-28,26.1,24.4,23.5,23.2,22.7,22.3,94,90,83,1011.5,1009.3,1007.3,20.2,12.9,6.8,16.4
2008-08-29,25.5,24.2,23.4,23.6,22.7,22.2,94,91,88,1012.7,1010.3,1008.9,16.9,14.0,10.8,10.8
2008-08-30,26.6,24.5,23.3,23.3,22.6,21.9,94,89,80,1013.4,1011.4,1008.8,16.2,10.8,8.2,10.1
2008-08-31,25.8,24.7,23.7,23.5,22.8,22.4,93,89,85,1012.3,1010.3,1008.4,13.6,11.4,8.7,8.3
2008-09-01,27.2,25.0,23.7,23.4,22.7,22.4,93,88,78,1011.7,1009.7,1007.5,18.4,13.3,10.7,5.2
2008-09-02,25.5,24.5,23.7,23.2,22.6,22.0,91,89,86,1012.2,1010.3,1008.9,14.7,10.3,6.5,13.6
2008-09-03,27.6,24.9,23.4,23.4,22.8,22.4,95,88,77,1012.6,1010.1,1008.5,16.6,13.3,8.3,5.1
2008-09-04,24.8,24.0,23.4,23.5,22.9,22.4,96,94,92,1013.3,1010.2,1008.8,17.0,12.8,7.4,24.8
2008-09-05,25.9,24.5,23.6,23.0,22.8,22.6,94,90,84,1013.9,1012.4,1011.1,13.8,10.6,8.3,2.8
2008-09-06,28.1,25.5,23.6,23.9,23.2,22.7,96,88,75,1014.4,1011.9,1009.6,13.7,8.0,1.1,0.4
2008-09-07,28.1,25.7,24.2,23.8,23.3,23.0,94,87,75,1012.9,1011.0,1009.3,17.0,13.4,10.8,0.9
2008-09-08,27.5,25.7,24.4,23.4,23.2,23.1,93,87,78,1012.9,1010.9,1009.1,18.6,15.1,12.5,2.1
2008-09-09,27.8,25.7,23.9,23.4,23.1,22.8,96,86,74,1014.7,1012.3,1009.9,17.3,12.9,9.0,0.6
2008-09-10,27.6,25.5,24.2,23.7,23.2,22.8,93,88,79,1014.7,1012.2,1010.4,19.1,14.5,12.5,4.8
2008-09-11,26.3,24.7,23.5,23.2,22.6,22.1,93,88,81,1013.8,1011.6,1010.2,20.0,15.4,10.5,18.0
2008-09-12,27.3,25.2,23.5,23.9,22.9,22.4,95,87,79,1013.9,1011.0,1009.4,19.9,14.4,6.6,1.6
2008-09-13,27.5,25.6,24.2,23.3,22.8,22.4,90,84,77,1013.6,1011.0,1009.1,18.4,13.7,10.2,0.2
2008-09-14,27.7,25.5,24.2,23.5,23.0,22.7,92,86,76,1013.6,1011.5,1009.7,18.5,14.7,10.2,2.3
2008-09-15,26.5,24.9,23.7,23.7,22.9,22.5,94,88,82,1014.5,1012.4,1010.6,17.1,13.0,9.3,14.4
2008-09-16,26.7,25.2,23.9,23.4,23.0,22.5,94,88,81,1014.5,1012.2,1010.0,12.2,8.6,4.0,1.7
2008-09-17,29.0,25.9,24.3,24.0,23.2,22.7,93,86,71,1012.8,1010.0,1006.9,18.6,12.3,5.1,1.3
2008-09-18,26.3,24.9,23.6,23.3,23.1,22.9,97,90,83,1012.2,1010.6,1009.3,12.9,6.5,0.0,10.0
2008-09-19,26.9,25.2,24.1,23.9,23.3,23.1,95,90,81,1012.9,1011.4,1010.0,14.1,9.5,6.3,7.4
2008-09-20,27.3,25.2,23.8,23.8,23.4,23.0,96,90,81,1014.4,1011.7,1009.0,15.9,11.1,6.4,7.8
2008-09-21,27.1,25.5,24.0,23.5,23.4,23.1,96,88,81,1013.4,1011.2,1009.1,14.2,11.2,6.2,4.2
2008-09-22,28.0,25.6,24.0,24.6,23.4,22.8,95,88,81,1013.3,1011.5,1009.7,12.0,8.0,2.1,10.2
2008-09-23,28.3,25.7,24.2,24.8,23.6,23.2,96,88,81,1012.6,1010.9,1009.0,14.5,7.1,2.5,4.1
2008-09-24,28.4,26.0,24.3,24.7,23.8,23.4,96,88,80,1012.7,1010.6,1008.3,12.0,6.1,1.8,2.1
2008-09-25,28.2,26.0,23.9,24.5,23.6,23.0,95,87,77,1012.2,1010.3,1007.9,15.6,8.4,0.0,2.3
2008-09-26,27.4,25.5,24.7,23.9,23.3,22.6,92,88,81,1012.6,1010.3,1008.4,12.6,10.2,4.8,9.1
2008-09-27,26.8,25.1,23.6,24.3,23.0,22.7,95,88,81,1012.9,1010.5,1008.4,14.8,10.4,3.9,31.8
2008-09-28,28.6,26.1,24.6,23.8,23.2,22.9,91,85,73,1013.1,1010.9,1009.2,14.9,10.8,5.3,2.4
2008-09-29,28.1,26.0,24.5,23.5,23.3,23.0,93,85,74,1013.9,1011.7,1009.7,12.9,8.8,5.5,1.6
2008-09-30,28.2,26.0,24.2,23.9,23.4,23.0,93,86,76,1013.9,1011.8,1009.0,13.4,8.9,5.1,5.0
2008-10-01,28.7,25.9,24.5,24.6,23.5,23.1,92,87,78,1014.0,1011.5,1009.0,14.7,9.4,4.3,5.0
2008-10-02,28.0,26.2,24.4,24.7,23.7,23.1,93,87,79,1013.6,1010.8,1008.2,15.3,11.8,7.7,0.7
2008-10-03,28.5,26.1,24.5,23.9,23.5,23.1,94,86,76,1011.4,1009.6,1007.8,14.6,10.9,5.9,3.3
2008-10-04,27.8,25.9,24.1,24.1,23.3,22.8,94,86,80,1011.9,1009.5,1007.3,14.0,9.2,4.4,5.8
2008-10-05,28.5,26.2,24.3,23.9,23.5,23.0,94,85,73,1010.2,1008.3,1005.9,12.1,8.7,5.7,2.7
2008-10-06,27.4,25.8,24.0,24.0,23.3,22.4,93,86,79,1011.7,1009.6,1008.0,11.4,6.1,1.3,7.7
2008-10-07,28.2,25.8,23.8,23.9,23.2,22.7,94,86,75,1012.3,1010.4,1008.2,17.6,12.5,5.2,8.5
2008-10-08,28.2,25.9,23.9,24.4,23.5,22.2,93,87,78,1012.5,1010.4,1008.3,18.6,12.5,7.1,9.3
2008-10-09,28.0,26.1,24.8,24.6,23.6,23.2,92,87,79,1011.0,1009.0,1006.9,15.4,13.1,10.3,5.8
2008-10-10,27.2,25.3,24.0,24.3,23.2,22.7,93,88,80,1011.9,1009.5,1007.3,16.9,12.2,8.3,7.0
2008-10-11,26.1,24.7,23.5,23.8,23.1,22.6,95,91,86,1013.5,1011.5,1010.0,14.1,7.4,1.6,17.5
2008-10-12,28.5,25.4,23.6,24.4,23.4,23.0,96,89,79,1014.2,1011.5,1009.2,10.3,6.9,2.3,5.1
2008-10-13,28.9,26.1,23.7,24.4,23.7,23.0,96,87,77,1011.9,1010.1,1007.8,13.2,9.8,7.6,1.8
2008-10-14,28.6,26.2,24.8,25.2,23.9,23.1,93,87,79,1011.7,1009.7,1007.6,15.9,9.6,6.4,2.1
2008-10-15,28.2,26.0,24.5,24.5,23.6,23.2,94,87,80,1013.4,1011.0,1008.7,11.2,7.3,1.5,5.3
2008-10-16,28.8,26.3,24.1,24.5,23.8,23.4,97,86,78,1014.2,1011.5,1008.6,13.5,7.1,4.3,4.6
2008-10-17,27.4,25.7,23.8,24.4,23.6,22.9,96,88,80,1012.1,1010.7,1008.2,12.9,8.1,4.3,5.0
2008-10-18,29.1,26.3,23.6,24.6,23.8,23.0,96,87,77,1012.0,1010.5,1008.8,11.2,5.5,1.4,1.4
2008-10-19,28.0,26.2,24.4,24.2,23.9,23.7,96,87,78,1013.2,1011.2,1009.4,12.0,7.3,3.2,0.1
2008-10-20,29.4,26.7,25.0,24.5,24.0,23.6,92,85,72,1013.2,1011.3,1009.6,15.2,12.1,8.4,0.8
2008-10-21,28.9,26.6,25.4,24.9,24.1,23.7,91,86,78,1012.8,1010.8,1008.8,19.4,15.0,11.5,2.5
2008-10-22,27.2,25.7,24.4,23.7,23.4,23.0,93,87,81,1013.9,1011.4,1009.8,16.0,8.8,4.1,2.6
2008-10-23,28.7,26.3,24.1,24.4,23.7,23.2,96,86,76,1013.0,1011.0,1009.3,9.4,6.3,1.1,2.6
2008-10-24,29.8,26.9,24.4,24.5,23.9,23.4,94,84,71,1012.7,1010.7,1008.5,12.1,8.1,4.3,0.7
2008-10-25,28.9,26.9,25.8,25.1,24.4,24.2,92,86,78,1012.3,1010.1,1008.1,16.8,12.2,7.6,1.0
2008-10-26,28.5,26.6,25.2,24.9,24.3,24.0,94,87,81,1012.2,1010.2,1008.3,17.1,12.8,9.4,0.5
2008-10-27,28.1,26.5,25.3,24.6,24.1,23.7,93,87,81,1012.9,1010.8,1009.2,12.6,9.4,5.8,3.2
2008-10-28,28.0,26.5,25.2,24.8,24.0,23.7,92,86,80,1013.2,1010.8,1008.6,9.4,6.4,3.3,4.9
2008-10-29,28.2,26.2,24.9,25.3,24.2,23.6,94,89,83,1012.8,1010.6,1008.7,8.4,5.4,1.5,7.8
2008-10-30,28.9,26.2,24.2,24.9,24.0,23.6,96,88,77,1011.7,1010.1,1008.3,11.4,7.6,4.8,6.6
2008-10-31,29.2,26.4,24.7,24.6,23.9,23.5,94,87,74,1011.9,1009.8,1007.8,13.6,9.6,5.2,15.3
2008-11-01,29.4,27.0,25.2,24.8,24.2,24.0,93,85,75,1011.5,1009.3,1007.6,11.1,8.6,5.4,2.1
2008-11-02,29.3,27.2,25.4,25.9,24.7,24.3,94,86,79,1011.6,1009.5,1007.9,12.5,8.5,3.2,0.5
2008-11-03,28.0,26.3,24.7,25.1,24.0,23.1,94,88,82,1011.7,1009.8,1008.4,13.8,9.3,4.5,7.2
2008-11-04,29.4,27.0,24.7,24.6,23.9,23.5,93,84,71,1012.0,1010.2,1007.7,13.3,9.6,4.3,3.7
2008-11-05,29.6,27.2,25.1,24.8,24.3,24.1,95,84,73,1011.7,1009.6,1007.4,13.6,9.6,4.9,2.3
2008-11-06,29.3,27.1,25.2,24.2,24.0,23.7,93,84,74,1011.0,1009.2,1007.7,14.3,10.6,7.2,2.0
2008-11-07,29.1,26.8,24.4,24.8,24.0,23.4,94,85,74,1009.9,1008.1,1006.0,14.7,10.2,6.0,0.5
2008-11-08,29.3,26.9,25.4,24.5,24.1,23.8,92,85,72,1010.4,1008.4,1006.4,14.0,9.6,1.3,0.7
2008-11-09,29.4,27.1,24.7,24.1,23.9,23.5,95,83,72,1011.4,1009.7,1007.8,13.9,9.9,5.8,1.1
2008-11-10,28.6,26.4,25.5,24.3,23.9,23.5,91,86,78,1013.3,1010.4,1008.4,13.5,9.6,6.9,7.7
2008-11-11,29.7,27.0,25.8,24.8,24.0,23.7,90,84,74,1013.2,1011.0,1008.9,13.8,10.7,8.0,1.1
2008-11-12,29.0,26.9,24.8,25.0,24.3,23.7,94,86,78,1012.2,1010.0,1007.4,12.4,7.6,2.7,0.4
2008-11-13,28.8,26.8,25.2,25.0,24.1,23.6,92,86,76,1011.5,1009.5,1007.7,11.8,7.5,1.9,0.9
2008-11-14,28.8,26.9,25.1,24.8,24.2,23.6,93,86,77,1011.1,1008.5,1006.1,11.2,6.0,0.8,0.8
2008-11-15,30.5,27.4,25.0,24.7,24.3,23.9,95,84,68,1009.8,1007.3,1004.8,15.3,8.7,1.1,0.3
2008-11-16,30.3,27.4,25.2,24.5,23.8,22.7,95,81,64,1009.1,1007.3,1005.3,14.1,9.0,2.9,0.0
2008-11-17,31.1,28.1,26.1,24.5,24.0,23.5,89,79,64,1008.8,1007.1,1004.6,18.0,11.3,5.6,0.0
2008-11-18,30.4,27.8,26.7,24.9,24.5,24.2,89,83,71,1009.1,1007.0,1004.9,18.3,13.2,11.0,0.8
2008-11-19,29.0,26.9,25.6,24.8,24.1,23.3,91,85,78,1010.1,1008.0,1006.3,13.5,10.3,6.6,6.1
2008-11-20,29.0,26.9,25.4,24.6,24.0,23.5,93,84,74,1012.7,1010.4,1008.8,12.8,9.2,4.6,2.5
2008-11-21,29.7,27.2,24.8,24.9,24.3,23.7,94,85,75,1013.6,1011.3,1009.3,11.0,7.5,4.7,0.8
2008-11-22,29.1,27.2,25.6,25.4,24.7,24.4,93,86,80,1012.4,1010.0,1008.1,13.4,8.8,5.2,0.9
2008-11-23,30.5,27.8,25.4,24.9,24.6,24.1,95,83,70,1010.3,1008.2,1005.9,14.5,9.3,4.4,0.8
2008-11-24,30.6,28.1,26.2,24.6,24.3,23.8,91,80,67,1011.1,1008.9,1006.9,15.4,11.7,8.3,0.3
2008-11-25,29.5,27.7,26.3,25.1,24.7,24.4,91,84,77,1012.2,1009.9,1008.2,13.4,9.9,6.6,1.1
2008-11-26,30.0,27.8,25.4,25.1,24.7,24.4,94,84,74,1012.5,1010.2,1007.9,12.9,8.7,3.9,0.0
2008-11-27,31.1,28.4,26.4,25.0,24.7,24.2,91,81,68,1010.9,1008.7,1006.0,16.8,10.6,5.1,0.5
2008-11-28,30.4,28.1,26.4,25.2,24.9,24.4,91,83,72,1009.9,1007.6,1005.2,14.7,11.4,7.9,0.5
2008-11-29,30.2,27.7,26.2,25.4,24.9,24.2,93,85,75,1010.8,1008.4,1006.7,16.3,11.4,6.3,1.9
2008-11-30,30.2,27.7,26.0,24.7,24.3,23.7,92,82,70,1011.5,1009.5,1007.8,16.0,12.3,8.4,1.1
2008-12-01,29.8,27.9,26.7,25.0,24.6,24.4,88,83,75,1011.8,1009.6,1007.9,14.8,12.6,10.5,0.4
2008-12-02,29.4,27.4,26.2,25.0,24.4,24.0,90,84,76,1011.4,1009.5,1007.4,17.5,12.7,10.2,0.8
2008-12-03,28.2,26.6,25.2,24.3,23.9,23.4,93,85,80,1010.3,1008.2,1005.9,15.8,12.4,5.2,8.9
2008-12-04,28.5,26.9,25.3,24.3,23.8,23.4,92,83,77,1009.7,1007.6,1006.3,13.7,10.4,7.6,2.4
2008-12-05,28.5,26.3,24.3,24.4,23.7,23.2,95,86,77,1012.0,1009.2,1007.4,10.5,7.4,3.0,11.3
2008-12-06,27.9,25.9,23.9,24.6,23.6,22.9,95,88,77,1012.1,1010.8,1008.6,10.5,6.0,1.9,15.5
2008-12-07,28.2,26.2,24.2,24.7,24.0,23.4,96,88,80,1013.3,1010.7,1008.7,12.6,7.2,2.9,4.9
2008-12-08,29.3,26.9,24.8,24.3,23.8,23.3,95,84,70,1013.0,1010.7,1008.5,14.2,7.9,2.6,0.2
2008-12-09,29.6,27.1,24.6,24.4,24.1,23.8,96,84,72,1011.9,1009.8,1007.6,12.7,9.8,5.8,1.2
2008-12-10,29.7,27.1,25.1,25.0,24.4,23.9,94,85,74,1012.3,1009.7,1007.6,12.2,8.9,4.7,0.9
2008-12-11,29.1,26.8,24.6,24.7,24.1,23.6,96,85,77,1013.0,1010.8,1008.7,11.6,8.6,3.7,2.2
2008-12-12,29.4,27.0,24.7,24.5,24.1,23.7,95,84,75,1011.7,1009.9,1007.5,14.6,9.6,4.3,1.2
2008-12-13,29.5,27.0,25.2,24.3,24.1,23.7,94,84,73,1011.3,1009.2,1007.1,15.4,10.6,5.6,1.3
2008-12-14,29.8,27.4,25.4,24.7,24.2,23.7,93,83,71,1010.2,1008.6,1006.4,12.0,7.9,2.6,0.4
2008-12-15,29.8,27.4,25.7,24.6,24.2,23.6,92,83,72,1009.4,1007.8,1005.8,14.0,11.4,6.5,0.7
2008-12-16,28.6,26.8,25.6,25.1,24.4,24.0,92,87,79,1009.2,1007.9,1006.2,16.6,12.0,7.7,0.5
2008-12-17,29.4,27.1,25.0,24.7,24.2,23.8,94,84,75,1009.8,1007.9,1005.9,14.4,11.5,8.6,1.4
2008-12-18,30.5,27.7,25.8,24.9,24.3,23.0,93,82,64,1008.6,1006.7,1004.6,12.7,9.4,7.0,0.0
2008-12-19,30.6,28.0,26.3,24.8,24.4,23.6,92,81,69,1008.8,1006.9,1005.1,12.4,10.0,8.2,0.2
2008-12-20,30.0,27.7,26.1,25.0,24.7,24.4,91,84,74,1008.6,1006.6,1004.7,11.9,6.9,2.0,0.6
2008-12-21,31.2,27.9,25.4,25.1,24.5,23.3,96,83,63,1009.2,1007.3,1005.8,14.3,9.1,4.4,0.2
2008-12-22,31.0,27.8,25.9,25.2,24.3,22.2,93,82,60,1011.2,1008.7,1006.4,15.8,10.5,5.7,0.0
2008-12-23,31.3,27.8,25.6,25.3,23.4,20.0,97,79,51,1011.7,1009.2,1007.1,13.1,8.1,0.8,0.0
2008-12-24,31.6,27.4,24.4,24.4,22.6,18.8,98,77,47,1011.9,1009.2,1006.9,11.5,8.4,2.5,0.0
2008-12-25,30.7,27.2,23.6,23.8,22.4,20.3,96,76,54,1011.3,1008.9,1006.7,14.4,7.5,0.8,0.0
2008-12-26,31.3,27.6,23.7,23.8,22.9,21.7,95,77,57,1010.4,1007.9,1004.9,14.1,8.0,2.3,0.0
2008-12-27,31.0,27.1,23.5,24.0,22.7,20.7,97,78,54,1009.6,1007.1,1004.4,13.5,6.6,1.0,0.0
2008-12-28,31.3,27.3,23.7,24.1,23.1,21.5,97,79,56,1008.8,1006.6,1004.6,15.3,8.1,1.8,0.0
2008-12-29,31.9,27.6,24.6,24.2,23.2,21.2,95,79,53,1009.6,1007.2,1004.8,18.2,10.1,4.3,0.0
2008-12-30,30.9,27.8,25.7,24.7,23.9,23.4,91,80,65,1010.5,1008.2,1006.6,16.0,12.6,9.7,0.3
2008-12-31,30.9,27.7,25.8,25.1,24.4,23.2,95,83,64,1011.1,1008.8,1006.8,15.8,11.0,5.5,0.6
2009-01-01,29.8,27.3,25.8,25.1,24.2,22.7,95,84,66,1011.0,1009.1,1006.7,16.7,9.7,3.7,0.4
2009-01-02,29.3,27.0,25.6,24.5,23.7,22.7,93,83,68,1012.5,1009.9,1007.7,16.6,9.2,1.4,0.5
2009-01-03,30.6,27.4,25.0,24.4,23.6,22.2,96,81,61,1012.0,1009.8,1007.5,13.2,7.8,1.0,0.2
2009-01-04,31.0,27.7,25.5,24.5,23.6,21.9,93,79,59,1011.5,1009.2,1006.5,16.4,9.6,4.3,0.2
2009-01-05,31.0,27.7,25.8,24.9,24.0,22.5,92,81,61,1011.6,1009.2,1006.4,15.7,12.2,6.1,0.3
2009-01-06,31.4,27.8,26.0,25.0,24.5,23.7,93,83,64,1010.0,1007.8,1004.9,17.4,12.1,7.6,1.0
2009-01-07,31.1,27.9,26.1,25.0,24.4,23.3,93,82,65,1008.5,1006.7,1004.3,16.8,13.0,8.0,0.5
2009-01-08,30.2,27.6,26.1,24.9,24.3,23.6,93,83,70,1010.4,1007.8,1005.9,22.1,15.9,10.9,1.1
2009-01-09,28.8,27.1,25.3,24.6,24.1,23.7,92,84,75,1012.1,1009.9,1007.5,16.7,13.6,8.7,3.1
2009-01-10,30.5,27.5,25.9,25.1,24.2,23.6,90,83,68,1012.7,1010.7,1007.9,14.8,10.6,7.5,4.0
2009-01-11,29.2,27.1,26.3,25.1,24.7,23.8,92,87,76,1011.6,1009.7,1007.4,15.3,10.4,7.2,5.0
2009-01-12,29.2,26.8,25.5,24.7,24.3,23.8,93,86,76,1011.4,1009.7,1008.1,14.8,11.1,5.9,4.1
2009-01-13,30.0,27.1,25.6,24.6,24.1,23.6,91,84,69,1011.6,1009.5,1007.6,9.4,7.6,5.4,1.3
2009-01-14,30.6,27.3,25.6,24.9,24.5,23.6,94,85,66,1011.2,1008.5,1005.8,16.9,10.7,4.5,0.7
2009-01-15,31.2,27.8,25.7,24.8,24.1,22.7,93,81,61,1010.9,1008.0,1005.4,19.0,12.7,8.5,0.3
2009-01-16,30.7,27.9,26.3,24.7,24.2,23.3,90,81,66,1010.1,1008.0,1006.4,19.6,16.9,14.0,2.1
2009-01-17,30.8,27.7,26.4,25.0,24.4,23.7,91,83,66,1010.5,1008.6,1007.0,22.0,16.9,12.6,3.2
2009-01-18,30.4,27.8,26.2,24.9,24.4,23.7,90,82,70,1011.4,1009.1,1006.9,19.2,15.6,11.8,0.9
2009-01-19,30.2,27.4,25.6,24.7,24.1,23.7,90,82,68,1011.8,1009.7,1007.3,19.2,16.4,13.4,3.0
2009-01-20,30.9,27.7,25.7,24.3,23.1,21.1,91,77,56,1011.2,1009.0,1006.3,15.0,13.0,10.7,0.6
2009-01-21,31.9,27.7,24.3,23.3,21.1,18.0,94,69,44,1010.9,1008.7,1006.5,12.6,8.3,2.9,0.0
2009-01-22,32.7,28.0,24.1,23.2,20.1,15.5,89,65,36,1012.2,1009.3,1006.6,13.4,7.8,2.2,0.0
2009-01-23,33.1,27.8,23.7,23.8,15.4,5.4,92,54,19,1011.5,1009.2,1007.0,15.1,8.5,1.0,0.0
2009-01-24,31.9,26.8,22.3,20.6,16.5,9.6,83,57,26,1011.0,1009.3,1007.6,13.4,8.7,2.8,0.0
2009-01-25,31.8,27.0,22.3,22.6,19.5,15.2,90,66,37,1011.7,1009.6,1007.1,16.6,10.6,5.4,0.0
2009-01-26,31.7,27.3,23.5,24.0,22.4,20.5,95,77,52,1011.9,1009.7,1007.9,14.8,9.8,0.7,0.0
2009-01-27,31.4,27.5,25.3,24.4,23.5,22.0,94,80,58,1012.4,1010.0,1008.0,16.7,11.9,8.5,0.0
2009-01-28,31.0,27.8,25.9,24.9,24.0,22.8,92,81,62,1011.0,1009.2,1006.7,18.4,14.3,10.9,0.0
2009-01-29,30.9,27.8,25.8,24.9,24.4,23.6,95,82,67,1011.3,1009.2,1007.2,14.7,12.4,10.0,1.0
2009-01-30,30.9,27.8,26.0,24.9,24.5,23.7,93,83,67,1011.2,1009.0,1007.2,14.6,11.0,7.7,1.7
2009-01-31,30.2,27.5,25.6,24.8,24.2,23.3,92,83,68,1011.0,1008.8,1006.8,14.5,9.8,7.1,1.1
2009-02-01,31.2,27.9,25.6,24.4,23.8,23.0,93,79,62,1010.5,1008.5,1006.6,16.4,10.6,3.2,0.4
2009-02-02,30.7,27.7,26.1,24.6,24.1,23.4,90,81,67,1011.1,1009.1,1007.5,16.5,13.1,9.8,1.2
2009-02-03,29.9,27.7,26.1,24.8,24.4,23.9,91,83,72,1012.2,1009.8,1007.7,15.9,12.7,8.7,1.1
2009-02-04,30.6,27.9,26.3,25.0,24.5,23.5,91,83,69,1010.9,1009.1,1007.3,17.7,13.5,9.4,1.2
2009-02-05,30.7,28.0,26.3,25.0,24.5,23.7,91,82,67,1011.8,1009.4,1007.8,17.2,12.3,6.8,0.9
2009-02-06,31.2,28.1,26.2,24.8,24.3,23.3,92,81,63,1011.4,1009.4,1007.8,21.5,14.9,10.9,0.8
2009-02-07,31.2,28.0,26.5,24.7,24.4,23.8,89,81,67,1010.7,1009.1,1007.3,21.4,16.4,10.8,2.5
2009-02-08,31.1,28.4,26.5,24.8,24.3,23.5,89,79,65,1011.0,1008.9,1006.5,19.9,16.0,12.4,1.3
2009-02-09,30.7,28.2,26.5,24.9,24.2,23.6,90,80,68,1011.6,1009.6,1007.7,18.9,14.6,12.0,0.5
2009-02-10,31.0,28.2,26.4,24.5,24.1,23.5,90,79,64,1011.9,1010.0,1008.6,13.6,10.3,6.8,1.4
2009-02-11,30.8,27.9,26.4,24.8,24.5,23.9,91,82,69,1011.0,1008.8,1007.0,15.5,11.8,8.8,2.3
2009-02-12,31.6,28.2,26.0,24.8,24.2,23.0,93,80,61,1009.4,1007.6,1005.7,16.3,11.6,5.8,0.0
2009-02-13,31.3,27.9,25.7,25.0,24.2,23.4,94,81,64,1008.4,1006.1,1003.9,17.9,12.5,5.9,0.7
2009-02-14,30.4,27.6,26.4,25.1,24.5,23.8,91,84,70,1008.6,1006.9,1005.5,16.2,14.5,12.1,4.8
2009-02-15,29.4,27.6,26.3,24.6,23.7,22.9,88,80,68,1008.4,1006.9,1005.4,15.8,11.7,5.6,0.2
2009-02-16,30.9,27.9,25.9,23.9,23.3,22.5,87,77,62,1008.7,1007.0,1005.3,16.6,11.9,6.8,0.5
2009-02-17,29.8,27.5,25.9,24.0,23.7,23.0,88,80,70,1010.2,1007.8,1005.8,15.6,11.2,5.2,4.8
2009-02-18,31.3,27.9,25.9,24.0,23.4,22.6,89,77,62,1009.4,1007.3,1005.6,15.3,10.6,6.4,0.9
2009-02-19,31.1,28.1,26.1,23.9,23.5,22.9,87,77,63,1009.4,1007.1,1005.0,19.2,13.0,7.1,0.5
2009-02-20,31.6,28.2,26.1,24.5,24.1,23.6,89,79,64,1009.0,1006.9,1004.5,19.5,15.3,11.9,0.5
2009-02-21,31.0,28.2,26.3,24.7,24.3,23.7,91,80,66,1009.7,1007.6,1006.1,18.3,15.9,12.3,2.4
2009-02-22,30.3,27.9,26.2,24.8,24.3,23.8,92,81,70,1009.8,1007.8,1006.3,16.6,13.3,9.8,1.7
2009-02-23,31.4,28.1,26.3,24.7,24.4,23.8,89,81,65,1007.4,1005.6,1003.7,19.5,14.3,9.2,1.8
2009-02-24,30.6,28.1,26.2,24.9,24.3,23.7,90,80,68,1007.9,1006.0,1004.1,18.0,14.0,10.8,1.2
2009-02-25,31.6,28.4,26.5,24.9,24.3,23.6,90,79,64,1009.1,1006.9,1004.9,17.6,11.4,6.5,0.8
2009-02-26,31.6,28.4,26.6,24.9,24.3,23.5,89,79,63,1008.9,1007.4,1006.0,15.0,13.3,9.7,0.8
2009-02-27,30.6,28.0,26.6,24.5,24.3,23.7,88,80,67,1009.8,1007.6,1005.8,14.7,12.3,9.3,1.6
2009-02-28,30.5,28.0,26.4,24.8,24.4,23.9,89,81,68,1010.0,1008.1,1006.5,14.7,12.1,9.7,2.5
2009-03-01,31.4,28.3,26.6,25.0,24.7,24.5,89,81,68,1011.2,1009.4,1008.0,14.7,10.8,7.2,1.6
2009-03-02,30.1,28.0,26.3,25.0,24.6,24.3,91,82,72,1010.8,1009.0,1007.1,16.1,11.4,5.4,2.8
2009-03-03,30.5,28.2,26.6,25.3,24.9,24.4,90,82,71,1010.0,1008.3,1006.2,15.8,11.4,6.6,1.5
2009-03-04,31.5,28.5,26.5,25.2,24.7,24.3,92,80,66,1009.7,1007.9,1005.9,18.0,13.8,10.3,0.8
2009-03-05,31.5,28.6,26.8,25.1,24.7,24.2,89,80,66,1009.9,1007.6,1005.5,16.0,13.0,10.0,1.2
2009-03-06,31.3,28.7,26.9,25.2,24.8,24.3,89,80,67,1009.4,1007.4,1005.6,19.2,15.3,11.6,1.1
2009-03-07,32.0,28.8,26.8,25.2,24.6,23.9,90,79,63,1009.7,1007.5,1005.2,19.9,16.2,11.8,1.0
2009-03-08,30.9,28.2,26.9,25.2,24.7,24.0,89,82,69,1010.0,1007.8,1006.3,16.8,13.0,6.9,3.0
2009-03-09,31.2,28.3,26.8,25.3,24.8,24.5,90,82,70,1009.2,1007.5,1005.8,16.2,11.7,7.4,1.4
2009-03-10,30.3,27.5,25.8,24.9,24.6,23.5,90,85,72,1010.2,1007.7,1006.0,15.3,12.1,8.8,9.6
2009-03-11,30.2,27.9,26.4,24.7,24.5,24.1,89,82,71,1009.7,1007.4,1005.7,15.5,10.5,6.8,1.3
2009-03-12,31.0,28.3,26.7,24.8,24.5,24.3,88,80,69,1008.7,1006.7,1004.8,15.4,10.9,5.8,0.4
2009-03-13,29.8,27.6,26.2,25.3,24.7,24.1,91,85,76,1010.1,1007.6,1005.6,14.8,12.5,8.5,10.4
2009-03-14,30.5,27.8,26.4,24.9,24.6,24.2,89,83,72,1010.0,1008.0,1006.3,17.1,12.6,8.9,3.0
2009-03-15,30.9,28.3,26.7,25.4,24.7,24.5,88,82,70,1010.3,1008.2,1006.6,20.8,16.6,11.3,3.3
2009-03-16,30.8,28.3,26.9,24.8,24.4,24.0,88,80,68,1009.7,1008.1,1006.4,18.7,15.0,9.9,1.6
2009-03-17,30.7,28.2,26.4,24.5,24.0,23.4,89,78,67,1010.4,1007.6,1005.4,18.1,14.8,10.7,1.3
2009-03-18,31.4,28.4,26.6,24.5,24.0,23.2,87,78,62,1010.2,1007.7,1005.9,17.2,15.4,11.3,0.1
2009-03-19,30.4,27.8,25.4,24.6,23.8,23.0,91,80,67,1010.9,1008.6,1006.7,18.2,13.0,7.4,5.9
2009-03-20,31.0,28.3,26.6,24.5,24.1,23.8,87,78,68,1010.5,1008.6,1006.5,18.9,14.0,7.4,1.5
2009-03-21,31.0,28.3,27.0,24.8,24.5,24.3,87,80,69,1010.8,1008.4,1006.7,17.4,13.8,10.0,3.6
2009-03-22,30.6,28.2,26.8,24.9,24.5,24.2,88,81,71,1010.4,1007.8,1005.9,15.9,13.4,10.7,2.5
2009-03-23,30.9,28.5,26.9,24.9,24.5,23.8,88,80,68,1009.5,1007.0,1004.9,17.1,14.2,11.5,2.5
2009-03-24,31.2,28.4,27.0,25.1,24.6,23.9,87,80,67,1008.5,1006.0,1004.4,18.7,14.1,10.5,2.8
2009-03-25,30.7,28.2,26.7,25.2,25.0,24.4,90,83,70,1007.8,1005.2,1002.7,16.5,14.1,12.1,2.4
2009-03-26,31.2,28.4,26.6,25.4,24.8,24.2,90,81,67,1008.9,1006.1,1003.9,17.7,13.6,8.6,0.7
2009-03-27,31.5,28.4,26.8,25.5,25.0,24.3,91,82,67,1008.4,1006.0,1004.3,19.9,15.5,11.8,2.1
2009-03-28,31.4,28.3,27.2,25.4,24.9,24.3,89,82,69,1007.9,1005.8,1003.9,21.3,15.8,9.4,6.3
2009-03-29,31.5,28.3,26.7,24.9,24.6,23.8,90,81,64,1008.0,1006.0,1004.5,17.2,13.9,10.9,1.1
2009-03-30,31.1,28.6,26.8,25.0,24.7,24.4,88,80,69,1007.7,1005.8,1004.5,21.1,17.5,14.4,3.4
2009-03-31,30.8,28.2,26.8,24.9,24.4,23.8,87,80,69,1009.0,1006.4,1004.9,20.1,17.4,11.8,4.1
2009-04-01,30.1,27.6,26.2,25.0,24.4,24.0,92,83,71,1009.3,1006.9,1004.6,22.2,18.1,13.0,5.5
2009-04-02,31.1,27.8,25.9,24.7,24.1,23.3,90,81,67,1010.1,1007.6,1005.2,24.1,18.3,11.3,3.6
2009-04-03,30.8,28.2,26.7,24.8,24.4,23.9,88,80,69,1010.2,1008.0,1005.7,17.8,14.7,12.0,1.5
2009-04-04,31.2,28.3,26.5,24.9,24.3,23.5,90,80,65,1011.9,1008.3,1005.9,17.7,14.4,10.6,0.0
2009-04-05,30.6,28.1,26.4,24.9,24.2,23.4,92,80,66,1011.1,1009.1,1007.0,17.7,11.6,6.4,1.9
2009-04-06,31.1,28.3,26.5,25.0,24.4,23.5,90,80,65,1011.2,1008.8,1006.8,15.1,11.8,8.2,0.2
2009-04-07,31.8,28.2,26.6,24.9,24.2,23.2,89,80,61,1011.0,1009.1,1007.1,18.5,13.6,8.1,3.0
2009-04-08,29.5,27.3,25.2,24.9,23.9,23.1,91,82,69,1012.1,1009.5,1006.2,18.3,10.3,2.8,0.6
2009-04-09,30.6,28.2,26.3,24.4,23.8,22.9,88,77,64,1010.7,1008.4,1006.3,20.5,15.2,5.4,0.0
2009-04-10,31.1,28.4,26.2,24.6,24.0,23.5,88,77,65,1010.6,1008.5,1006.6,16.9,15.0,11.6,1.5
2009-04-11,30.7,28.2,26.5,24.4,23.8,23.0,88,78,64,1011.0,1008.7,1006.9,15.5,12.8,9.2,0.7
2009-04-12,31.1,28.1,26.5,24.7,24.2,23.5,89,80,64,1010.6,1008.5,1006.1,15.3,12.3,9.8,2.4
2009-04-13,27.3,26.2,24.5,24.7,24.3,23.5,95,89,83,1012.9,1009.5,1007.4,12.3,7.4,3.3,18.1
2009-04-14,30.0,27.2,25.0,24.4,24.0,23.6,94,83,69,1011.8,1009.8,1008.1,14.0,8.4,3.1,0.4
2009-04-15,30.1,27.9,26.1,24.6,24.4,24.1,90,81,70,1012.3,1010.5,1008.5,16.1,11.2,7.8,0.5
2009-04-16,28.6,27.0,25.5,24.7,24.2,23.7,91,85,76,1012.0,1011.1,1010.3,19.1,12.1,5.8,5.7
2009-04-17,29.7,27.3,25.0,24.0,23.8,23.5,93,82,70,1012.2,1010.2,1008.1,15.6,11.1,4.8,0.0
2009-04-18,30.6,27.7,25.8,24.4,23.9,23.6,92,81,66,1011.2,1009.5,1008.3,17.0,11.8,3.4,0.2
2009-04-19,30.1,27.5,25.5,25.1,24.5,24.2,95,84,71,1011.4,1009.6,1008.1,14.0,9.9,4.8,0.4
2009-04-20,31.6,28.4,26.2,25.1,24.6,24.0,93,81,64,1011.7,1009.5,1007.0,18.2,11.3,5.3,0.0
2009-04-21,31.1,28.2,26.1,25.1,24.6,23.7,91,81,65,1011.8,1008.7,1006.0,16.2,12.5,7.7,1.9
2009-04-22,31.0,28.1,26.0,25.3,24.3,23.3,93,80,64,1010.6,1007.4,1004.1,13.0,7.7,1.1,0.0
2009-04-23,32.0,28.8,26.7,24.8,24.3,23.5,89,77,61,1009.0,1007.0,1004.7,14.4,10.4,6.4,0.0
2009-04-24,31.0,28.5,26.9,25.0,24.5,24.0,90,80,66,1010.4,1007.9,1005.9,11.8,8.0,3.4,0.0
2009-04-25,30.5,27.7,26.8,25.2,24.8,24.3,91,85,70,1010.2,1008.3,1006.9,13.4,10.3,6.4,9.8
2009-04-26,29.4,27.2,25.7,25.2,24.6,24.2,93,86,75,1012.5,1009.3,1006.5,15.1,7.7,0.8,14.4
2009-04-27,29.9,27.3,25.4,24.8,24.5,24.3,94,85,73,1011.8,1009.6,1007.4,14.8,8.7,2.5,2.0
2009-04-28,30.0,27.6,25.6,24.9,24.6,24.4,94,84,73,1011.3,1009.8,1007.6,15.1,10.8,6.5,4.3
2009-04-29,30.6,28.3,26.3,25.1,24.8,24.5,92,82,71,1011.8,1010.0,1008.3,12.5,8.9,4.8,0.0
2009-04-30,29.8,27.9,26.1,25.4,25.0,24.4,93,85,75,1011.6,1009.3,1006.7,14.7,11.1,8.0,5.3
2009-05-01,30.9,28.3,26.8,25.3,24.9,24.1,91,82,68,1009.7,1007.8,1005.4,17.0,12.6,8.5,0.7
2009-05-02,30.2,27.3,26.2,25.4,24.7,24.2,92,86,75,1009.5,1007.8,1006.2,16.9,12.7,6.0,6.7
2009-05-03,29.7,27.3,25.5,25.6,24.9,24.4,96,87,78,1010.2,1008.2,1006.6,11.2,6.4,1.3,4.2
2009-05-04,29.2,27.1,25.3,25.2,24.6,24.2,94,86,79,1010.7,1008.2,1005.7,14.7,9.4,2.1,6.4
2009-05-05,28.1,26.2,24.7,24.9,24.3,23.5,95,89,83,1011.5,1009.6,1008.6,15.1,9.3,2.1,16.9
2009-05-06,28.8,26.4,25.3,25.6,24.5,24.0,95,90,83,1012.0,1010.0,1008.2,10.0,5.5,2.5,8.5
2009-05-07,29.5,26.7,24.5,24.5,23.9,23.3,96,85,71,1011.1,1009.5,1007.0,15.8,6.9,0.7,6.9
2009-05-08,27.2,25.9,24.6,24.3,23.8,23.5,95,88,82,1012.2,1010.1,1008.4,17.6,13.6,8.2,19.8
2009-05-09,28.4,26.2,24.5,25.0,23.9,23.1,92,87,81,1012.3,1010.3,1008.4,20.1,10.6,5.2,18.8
2009-05-10,27.0,25.5,24.5,24.3,23.7,22.9,94,90,85,1011.5,1009.8,1008.6,14.6,7.7,1.8,18.5
2009-05-11,29.6,26.9,24.6,24.7,24.0,23.6,95,85,75,1011.4,1009.5,1007.6,10.5,5.9,0.4,3.8
2009-05-12,29.7,27.6,25.8,24.2,23.9,23.7,89,81,72,1011.0,1009.5,1008.0,10.5,8.2,6.9,2.3
2009-05-13,30.1,28.0,26.3,24.4,23.9,23.4,87,79,68,1011.2,1009.7,1007.5,12.2,9.8,7.2,0.0
2009-05-14,28.5,27.0,26.1,25.1,24.4,24.0,89,86,80,1012.1,1009.8,1007.1,18.2,11.1,5.9,3.9
2009-05-15,29.9,27.4,25.7,25.0,24.3,23.6,92,84,69,1010.5,1008.8,1006.9,12.4,7.6,3.9,0.1
2009-05-16,29.8,27.4,25.1,25.3,24.5,23.8,94,85,75,1011.2,1008.8,1007.1,10.5,7.8,6.2,3.8
2009-05-17,30.4,27.8,25.2,24.9,24.4,24.1,95,82,71,1010.5,1008.8,1007.0,10.1,7.4,4.0,0.5
2009-05-18,30.4,28.0,26.3,25.0,24.5,24.1,90,82,70,1010.2,1008.7,1007.1,12.7,9.7,7.2,0.4
2009-05-19,30.1,28.0,26.6,25.0,24.7,24.3,90,82,72,1010.9,1009.4,1007.8,11.6,8.7,5.6,0.9
2009-05-20,29.7,27.4,26.4,25.2,24.8,24.6,91,86,77,1011.7,1010.0,1008.2,15.3,11.2,6.0,5.3
2009-05-21,29.6,27.7,26.4,24.9,24.5,24.3,89,83,75,1011.5,1009.8,1008.4,15.2,10.6,6.3,0.7
2009-05-22,29.7,27.5,25.3,24.8,24.4,24.2,94,84,73,1011.9,1009.8,1007.8,16.9,10.7,4.7,0.8
2009-05-23,30.8,28.0,26.1,24.8,24.3,23.8,91,81,67,1012.9,1010.8,1008.9,14.1,11.0,7.9,0.2
2009-05-24,30.9,27.7,26.4,25.2,24.7,24.3,91,84,72,1011.7,1009.8,1007.4,14.5,12.6,8.9,7.5
2009-05-25,28.9,27.0,25.6,24.7,24.3,24.0,92,86,78,1011.8,1010.2,1008.8,13.8,10.4,6.3,6.3
2009-05-26,29.2,27.0,25.4,25.4,24.7,24.4,95,87,80,1011.1,1009.2,1007.8,12.4,7.9,1.8,2.5
2009-05-27,29.9,27.6,25.5,25.1,24.7,24.2,94,84,73,1010.0,1008.7,1007.0,13.8,9.9,5.4,2.2
2009-05-28,29.7,27.2,26.1,25.3,24.9,24.4,93,87,76,1010.1,1008.5,1007.1,13.5,10.3,6.9,9.9
2009-05-29,28.8,26.9,25.5,25.3,24.6,24.0,93,87,80,1010.7,1008.9,1006.6,14.3,10.6,6.6,9.5
2009-05-30,29.0,26.7,25.1,24.7,24.3,23.9,94,87,75,1011.0,1010.1,1009.0,12.7,7.5,0.0,6.3
2009-05-31,29.7,27.4,25.1,25.1,24.5,24.2,97,85,72,1011.8,1010.3,1008.8,11.7,6.7,0.8,2.2
2009-06-01,29.4,27.1,26.2,25.5,24.8,24.0,91,87,77,1011.8,1010.3,1008.6,15.7,12.3,8.7,6.3
2009-06-02,29.8,27.5,26.0,25.4,24.7,24.4,92,85,76,1012.3,1010.4,1008.9,16.0,12.6,8.8,2.9
2009-06-03,29.4,27.0,25.6,25.7,24.8,24.1,95,88,79,1012.7,1011.0,1009.6,16.0,12.1,8.5,3.3
2009-06-04,28.9,27.0,25.7,24.7,24.2,23.7,92,85,77,1014.2,1011.9,1010.1,14.5,10.7,7.6,6.1
2009-06-05,28.4,26.4,24.7,24.4,23.8,23.2,94,86,77,1014.4,1012.3,1010.2,12.3,7.9,4.2,11.6
2009-06-06,27.1,25.7,24.7,24.2,23.8,23.5,95,89,81,1013.3,1011.8,1010.3,16.1,7.9,1.8,16.6
2009-06-07,29.0,26.3,24.2,24.2,23.7,23.3,97,86,75,1013.4,1011.1,1008.7,13.0,8.0,1.8,6.5
2009-06-08,29.8,27.4,25.6,24.4,24.0,23.6,89,82,71,1011.8,1009.8,1007.5,19.1,11.9,6.8,0.5
2009-06-09,28.6,26.5,25.5,24.6,24.1,23.8,92,87,78,1011.2,1009.6,1008.4,19.8,12.8,7.3,8.4
2009-06-10,27.6,25.8,24.6,24.7,23.8,23.1,95,89,80,1012.3,1010.4,1008.8,13.4,9.0,2.3,11.0
2009-06-11,26.9,25.4,24.1,24.2,23.3,22.8,94,88,84,1012.9,1011.4,1010.0,12.9,9.1,4.4,21.3
2009-06-12,26.6,25.2,24.0,24.6,23.6,23.0,96,91,84,1013.9,1011.6,1010.0,13.0,6.9,1.8,14.6
2009-06-13,27.1,25.5,24.0,23.8,23.5,23.0,95,89,80,1013.8,1012.0,1010.0,12.3,7.8,3.1,10.3
2009-06-14,28.2,25.8,24.2,24.4,23.7,23.1,95,88,78,1013.7,1012.1,1010.6,14.2,9.0,5.1,12.3
2009-06-15,27.7,25.4,24.2,24.7,23.8,23.0,96,91,83,1013.7,1011.6,1010.0,14.0,7.3,2.2,18.0
2009-06-16,25.2,24.4,23.7,23.4,23.1,22.6,96,92,87,1014.1,1011.8,1009.9,16.7,9.4,4.5,158.8
2009-06-17,27.8,25.7,23.8,24.0,23.4,23.1,96,87,79,1013.9,1011.9,1010.5,11.2,7.1,1.1,8.3
2009-06-18,28.7,26.2,24.3,24.0,23.6,23.1,93,86,74,1012.9,1010.8,1008.6,14.9,9.2,5.8,4.3
2009-06-19,28.1,26.1,25.2,24.6,23.9,23.3,91,88,81,1012.5,1010.8,1009.3,15.5,11.1,6.7,8.3
2009-06-20,27.4,25.4,24.1,23.8,23.1,22.8,95,87,77,1013.7,1011.6,1010.3,14.5,7.8,1.1,10.6
2009-06-21,25.7,24.7,24.1,23.6,23.2,22.8,96,91,87,1014.3,1012.3,1010.7,11.5,8.0,5.2,33.6
2009-06-22,28.8,26.1,23.9,23.8,23.1,22.6,95,84,69,1014.3,1012.3,1010.3,14.1,10.5,5.6,0.1
2009-06-23,28.6,26.1,25.0,24.4,23.7,23.4,92,87,77,1013.2,1011.5,1009.3,14.9,11.1,4.8,9.5
2009-06-24,27.7,26.1,24.3,24.2,23.6,23.2,95,87,80,1012.8,1011.3,1009.8,15.2,11.1,5.8,4.6
2009-06-25,27.8,25.9,24.4,24.4,23.5,22.9,93,87,80,1013.6,1011.8,1010.2,15.5,11.3,7.3,3.2
2009-06-26,27.2,25.6,24.2,23.5,23.2,22.9,93,87,79,1014.0,1012.0,1010.8,11.0,7.3,1.3,7.6
2009-06-27,27.2,25.5,23.9,24.1,23.4,23.0,95,88,80,1014.3,1012.5,1010.7,15.6,7.9,0.8,3.8
2009-06-28,26.8,25.2,23.5,23.6,22.9,22.5,95,87,80,1014.5,1013.1,1011.7,14.7,8.6,0.7,11.0
2009-06-29,27.0,25.2,23.3,23.5,22.8,22.5,96,87,79,1014.0,1012.1,1010.7,20.7,11.5,5.4,11.7
2009-06-30,26.6,24.8,23.5,23.6,22.8,22.3,95,89,78,1014.5,1013.1,1012.0,12.1,8.2,3.2,10.3
2009-07-01,27.0,25.1,23.4,23.5,22.8,22.4,96,87,79,1015.0,1013.2,1011.9,10.3,7.0,2.3,2.9
2009-07-02,28.0,25.7,24.1,24.2,23.3,23.0,94,87,75,1014.7,1012.9,1011.5,10.6,8.4,5.6,2.1
2009-07-03,27.3,25.7,24.3,24.0,23.3,22.9,94,87,79,1014.1,1012.4,1010.9,11.5,8.7,6.2,3.8
2009-07-04,28.1,25.8,24.6,24.2,23.6,23.2,94,88,79,1013.4,1011.6,1009.9,15.9,10.2,5.2,11.6
2009-07-05,28.0,25.5,23.9,24.1,23.3,22.7,94,88,79,1012.7,1011.1,1009.0,14.2,9.9,5.3,6.8
2009-07-06,27.2,25.2,24.2,23.7,23.1,22.6,94,89,80,1012.1,1010.5,1008.9,14.6,10.4,6.1,6.4
2009-07-07,28.1,25.6,24.4,23.9,23.0,22.8,92,86,78,1012.1,1010.7,1009.0,16.1,11.8,6.9,4.7
2009-07-08,25.6,24.5,23.9,23.6,22.9,22.3,95,91,87,1013.0,1011.3,1010.0,14.1,9.8,5.6,18.3
2009-07-09,27.4,25.2,23.5,23.0,22.7,22.4,94,86,76,1013.7,1012.0,1009.8,17.6,12.9,8.6,4.3
2009-07-10,25.1,24.4,23.8,23.7,22.8,22.1,94,91,88,1013.8,1012.3,1011.3,17.6,15.2,13.0,16.5
2009-07-11,25.1,24.2,23.4,22.6,22.2,21.7,94,88,84,1015.4,1013.8,1012.7,17.1,13.0,8.3,15.0
2009-07-12,26.9,24.8,23.6,22.8,22.2,21.8,90,85,78,1015.4,1013.9,1012.2,14.3,10.6,7.6,4.7
2009-07-13,26.4,25.0,23.8,22.6,22.1,21.6,89,84,75,1015.5,1013.6,1011.4,17.6,12.7,9.7,1.8
2009-07-14,26.0,24.8,23.8,23.2,22.6,22.3,92,88,85,1014.7,1013.2,1012.0,16.8,12.5,8.1,8.2
2009-07-15,27.6,25.5,24.0,23.6,22.5,21.8,89,84,75,1015.6,1014.0,1012.4,13.5,11.5,8.9,1.8
2009-07-16,27.9,25.6,24.4,23.3,22.7,22.2,88,84,76,1015.6,1013.6,1011.7,18.1,14.4,11.9,5.2
2009-07-17,26.4,25.2,24.5,22.9,22.7,22.4,89,86,81,1014.9,1012.8,1011.4,18.3,15.9,11.3,6.6
2009-07-18,26.8,25.1,23.6,23.7,22.9,22.4,94,88,81,1014.5,1013.0,1011.4,16.1,13.2,10.0,4.2
2009-07-19,27.6,25.5,24.2,23.7,22.9,22.4,91,86,79,1014.9,1013.3,1011.7,16.5,12.8,10.2,0.7
2009-07-20,27.9,25.4,24.2,23.1,22.6,22.4,90,85,74,1015.1,1013.0,1010.7,16.2,13.8,10.0,3.0
2009-07-21,26.7,25.1,24.0,23.4,22.7,22.3,92,87,80,1014.3,1012.6,1010.7,14.8,11.7,8.6,10.1
2009-07-22,26.7,24.9,23.5,24.0,22.8,22.3,94,88,82,1013.7,1011.9,1010.2,16.4,11.8,8.8,11.9
2009-07-23,27.7,25.2,23.6,23.6,22.8,22.3,94,86,78,1013.2,1011.6,1009.9,16.2,12.5,9.3,2.3
2009-07-24,27.5,25.5,24.2,23.4,22.8,22.5,91,85,78,1012.9,1011.3,1009.0,20.2,16.0,12.4,3.5
2009-07-25,26.7,25.3,24.2,23.0,22.7,22.4,91,86,80,1013.2,1011.8,1010.4,21.5,17.6,14.0,4.8
2009-07-26,27.0,25.1,24.0,22.9,22.4,22.0,90,85,78,1013.9,1012.2,1010.8,21.3,18.7,17.2,1.0
2009-07-27,24.7,24.3,23.9,22.5,22.1,21.6,90,88,85,1013.6,1012.1,1010.9,22.3,18.7,15.5,2.3
2009-07-28,26.3,24.7,23.8,22.3,21.7,21.4,87,83,79,1014.3,1012.7,1011.1,21.0,18.2,15.5,1.3
2009-07-29,27.0,24.9,23.5,22.1,21.7,21.4,89,83,75,1014.6,1012.9,1011.2,18.9,16.4,13.7,0.5
2009-07-30,25.8,24.4,23.5,22.6,22.2,21.7,90,87,83,1014.2,1012.3,1009.9,21.1,17.5,13.5,1.0
2009-07-31,25.2,24.1,23.4,22.3,22.1,21.9,92,89,83,1014.6,1012.4,1011.1,24.0,20.5,15.3,8.3
2009-08-01,25.4,24.1,23.2,23.1,22.5,22.2,94,91,86,1015.1,1013.1,1011.5,15.5,13.5,10.6,19.5
2009-08-02,26.5,24.5,23.1,22.4,22.1,22.0,94,87,77,1014.8,1012.7,1011.2,17.1,15.0,12.0,0.0
2009-08-03,25.9,24.1,23.2,22.2,22.1,21.9,93,88,80,1014.5,1012.5,1011.1,17.8,14.6,12.2,0.8
2009-08-04,26.5,24.4,23.1,22.7,22.3,21.9,93,88,80,1014.6,1012.7,1011.2,18.5,15.0,11.4,0.2
2009-08-05,26.8,24.7,23.5,22.6,22.4,22.2,94,87,77,1014.3,1012.6,1010.5,17.1,15.3,11.8,0.0
2009-08-06,25.8,24.4,23.6,22.6,22.3,22.0,94,89,81,1014.0,1012.7,1011.5,17.7,13.8,11.3,0.8
2009-08-07,26.4,24.6,23.5,22.5,22.2,21.9,92,87,78,1015.3,1013.0,1010.8,17.0,14.4,11.5,0.5
2009-08-08,26.9,24.5,23.1,23.0,22.3,22.0,94,88,79,1014.2,1012.1,1009.9,18.6,15.6,13.2,1.3
2009-08-09,26.3,24.6,23.5,23.1,22.6,22.3,93,89,82,1012.7,1011.0,1008.8,19.1,16.3,10.9,0.9
2009-08-10,27.0,24.8,23.6,22.8,22.6,22.5,95,88,77,1013.5,1011.6,1010.3,18.4,15.5,10.0,0.1
2009-08-11,26.5,24.7,23.6,22.6,22.4,22.2,93,87,78,1014.7,1012.8,1010.8,18.4,15.6,12.7,0.2
2009-08-12,26.7,24.8,23.5,22.4,22.2,21.9,92,86,76,1014.3,1012.4,1010.3,20.6,16.1,13.2,1.0
2009-08-13,26.4,24.4,23.2,23.0,22.3,22.1,94,88,80,1013.2,1011.5,1010.1,20.2,16.3,14.2,2.6
2009-08-14,25.7,24.3,23.5,22.5,22.1,21.9,92,88,80,1013.4,1011.5,1010.0,19.4,17.1,14.8,3.3
2009-08-15,26.7,24.7,23.4,22.7,22.3,21.8,92,87,79,1013.8,1011.8,1010.0,17.1,14.9,12.0,0.1
2009-08-16,27.2,24.9,23.6,23.0,22.5,22.0,92,87,77,1014.0,1011.8,1009.8,19.6,15.1,11.9,1.2
2009-08-17,25.8,24.4,23.5,22.5,22.2,21.7,93,87,80,1013.0,1011.1,1008.9,18.7,15.1,11.1,2.6
2009-08-18,26.9,24.8,23.6,22.5,22.2,22.0,93,86,76,1012.7,1010.9,1009.2,21.5,16.5,12.1,0.3
2009-08-19,26.8,24.7,23.2,22.5,22.2,22.0,94,86,76,1013.2,1011.3,1009.1,16.4,13.2,9.1,0.5
2009-08-20,26.9,24.5,23.5,23.3,22.5,22.0,92,88,81,1013.5,1011.3,1009.1,15.3,12.9,11.0,4.6
2009-08-21,27.5,24.8,23.3,23.2,22.5,22.0,94,87,77,1013.0,1010.8,1008.3,18.4,12.5,8.8,1.0
2009-08-22,26.9,24.9,23.6,22.6,22.3,21.7,93,86,76,1012.8,1010.8,1009.0,16.3,14.0,9.7,0.0
2009-08-23,26.6,24.9,23.6,22.7,22.5,22.3,94,87,78,1012.9,1011.0,1009.5,16.7,13.2,8.3,0.1
2009-08-24,27.3,25.2,23.7,23.0,22.8,22.6,94,87,77,1012.4,1010.6,1007.5,17.5,13.5,7.1,0.6
2009-08-25,25.4,24.0,23.4,23.4,22.8,22.3,96,93,83,1012.3,1010.9,1009.4,16.5,12.2,7.1,50.4
2009-08-26,26.9,24.9,23.6,23.6,22.8,22.4,93,89,81,1012.9,1011.2,1009.2,19.4,16.1,12.1,1.1
2009-08-27,27.4,25.2,23.6,23.2,22.8,22.4,93,87,76,1013.7,1011.9,1009.7,19.2,16.1,13.3,0.6
2009-08-28,26.8,25.0,24.1,23.2,22.7,22.5,91,87,79,1012.8,1010.9,1009.3,22.8,18.6,15.6,4.3
2009-08-29,26.2,24.7,24.1,23.1,22.6,22.2,91,88,80,1012.8,1010.8,1009.1,19.9,17.6,14.3,7.1
2009-08-30,27.5,25.0,23.3,23.4,22.6,22.1,94,87,78,1014.2,1012.1,1009.8,18.3,14.5,11.5,2.1
2009-08-31,27.0,25.1,23.8,23.0,22.5,22.1,92,86,79,1014.6,1013.0,1011.4,21.4,17.0,13.6,1.1
2009-09-01,27.2,25.1,24.0,23.3,22.7,22.4,92,87,78,1015.0,1013.3,1011.4,15.2,12.5,9.2,3.1
2009-09-02,27.5,25.2,23.8,23.4,22.9,22.6,93,87,78,1015.3,1013.2,1011.0,15.0,11.6,8.1,0.4
2009-09-03,27.2,24.9,23.8,23.2,22.8,22.5,93,88,78,1014.7,1012.7,1011.3,17.3,12.5,10.7,5.3
2009-09-04,27.8,25.4,23.8,24.0,23.2,22.6,93,88,79,1014.7,1012.5,1010.8,15.3,12.0,8.2,0.6
2009-09-05,26.8,24.7,23.7,23.8,23.0,22.5,95,90,83,1014.6,1012.6,1010.5,19.5,13.5,7.0,16.6
2009-09-06,25.3,24.4,23.6,23.7,22.9,22.3,94,91,87,1016.1,1013.8,1011.7,13.8,11.6,8.6,9.5
2009-09-07,27.8,25.3,23.6,23.4,22.9,22.7,95,87,75,1015.0,1012.7,1010.2,17.4,12.0,7.2,0.4
2009-09-08,28.2,25.2,24.1,23.9,23.1,22.6,93,88,76,1013.6,1011.7,1009.9,14.3,11.8,8.8,1.8
2009-09-09,27.6,25.2,24.0,23.9,23.1,22.9,94,88,77,1013.3,1011.2,1009.4,15.1,12.1,7.9,3.0
2009-09-10,26.6,24.9,23.7,23.7,22.9,22.2,93,89,83,1014.5,1012.1,1010.2,17.7,11.3,4.1,5.7
2009-09-11,27.1,25.2,23.6,23.1,22.7,22.4,95,87,76,1014.2,1012.0,1009.7,16.6,13.5,9.1,2.3
2009-09-12,27.6,25.4,23.8,24.1,23.2,22.4,94,88,81,1014.5,1011.8,1010.1,13.5,10.9,6.5,1.1
2009-09-13,27.2,25.2,24.2,23.9,23.2,22.5,93,89,79,1015.1,1012.7,1011.3,17.1,12.8,9.3,3.7
2009-09-14,28.0,25.4,24.0,24.0,23.1,22.5,93,87,79,1015.3,1013.2,1011.5,17.2,13.8,10.6,3.4
2009-09-15,26.8,24.8,24.0,23.5,22.9,22.6,95,89,80,1014.6,1012.7,1011.1,21.6,18.1,13.3,14.8
2009-09-16,27.1,24.8,23.2,23.8,22.8,22.4,96,89,82,1014.1,1012.1,1010.4,15.8,13.1,11.2,11.7
2009-09-17,27.5,25.4,23.7,23.3,22.8,22.5,93,86,77,1013.8,1011.6,1010.1,15.3,11.6,7.9,0.5
2009-09-18,27.4,25.6,24.2,23.2,23.0,22.7,92,85,77,1013.4,1011.6,1009.7,18.1,14.5,11.6,0.0
2009-09-19,27.8,25.6,24.2,23.0,22.7,22.5,92,84,74,1014.5,1012.2,1010.0,20.4,16.3,13.1,0.5
2009-09-20,27.9,25.6,24.0,22.9,22.6,22.4,92,84,73,1013.5,1011.9,1010.4,19.7,16.4,12.4,0.5
2009-09-21,27.8,25.6,24.2,23.0,22.7,22.5,91,85,74,1014.3,1011.7,1009.6,16.9,14.0,10.4,0.5
2009-09-22,27.7,25.6,24.1,23.2,23.0,22.8,93,86,76,1012.9,1010.6,1008.0,16.1,11.5,5.4,0.9
2009-09-23,28.1,25.7,24.1,24.0,23.1,22.5,94,86,78,1012.9,1010.7,1008.8,16.0,9.9,4.3,1.2
2009-09-24,28.3,26.0,24.3,23.4,22.8,22.5,90,83,73,1013.3,1011.1,1009.8,15.1,11.4,8.2,0.7
2009-09-25,27.8,25.9,24.4,23.7,23.3,23.0,93,86,75,1012.9,1011.1,1009.4,15.8,11.6,7.6,0.4
2009-09-26,28.6,26.2,24.8,23.6,23.3,23.0,93,85,73,1013.4,1011.3,1009.7,19.1,14.4,12.2,0.7
2009-09-27,28.4,26.3,24.9,23.6,23.3,23.0,91,84,74,1013.9,1011.9,1010.4,17.7,15.0,12.1,0.4
2009-09-28,28.2,26.2,24.4,23.6,23.2,22.7,93,84,73,1013.4,1011.4,1009.6,17.3,12.7,8.4,3.1
2009-09-29,28.5,26.2,24.7,24.1,23.4,22.8,91,84,75,1013.8,1011.9,1009.6,15.6,11.3,6.4,1.7
2009-09-30,28.7,26.3,24.8,23.5,23.3,23.1,92,84,72,1014.2,1012.1,1010.0,16.9,11.7,5.8,1.0
2009-10-01,28.5,26.4,24.8,23.5,23.2,22.6,91,83,72,1013.7,1012.1,1010.6,17.6,11.5,5.8,0.6
2009-10-02,28.6,26.1,24.5,23.6,23.3,23.0,93,85,74,1014.0,1011.8,1009.4,15.7,12.4,8.4,3.3
2009-10-03,28.8,26.1,24.7,24.0,23.4,23.1,93,85,75,1013.7,1011.6,1009.6,15.9,12.7,5.8,5.2
2009-10-04,28.7,26.0,24.5,23.9,23.3,22.7,91,85,75,1013.2,1011.1,1008.7,15.4,11.7,7.1,13.8
2009-10-05,26.7,25.5,24.3,24.0,23.4,22.9,93,88,83,1013.4,1011.3,1009.4,13.7,9.9,6.7,8.8
2009-10-06,28.0,25.6,24.4,23.8,23.3,23.0,92,87,78,1013.7,1011.7,1010.2,16.6,12.4,8.1,5.5
2009-10-07,27.8,25.7,24.4,23.9,23.3,22.3,91,86,79,1013.6,1012.0,1009.8,17.4,14.3,8.4,7.7
2009-10-08,27.5,25.4,24.3,24.4,23.4,22.9,93,89,83,1013.6,1011.7,1009.5,16.1,12.7,10.5,17.7
2009-10-09,27.7,25.8,24.5,24.7,23.6,23.2,93,88,80,1012.8,1010.9,1009.0,13.8,10.0,5.4,4.6
2009-10-10,28.4,26.1,24.2,23.8,23.3,23.0,94,85,73,1012.0,1010.0,1007.9,16.1,11.8,9.4,0.6
2009-10-11,28.0,26.1,25.0,24.3,23.6,22.8,92,86,78,1011.6,1009.7,1007.6,16.0,13.1,10.2,1.8
2009-10-12,28.2,25.8,24.3,23.6,23.3,22.9,94,86,75,1011.3,1009.9,1008.2,18.5,12.1,9.1,6.1
2009-10-13,26.9,25.3,24.0,24.6,23.3,22.6,94,89,84,1012.5,1010.0,1008.4,13.1,9.4,3.8,9.5
2009-10-14,27.3,25.2,23.7,24.2,23.0,22.6,95,88,82,1011.9,1010.0,1007.6,15.1,8.0,3.4,10.4
2009-10-15,28.1,25.7,24.2,23.8,23.0,22.7,93,86,77,1011.4,1009.5,1007.3,13.7,9.2,5.4,4.5
2009-10-16,28.2,25.9,24.3,23.5,23.2,23.0,92,85,75,1012.1,1010.1,1008.6,16.8,12.9,9.7,1.6
2009-10-17,28.1,26.0,24.5,24.3,23.5,23.2,93,86,80,1012.0,1009.8,1007.9,13.9,11.9,9.7,2.2
2009-10-18,28.7,26.3,24.7,24.2,23.5,23.2,92,85,76,1010.9,1008.7,1006.7,18.6,13.2,9.4,0.6
2009-10-19,28.5,26.2,24.8,24.3,23.6,23.3,92,86,78,1011.2,1008.9,1007.1,17.6,14.3,11.6,1.2
2009-10-20,27.9,25.9,25.0,23.9,23.5,22.9,91,87,78,1011.9,1009.6,1008.4,16.7,13.0,9.2,3.3
2009-10-21,27.8,25.4,24.1,24.2,23.2,22.4,93,88,79,1012.5,1010.6,1009.0,12.6,6.6,2.3,12.3
2009-10-22,28.3,25.7,23.1,24.5,23.4,22.6,97,87,79,1012.3,1010.4,1008.1,13.2,6.8,1.8,4.1
2009-10-23,28.5,26.0,23.8,24.1,23.4,22.8,94,86,77,1012.9,1010.8,1008.5,11.6,6.9,1.5,3.2
2009-10-24,27.2,25.5,23.9,24.8,23.5,22.8,96,89,83,1013.2,1010.6,1008.5,13.0,8.0,4.7,9.2
2009-10-25,28.7,26.2,24.2,23.8,23.3,22.7,96,85,71,1011.4,1009.2,1006.9,11.4,8.5,2.8,0.4
2009-10-26,28.7,26.5,24.7,23.9,23.6,23.2,94,85,73,1011.1,1008.8,1006.4,13.5,8.9,6.2,0.6
2009-10-27,29.1,26.5,24.9,24.9,24.0,23.5,93,87,77,1011.9,1009.9,1008.4,10.2,7.2,3.3,3.4
2009-10-28,26.7,25.5,24.1,23.9,23.4,22.7,93,88,85,1013.0,1010.0,1007.3,13.0,7.6,1.5,15.1
2009-10-29,27.2,25.5,24.2,23.7,23.3,22.9,95,88,80,1011.7,1009.6,1007.7,13.2,8.4,4.3,7.3
2009-10-30,28.6,26.2,24.1,24.1,23.5,23.2,95,86,74,1010.3,1008.4,1006.0,9.2,5.9,1.5,0.5
2009-10-31,29.8,26.8,24.3,24.8,24.1,23.6,96,86,73,1010.8,1008.1,1005.4,12.2,7.0,3.3,0.2
2009-11-01,28.6,26.3,25.2,24.9,24.0,23.8,92,87,78,1010.4,1008.2,1005.9,11.8,8.5,4.5,9.1
2009-11-02,29.1,26.7,24.9,25.2,24.3,23.8,93,87,77,1010.2,1008.2,1006.0,10.1,6.5,2.8,1.9
2009-11-03,29.1,26.6,25.7,24.9,24.2,23.7,92,87,77,1010.2,1008.8,1007.5,14.0,10.3,6.6,10.9
2009-11-04,27.9,26.5,25.6,24.8,24.2,23.8,91,87,81,1012.0,1010.0,1008.6,15.3,11.6,9.0,3.0
2009-11-05,28.1,26.2,24.9,24.8,24.1,23.7,94,88,81,1013.6,1011.1,1009.2,13.2,8.1,3.1,5.7
2009-11-06,28.7,26.6,24.4,25.1,24.3,23.6,95,87,81,1011.3,1008.9,1006.4,13.8,8.1,3.2,0.7
2009-11-07,29.3,27.0,25.4,25.0,24.4,24.0,93,85,77,1010.8,1008.7,1006.6,15.6,11.5,7.9,0.7
2009-11-08,28.4,26.6,25.1,24.8,24.1,23.7,94,86,80,1011.6,1009.4,1007.9,13.8,11.5,9.5,4.1
2009-11-09,27.6,26.0,24.4,24.8,23.6,23.0,94,87,80,1013.2,1010.9,1008.9,16.8,10.8,6.1,9.3
2009-11-10,26.1,25.5,24.3,23.9,23.5,22.4,96,89,80,1012.9,1009.9,1007.4,12.0,6.8,1.5,1.5
2009-11-11,28.4,26.3,24.9,23.9,23.4,22.7,91,85,76,1010.7,1008.5,1006.7,13.0,10.0,7.7,9.2
2009-11-12,28.5,26.3,24.6,24.6,23.8,23.5,95,87,77,1010.3,1008.4,1006.5,14.8,10.9,7.2,2.9
2009-11-13,28.7,26.1,24.3,24.5,23.7,23.0,94,87,78,1011.3,1009.1,1007.1,12.7,9.9,6.4,1.5
2009-11-14,28.2,26.4,25.0,24.9,24.0,23.6,92,87,81,1011.5,1009.6,1007.4,11.9,9.2,6.3,2.8
2009-11-15,28.8,26.6,25.0,24.5,23.9,23.6,92,85,75,1010.8,1009.3,1007.2,12.2,9.1,5.4,2.3
2009-11-16,29.5,27.0,25.0,24.3,23.8,23.4,93,83,70,1010.9,1009.2,1007.4,12.0,8.2,4.0,0.6
2009-11-17,29.6,26.9,24.4,24.8,24.0,23.4,97,85,69,1011.0,1009.1,1007.5,10.8,6.4,1.8,0.2
2009-11-18,29.8,27.1,25.0,24.6,23.5,21.7,94,82,62,1012.7,1010.5,1008.7,12.0,7.8,2.8,0.7
2009-11-19,30.4,27.1,24.2,24.0,23.2,21.3,95,80,58,1012.5,1010.2,1007.7,13.2,9.6,1.5,0.1
2009-11-20,30.3,27.2,24.4,24.2,23.5,22.2,95,81,62,1013.2,1011.1,1009.0,10.8,6.9,0.4,0.0
2009-11-21,29.9,26.9,24.3,24.3,23.6,22.5,98,83,65,1013.1,1011.1,1008.6,12.8,7.3,0.7,0.0
2009-11-22,30.0,27.3,24.8,24.1,23.6,23.0,92,81,68,1013.1,1010.9,1008.8,11.5,7.4,4.0,0.1
2009-11-23,29.8,27.4,24.9,24.1,23.7,23.1,94,80,68,1012.2,1010.0,1007.5,13.6,7.0,1.1,0.3
2009-11-24,30.1,27.5,25.5,24.5,24.1,23.3,94,82,71,1011.5,1009.8,1007.7,10.8,6.0,0.4,0.6
2009-11-25,30.8,27.9,25.1,24.6,24.1,22.8,96,81,63,1010.8,1009.1,1006.9,13.1,7.3,0.8,0.0
2009-11-26,30.5,27.9,25.8,24.5,24.0,23.1,92,80,65,1011.7,1009.8,1007.8,14.5,9.9,6.9,0.6
2009-11-27,30.4,27.7,25.5,24.8,24.0,22.9,93,81,65,1012.3,1009.8,1007.1,13.3,9.4,4.9,0.2
2009-11-28,30.4,27.6,25.8,24.7,24.4,24.0,92,83,70,1011.8,1009.8,1008.0,12.5,8.2,6.2,1.4
2009-11-29,30.9,27.6,24.9,24.4,23.7,22.5,95,80,61,1012.0,1009.1,1006.5,13.3,7.2,1.8,0.0
2009-11-30,31.1,27.7,25.2,24.3,23.6,21.9,93,79,58,1011.3,1008.7,1006.5,12.6,7.2,2.0,0.1
2009-12-01,32.2,28.1,25.2,24.0,23.3,21.7,92,76,54,1011.1,1009.0,1006.7,15.5,9.5,1.0,0.0
2009-12-02,31.6,28.2,25.4,24.0,23.3,21.7,91,76,56,1010.9,1009.0,1007.0,15.3,10.6,7.2,0.0
2009-12-03,30.4,27.9,24.6,24.4,23.8,22.9,94,79,64,1011.3,1009.1,1006.7,14.3,8.7,3.7,1.5
2009-12-04,30.4,27.8,25.5,24.8,24.4,23.8,94,82,69,1011.5,1009.2,1007.7,14.8,8.7,4.2,2.0
2009-12-05,30.0,27.7,25.4,24.9,24.6,23.9,96,84,70,1012.2,1009.5,1007.3,13.5,8.2,3.0,1.2
2009-12-06,30.6,27.9,25.6,24.9,24.7,24.4,94,83,71,1011.0,1008.6,1006.5,13.4,8.9,4.2,1.2
2009-12-07,32.2,28.5,25.7,25.0,24.1,21.8,94,78,54,1009.9,1007.9,1006.0,14.8,8.8,2.5,0.1
2009-12-08,32.4,28.6,26.0,24.8,23.9,21.7,92,77,53,1010.8,1008.5,1006.5,15.5,11.6,6.1,0.0
2009-12-09,31.5,28.3,26.1,24.8,24.0,22.5,92,78,59,1010.7,1009.1,1007.5,14.8,10.9,8.2,0.4
2009-12-10,30.3,27.7,26.7,24.9,24.4,23.4,88,83,67,1010.8,1009.0,1006.5,17.6,12.6,7.3,4.0
2009-12-11,30.1,27.5,25.6,24.7,24.3,23.6,90,83,68,1011.2,1009.0,1006.3,15.7,11.7,6.6,4.3
2009-12-12,28.2,26.7,25.4,24.6,23.9,23.4,91,85,78,1011.1,1009.2,1007.4,15.3,10.5,7.1,6.3
2009-12-13,29.4,26.9,25.2,24.2,23.8,23.5,92,83,73,1011.8,1009.8,1007.6,12.2,8.8,5.1,0.7
2009-12-14,30.4,27.6,25.6,24.2,24.0,23.6,91,81,70,1012.4,1009.9,1007.1,12.7,8.5,5.6,0.1
2009-12-15,30.6,27.9,25.7,24.5,24.2,23.9,91,81,68,1012.6,1009.9,1007.1,13.2,8.6,2.5,0.4
2009-12-16,30.4,27.8,26.2,24.6,24.4,24.0,91,82,70,1011.9,1009.6,1007.6,14.2,9.3,4.7,1.1
2009-12-17,30.3,27.9,25.6,24.6,24.2,23.6,94,81,67,1011.1,1009.2,1007.6,16.3,10.7,4.0,1.2
2009-12-18,30.5,28.0,26.3,25.1,24.8,24.6,91,83,73,1010.8,1008.7,1006.7,16.4,13.4,11.3,1.2
2009-12-19,31.2,28.1,26.3,25.0,24.6,23.9,90,82,67,1010.8,1008.5,1006.1,18.2,13.4,10.2,1.3
2009-12-20,31.1,28.3,26.4,25.2,24.6,23.5,92,81,64,1011.0,1009.2,1007.1,16.9,12.3,7.6,0.6
2009-12-21,31.1,28.3,26.5,25.3,25.0,24.4,93,83,69,1012.3,1010.3,1008.3,16.2,13.1,9.7,0.9
2009-12-22,31.2,28.0,26.0,25.1,24.5,23.6,91,82,66,1013.2,1011.3,1009.1,15.2,11.9,8.7,2.3
2009-12-23,31.8,28.2,25.9,24.9,24.2,22.6,92,80,58,1012.7,1010.4,1007.8,16.6,12.9,7.7,0.2
2009-12-24,31.1,28.1,26.1,25.0,24.2,22.6,91,80,61,1011.9,1009.9,1007.8,16.0,12.0,7.8,0.8
2009-12-25,31.0,27.9,25.7,25.1,24.2,22.6,93,82,61,1012.4,1010.3,1008.1,16.9,12.1,7.1,1.2
2009-12-26,31.4,27.8,25.0,25.0,24.0,22.0,96,81,58,1012.8,1010.3,1008.0,16.0,10.7,4.9,1.6
2009-12-27,31.7,27.8,25.1,24.8,23.5,20.8,94,79,53,1012.0,1009.8,1007.4,14.8,9.4,3.2,1.0
2009-12-28,30.9,27.7,25.2,24.1,23.7,22.7,93,80,62,1011.3,1009.1,1006.7,15.3,11.1,5.4,0.4
2009-12-29,31.6,28.1,25.2,24.4,23.6,21.9,93,77,56,1010.5,1008.6,1005.9,15.3,10.2,5.5,0.3
2009-12-30,31.8,28.1,25.3,24.6,23.9,22.3,94,79,57,1010.1,1008.1,1005.9,15.3,8.5,1.5,0.1
2009-12-31,31.5,28.1,25.8,24.6,23.8,22.0,92,78,58,1012.4,1009.7,1007.3,15.7,10.2,2.5,0.5
2010-01-01,30.8,27.8,25.6,24.4,23.4,21.9,92,78,59,1011.5,1009.7,1007.9,15.5,9.4,3.2,0.7
2010-01-02,31.6,27.9,25.3,24.2,23.2,21.0,92,77,54,1012.1,1009.8,1007.7,14.1,10.6,6.5,0.0
2010-01-03,32.2,28.3,25.7,24.5,23.5,21.2,91,76,52,1011.8,1009.5,1007.1,16.0,10.1,4.6,0.0
2010-01-04,29.9,27.7,25.8,24.6,23.9,22.6,91,80,66,1011.9,1009.5,1007.1,15.9,11.0,4.2,0.8
2010-01-05,30.4,27.7,25.5,24.7,24.0,23.1,90,81,67,1011.5,1009.4,1007.2,14.0,10.6,4.3,1.5
2010-01-06,30.7,27.5,25.7,24.4,24.0,23.1,90,82,68,1011.2,1009.3,1007.4,14.9,11.3,5.2,2.0
2010-01-07,30.1,27.4,25.1,24.5,24.0,23.4,91,82,69,1011.8,1009.3,1006.9,13.7,9.4,2.2,0.6
2010-01-08,29.2,27.2,25.4,24.5,23.8,23.4,91,82,71,1011.7,1009.3,1007.2,15.8,10.3,3.3,1.7
2010-01-09,30.6,27.8,25.8,24.6,24.3,24.1,92,82,70,1010.8,1008.7,1007.0,14.1,10.6,6.5,0.4
2010-01-10,30.7,27.8,25.8,24.5,24.1,23.4,93,81,66,1010.7,1008.6,1006.9,14.2,9.4,5.0,0.7
2010-01-11,31.8,28.3,26.0,24.3,23.6,22.4,90,77,58,1011.5,1009.3,1007.0,16.9,12.2,8.1,0.0
2010-01-12,32.7,28.7,26.2,24.6,23.7,21.9,90,75,53,1011.2,1009.1,1006.9,18.7,13.6,8.9,0.0
2010-01-13,32.3,28.5,26.0,25.0,24.1,22.6,92,78,57,1011.5,1009.6,1007.3,19.2,13.8,9.5,0.0
2010-01-14,31.0,28.1,26.4,25.2,24.3,23.3,91,81,65,1012.1,1010.4,1008.6,18.5,15.0,11.7,1.7
2010-01-15,30.1,27.2,24.8,24.4,23.6,22.9,93,81,66,1014.1,1011.6,1010.0,15.9,9.6,5.4,2.4
2010-01-16,31.7,27.9,25.1,24.0,23.2,21.8,93,77,56,1013.7,1011.6,1009.5,14.7,9.6,5.2,0.0
2010-01-17,31.7,28.1,25.1,24.3,23.6,22.2,94,77,57,1014.1,1011.7,1009.6,16.6,10.0,3.6,0.2
2010-01-18,30.7,27.7,25.3,24.5,23.9,22.7,94,81,63,1013.3,1011.2,1009.1,14.8,8.1,1.0,0.7
2010-01-19,32.3,27.9,25.4,24.5,22.8,19.2,93,75,47,1013.1,1010.7,1008.6,13.6,8.9,3.1,0.3
2010-01-20,31.9,27.4,23.8,23.3,20.8,16.8,95,70,41,1011.8,1009.8,1007.3,14.7,8.5,2.0,0.0
2010-01-21,32.0,27.4,23.4,23.3,22.3,20.5,94,75,51,1013.1,1010.2,1007.3,16.2,9.5,1.5,0.0
2010-01-22,31.8,27.6,23.9,23.5,22.5,20.9,94,75,52,1013.0,1009.9,1007.1,15.5,8.6,2.9,0.0
2010-01-23,32.5,28.4,25.5,24.0,23.0,21.4,91,74,52,1011.1,1008.5,1006.0,18.2,10.7,4.7,0.0
2010-01-24,31.8,28.4,26.3,24.0,23.3,22.4,87,75,58,1010.0,1007.8,1005.9,16.2,12.7,9.4,0.2
2010-01-25,31.9,28.5,26.5,24.3,23.4,22.0,88,75,56,1009.5,1007.8,1005.8,16.6,12.3,6.5,0.0
2010-01-26,31.2,28.5,26.9,24.8,24.1,23.7,85,78,64,1010.3,1008.0,1006.1,16.4,13.1,8.4,0.7
2010-01-27,31.3,28.3,26.3,24.8,24.5,23.9,90,80,65,1010.3,1008.2,1005.9,17.4,12.9,8.7,0.4
2010-01-28,31.5,28.3,26.3,25.1,24.3,23.6,89,79,65,1011.4,1008.8,1006.5,17.3,13.4,7.7,0.7
2010-01-29,32.9,29.0,26.9,25.6,24.8,24.1,89,79,60,1010.1,1007.6,1005.3,18.1,13.8,9.4,0.4
2010-01-30,33.1,29.2,27.0,25.7,24.7,23.0,92,78,55,1010.4,1008.2,1006.0,16.1,11.3,7.3,0.1
2010-01-31,33.1,29.1,26.6,25.4,24.1,22.4,92,76,53,1010.9,1008.6,1006.6,17.7,11.7,6.2,0.0
2010-02-01,33.3,29.2,26.9,25.2,24.0,22.3,88,74,53,1011.6,1009.3,1007.8,18.4,13.3,6.3,0.0
2010-02-02,32.4,29.0,27.0,25.5,24.7,23.0,90,78,58,1011.1,1009.5,1007.6,19.5,17.0,11.9,0.8
2010-02-03,32.3,29.1,27.3,25.4,24.4,22.8,88,77,57,1012.1,1009.6,1007.6,19.2,16.2,11.7,0.4
2010-02-04,31.9,29.0,27.1,25.3,24.5,23.7,89,77,62,1011.8,1009.6,1008.1,17.5,13.8,11.0,0.4
2010-02-05,31.1,28.5,27.0,25.5,25.0,24.6,90,82,69,1011.5,1009.2,1007.2,16.6,11.6,7.0,1.2
2010-02-06,33.6,28.9,26.0,25.6,23.4,19.1,95,75,43,1010.1,1007.4,1004.4,14.8,9.2,2.3,0.0
2010-02-07,32.9,28.6,25.9,25.1,23.6,19.9,94,77,46,1009.9,1007.2,1005.4,17.2,11.2,3.1,0.0
2010-02-08,32.2,28.7,26.2,25.3,23.9,20.8,93,77,51,1009.2,1007.4,1005.1,18.9,11.8,3.1,0.0
2010-02-09,31.8,28.7,26.4,25.2,24.1,22.8,93,77,59,1009.6,1007.6,1004.9,16.6,10.0,5.0,0.1
2010-02-10,32.5,29.0,27.2,24.9,24.2,23.1,87,76,58,1010.5,1008.0,1005.7,16.2,12.8,8.5,0.6
2010-02-11,31.7,28.5,26.3,24.8,24.2,23.4,87,78,63,1009.6,1007.6,1005.7,15.5,10.9,7.0,1.0
2010-02-12,30.0,28.1,26.5,24.9,24.2,23.6,86,80,70,1010.1,1007.8,1005.7,15.7,11.6,7.6,0.9
2010-02-13,32.9,28.8,26.6,25.0,24.3,23.1,89,77,58,1010.7,1008.6,1006.0,19.6,13.0,4.2,0.7
2010-02-14,29.7,27.5,26.0,24.9,24.1,23.1,92,82,68,1010.9,1008.4,1006.2,16.9,10.3,0.8,0.0
2010-02-15,31.9,28.8,27.0,24.5,23.9,23.2,86,75,60,1011.4,1009.0,1007.1,16.8,14.0,9.7,0.0
2010-02-16,32.8,29.2,26.9,24.4,23.8,22.8,85,74,57,1011.2,1009.0,1006.8,16.9,13.8,9.1,0.0
2010-02-17,32.9,29.5,27.3,24.7,24.1,23.1,86,74,57,1010.6,1009.0,1007.0,16.0,14.3,12.3,0.0
2010-02-18,32.7,29.2,27.6,25.4,24.7,23.9,85,77,62,1012.6,1010.1,1008.5,18.9,14.8,11.5,0.8
2010-02-19,32.5,29.4,27.5,25.5,24.9,24.2,87,78,62,1011.8,1009.8,1007.7,19.7,15.8,12.2,0.9
2010-02-20,32.6,29.5,27.8,25.5,24.8,23.9,87,77,60,1011.2,1009.1,1006.9,19.1,16.0,12.1,0.4
2010-02-21,32.7,29.4,27.6,25.7,25.1,24.4,88,78,62,1010.1,1007.8,1005.5,19.0,15.3,11.5,1.3
2010-02-22,32.2,29.3,27.7,25.7,25.2,24.4,89,79,65,1009.4,1007.7,1006.5,18.1,14.9,10.7,1.4
2010-02-23,32.4,29.3,27.5,25.5,24.9,24.0,89,78,63,1010.5,1008.3,1006.5,19.5,15.8,11.8,0.4
2010-02-24,33.3,29.6,27.5,25.8,25.0,23.6,89,77,57,1009.8,1007.7,1005.6,21.4,17.1,11.9,0.3
2010-02-25,32.5,29.5,27.8,25.8,25.4,24.6,88,79,64,1009.7,1007.5,1005.4,19.5,17.5,15.0,1.2
2010-02-26,31.8,29.0,27.3,25.6,25.3,24.8,89,81,67,1010.3,1007.8,1005.7,19.8,16.5,12.1,1.3
2010-02-27,31.7,29.0,27.4,26.0,25.1,24.5,88,80,68,1011.1,1008.4,1006.5,19.5,15.1,9.7,1.2
2010-02-28,31.6,28.9,27.6,26.0,25.4,25.0,89,82,69,1011.1,1009.2,1007.5,17.5,12.8,7.4,0.9
2010-03-01,31.4,28.9,27.4,25.8,25.3,24.6,90,81,70,1011.4,1009.7,1007.6,14.8,11.2,7.7,1.1
2010-03-02,32.1,29.3,27.5,25.8,25.3,24.5,90,80,65,1012.0,1009.9,1007.5,17.6,12.3,7.7,0.6
2010-03-03,32.1,29.3,27.3,25.9,25.3,24.6,91,80,67,1011.0,1009.2,1007.5,19.8,14.5,8.4,1.1
2010-03-04,32.0,29.0,27.1,25.9,25.4,24.7,92,82,66,1010.8,1008.8,1006.5,19.6,15.2,10.7,1.7
2010-03-05,31.9,28.9,26.8,25.8,25.4,25.0,94,82,67,1010.3,1008.2,1006.3,17.7,13.3,9.2,1.7
2010-03-06,32.1,29.1,27.1,25.6,24.9,24.0,90,79,63,1010.4,1008.2,1005.8,17.4,13.8,10.2,1.0
2010-03-07,31.9,29.1,27.2,25.4,24.8,23.7,89,78,64,1011.1,1008.6,1006.5,18.3,13.8,9.5,0.8
2010-03-08,32.1,29.3,27.4,25.5,25.1,24.5,89,79,65,1010.4,1008.4,1006.5,17.7,13.7,7.4,1.0
2010-03-09,30.6,28.3,27.2,25.5,25.0,24.6,89,83,71,1010.4,1008.2,1005.8,17.6,14.5,2.8,6.8
2010-03-10,31.1,28.5,26.3,25.2,24.4,23.9,91,79,65,1010.4,1008.4,1006.5,14.7,12.1,4.3,1.5
2010-03-11,31.6,28.8,27.3,25.1,24.6,24.1,86,78,66,1011.3,1009.2,1007.9,16.4,13.6,11.0,6.2
2010-03-12,31.4,28.9,27.2,25.1,24.7,24.2,88,79,67,1011.4,1009.1,1007.2,16.7,14.3,10.9,1.4
2010-03-13,31.8,29.0,27.4,25.2,24.7,24.4,85,78,65,1011.5,1008.8,1006.7,19.4,16.0,13.5,1.7
2010-03-14,31.0,28.6,27.2,25.2,24.8,24.4,87,80,70,1010.2,1008.4,1006.2,21.0,17.7,11.1,3.9
2010-03-15,32.1,29.1,27.7,25.4,25.0,24.8,86,79,66,1012.0,1008.4,1005.8,20.0,15.5,5.0,3.7
2010-03-16,30.7,28.3,26.0,25.4,24.5,23.5,93,80,66,1011.6,1009.9,1008.4,19.3,12.0,7.4,0.1
2010-03-17,31.7,28.7,26.2,25.6,24.6,24.2,92,79,65,1011.5,1009.4,1007.9,13.3,8.2,4.0,0.7
2010-03-18,32.1,29.2,26.3,25.6,24.8,24.3,92,78,64,1011.3,1009.6,1007.4,14.8,9.0,5.1,0.6
2010-03-19,32.3,29.1,27.5,25.6,25.2,24.9,89,80,65,1011.3,1009.8,1007.7,11.6,8.7,4.1,3.4
2010-03-20,31.1,28.3,26.4,25.4,24.7,23.7,91,82,65,1012.3,1009.9,1007.9,16.3,7.7,1.5,2.7
2010-03-21,32.3,28.9,26.5,25.5,24.6,22.7,93,79,57,1011.5,1009.5,1007.0,15.4,7.7,1.9,0.3
2010-03-22,33.9,29.6,26.6,25.3,24.2,21.9,91,74,50,1010.4,1007.9,1005.2,16.9,8.6,2.3,0.0
2010-03-23,34.3,29.7,26.9,25.5,24.3,21.5,92,74,47,1008.4,1006.1,1003.3,18.5,11.1,0.4,0.0
2010-03-24,33.4,29.5,27.3,25.4,24.2,22.2,89,75,52,1007.7,1005.8,1003.7,18.7,12.5,8.4,0.5
2010-03-25,33.0,29.3,27.1,25.3,24.5,23.2,90,76,57,1009.8,1007.3,1005.7,16.7,14.2,10.6,1.0
2010-03-26,32.8,29.4,27.2,26.0,25.2,24.2,91,79,63,1011.4,1009.0,1006.7,15.6,11.8,7.4,0.7
2010-03-27,32.2,29.1,27.4,26.2,25.6,24.8,93,82,65,1011.7,1008.8,1006.4,17.4,13.7,10.8,1.4
2010-03-28,32.7,29.2,27.4,25.9,25.2,24.0,91,80,60,1011.4,1009.1,1006.4,18.2,13.5,7.1,0.8
2010-03-29,32.3,29.1,27.4,26.0,25.3,24.3,92,81,64,1010.9,1008.6,1006.3,16.9,12.2,4.7,0.9
2010-03-30,30.6,28.8,27.5,25.8,25.3,24.5,90,82,71,1011.1,1008.8,1006.8,16.1,12.9,10.3,1.4
2010-03-31,32.2,29.1,27.1,25.8,25.2,24.5,91,80,66,1010.4,1007.9,1005.2,18.2,14.6,11.8,1.6
2010-04-01,31.8,29.0,27.6,26.0,25.5,24.9,89,82,69,1009.3,1007.2,1005.2,19.0,15.4,10.8,2.6
2010-04-02,31.8,29.0,27.5,25.9,25.6,25.0,91,82,69,1008.2,1006.4,1004.7,18.3,14.0,10.2,1.2
2010-04-03,31.9,29.1,27.6,25.9,25.4,24.8,88,81,66,1009.5,1007.0,1005.5,17.6,14.8,12.8,0.8
2010-04-04,32.0,29.3,27.4,25.9,25.3,24.8,90,80,66,1008.8,1007.0,1005.4,20.3,14.8,10.8,0.6
2010-04-05,32.3,29.3,27.6,25.6,25.3,24.9,87,80,65,1009.6,1007.7,1006.1,17.6,15.1,12.3,2.7
2010-04-06,31.8,29.0,27.2,25.7,25.2,24.6,90,81,67,1009.5,1007.3,1004.7,17.9,13.8,8.0,3.3
2010-04-07,31.9,29.3,27.2,25.7,25.0,24.2,90,78,65,1009.1,1006.9,1004.2,17.8,13.7,9.5,1.3
2010-04-08,32.3,29.5,27.7,25.6,24.9,23.9,88,77,61,1008.8,1006.9,1005.4,16.7,11.3,6.5,1.0
2010-04-09,32.8,29.8,27.9,25.3,24.6,23.7,83,74,60,1010.2,1008.0,1006.2,17.1,14.7,11.5,1.8
2010-04-10,31.3,28.9,27.1,25.4,24.7,23.8,88,79,65,1010.7,1008.4,1006.1,14.7,10.6,6.2,0.5
2010-04-11,31.7,29.0,27.1,25.1,24.6,24.0,89,78,64,1008.4,1006.4,1004.3,17.8,12.7,8.9,1.1
2010-04-12,32.7,29.6,27.5,25.8,24.5,23.6,87,75,60,1008.9,1006.8,1005.1,17.6,14.7,12.0,0.0
2010-04-13,31.7,28.9,27.1,25.8,25.4,24.9,92,82,67,1009.5,1007.6,1005.8,17.7,14.1,10.4,4.3
2010-04-14,30.7,28.6,27.0,26.1,25.7,25.3,92,84,75,1010.0,1007.8,1005.6,16.0,12.3,10.0,4.9
2010-04-15,31.7,28.9,27.2,25.8,25.3,24.9,90,82,69,1010.1,1008.2,1006.3,19.6,14.4,10.8,0.4
2010-04-16,31.0,28.6,26.7,25.5,25.0,24.5,91,82,69,1010.9,1008.9,1007.4,19.4,14.6,10.1,3.0
2010-04-17,32.0,28.6,25.9,25.5,24.8,23.8,92,81,62,1011.4,1008.9,1006.4,17.4,9.6,1.3,0.6
2010-04-18,32.4,29.5,27.4,25.4,24.7,23.7,89,76,61,1010.2,1008.3,1006.8,15.6,10.8,5.4,0.0
2010-04-19,32.6,29.3,28.0,25.3,24.9,24.4,84,78,63,1010.2,1008.5,1007.3,19.7,15.2,12.0,4.1
2010-04-20,30.7,28.1,26.3,25.3,24.9,24.0,89,83,72,1010.0,1008.4,1006.2,18.7,14.5,11.4,6.6
2010-04-21,30.5,28.2,26.8,25.4,25.0,24.4,90,83,73,1010.7,1009.0,1007.9,19.6,15.1,7.6,7.8
2010-04-22,30.7,28.0,26.7,25.7,25.2,24.3,91,85,74,1011.5,1009.8,1008.4,16.4,12.1,5.9,9.5
2010-04-23,29.9,27.8,26.1,25.9,25.2,24.9,94,86,77,1012.1,1009.7,1008.1,14.3,11.1,8.1,7.7
2010-04-24,30.2,27.7,26.1,25.3,24.9,24.7,92,85,74,1013.6,1010.2,1007.9,13.2,7.2,1.5,1.4
2010-04-25,30.2,27.8,26.1,25.6,25.0,24.6,92,85,74,1011.2,1008.9,1007.1,13.9,9.3,4.7,5.0
2010-04-26,29.6,27.3,25.7,25.4,25.0,24.5,95,88,78,1010.8,1008.0,1006.3,14.8,9.6,2.6,14.6
2010-04-27,29.8,27.6,26.5,25.9,25.3,25.0,92,87,80,1010.9,1008.6,1006.3,12.6,8.5,3.6,6.9
2010-04-28,28.5,27.3,25.6,25.2,24.4,23.9,91,85,78,1012.6,1009.6,1006.9,12.0,9.2,5.9,5.1
2010-04-29,30.7,28.0,26.4,25.2,24.9,24.5,91,84,71,1011.0,1009.0,1006.8,16.6,11.2,5.8,8.1
2010-04-30,30.4,28.0,26.6,25.4,25.0,24.6,91,84,72,1010.4,1008.9,1007.8,17.6,13.7,8.1,7.0
2010-05-01,28.9,27.7,26.6,25.5,25.1,24.9,91,86,80,1011.8,1009.0,1006.8,13.4,9.5,1.3,5.0
2010-05-02,29.5,27.3,25.2,25.9,25.0,24.1,95,87,81,1012.9,1010.0,1008.5,13.6,8.4,1.6,18.0
2010-05-03,29.7,27.3,25.6,26.3,25.1,24.6,94,88,82,1011.2,1009.5,1007.4,15.1,9.9,3.6,7.3
2010-05-04,30.7,28.1,26.2,25.4,25.0,24.8,92,83,72,1010.2,1008.3,1006.4,18.2,12.3,7.7,1.6
2010-05-05,29.1,27.2,25.9,25.3,24.6,24.1,91,86,80,1010.0,1008.6,1006.9,16.2,11.4,5.1,8.7
2010-05-06,30.0,27.8,26.3,25.0,24.7,24.5,91,84,74,1010.9,1008.9,1007.1,14.0,8.3,3.6,3.1
2010-05-07,28.4,27.0,25.2,25.1,24.7,24.1,94,87,79,1012.0,1009.2,1007.5,10.2,6.5,1.1,3.8
2010-05-08,30.5,27.7,25.9,25.5,25.0,24.8,94,86,73,1010.9,1008.7,1007.2,12.3,8.1,1.1,4.1
2010-05-09,29.5,27.7,26.7,25.0,24.8,24.6,89,85,76,1012.0,1009.8,1008.4,13.7,10.2,2.6,3.6
2010-05-10,30.2,28.2,26.2,25.4,25.0,24.8,92,83,74,1010.9,1009.2,1007.6,16.5,9.9,3.1,1.0
2010-05-11,30.3,28.2,25.9,25.8,25.1,24.6,93,83,74,1010.6,1008.6,1007.0,14.5,11.2,7.7,1.5
2010-05-12,30.4,28.4,26.7,25.8,25.4,25.1,93,85,74,1011.0,1009.0,1006.7,16.7,11.4,5.9,2.3
2010-05-13,29.5,27.4,25.5,25.6,24.9,24.5,94,87,78,1011.7,1009.8,1007.8,18.8,11.6,2.7,15.0
2010-05-14,30.1,28.0,26.3,25.5,25.0,24.6,93,84,74,1011.9,1010.4,1009.1,16.7,10.6,6.5,2.7
2010-05-15,30.0,27.8,26.1,25.2,25.0,24.7,94,85,74,1011.7,1009.9,1008.4,14.2,11.6,7.9,3.1
2010-05-16,29.7,27.7,25.6,25.9,25.1,24.6,94,86,79,1011.9,1010.1,1008.4,15.8,11.3,6.6,1.6
2010-05-17,29.5,27.2,26.2,25.9,25.0,24.8,93,88,81,1011.3,1009.7,1008.3,14.9,8.7,4.3,8.8
2010-05-18,29.6,27.6,26.5,25.2,24.8,24.6,90,85,76,1010.7,1009.1,1007.3,17.4,12.8,7.0,1.8
2010-05-19,29.0,26.9,25.7,25.4,24.7,24.3,93,88,80,1010.1,1008.5,1007.3,15.4,11.4,8.4,4.4
2010-05-20,28.6,26.9,25.2,25.7,24.8,24.2,96,88,79,1010.8,1008.8,1007.2,14.3,7.5,3.3,8.0
2010-05-21,28.6,26.7,25.4,25.6,24.6,24.0,94,88,82,1012.0,1010.2,1008.4,10.3,6.2,1.8,9.4
2010-05-22,29.7,27.2,24.8,25.6,24.8,24.2,97,87,77,1011.5,1009.6,1007.6,13.8,8.9,4.0,7.7
2010-05-23,29.3,27.3,25.5,25.5,24.8,24.4,96,86,80,1011.2,1009.5,1008.0,14.0,9.0,5.0,4.7
2010-05-24,28.3,27.0,25.8,25.1,24.6,24.2,95,87,82,1010.9,1009.2,1007.5,12.2,7.9,5.2,8.1
2010-05-25,28.5,27.3,25.8,25.0,24.7,24.2,95,86,79,1011.0,1008.9,1006.4,11.1,8.8,5.9,7.0
2010-05-26,28.4,27.1,25.6,25.1,24.6,24.3,93,87,81,1010.7,1009.0,1007.7,16.9,12.4,8.1,12.6
2010-05-27,29.0,27.4,25.4,25.8,24.9,24.6,96,86,79,1011.5,1009.9,1008.2,16.4,10.4,3.6,2.3
2010-05-28,28.4,26.9,25.6,25.7,24.9,24.2,94,89,85,1012.4,1010.5,1008.6,10.2,6.3,2.3,17.3
2010-05-29,29.6,27.6,25.2,25.1,24.7,24.3,96,84,73,1012.1,1010.2,1008.2,8.4,4.4,0.0,0.2
2010-05-30,28.0,26.4,25.3,25.0,24.5,24.0,94,89,83,1011.7,1010.2,1008.3,14.6,9.5,4.9,12.5
2010-05-31,29.0,26.7,25.4,24.9,24.4,24.0,94,88,78,1014.0,1011.4,1010.1,21.0,14.3,7.6,14.7
2010-06-01,28.6,26.4,24.8,24.4,24.0,23.4,94,87,77,1014.3,1012.2,1011.0,17.1,10.1,5.2,8.7
2010-06-02,27.5,26.1,25.0,24.7,23.9,23.5,93,88,81,1014.4,1012.7,1011.0,14.7,9.4,5.8,15.3
2010-06-03,28.1,26.0,24.5,25.1,23.9,23.4,95,89,79,1014.5,1012.6,1010.8,12.8,7.5,1.9,11.2
2010-06-04,26.7,25.4,24.5,24.5,23.7,23.2,94,90,85,1015.4,1013.2,1011.7,16.0,10.8,5.1,22.1
2010-06-05,28.5,26.1,24.5,24.4,23.8,23.2,94,87,76,1015.7,1013.8,1012.1,12.5,8.0,4.5,5.7
2010-06-06,28.9,26.6,24.4,25.3,24.4,23.5,96,87,81,1015.0,1013.0,1011.1,13.0,7.0,1.8,4.3
2010-06-07,29.2,26.7,24.9,25.1,24.2,23.6,95,86,75,1013.1,1011.8,1010.6,10.7,7.9,5.5,2.0
2010-06-08,28.6,26.3,25.2,25.5,24.4,23.9,94,89,82,1013.4,1011.7,1010.4,14.7,9.8,4.9,9.3
2010-06-09,27.1,25.7,24.5,24.2,23.6,23.2,95,88,82,1014.0,1012.2,1010.9,11.9,8.0,2.5,18.1
2010-06-10,28.3,26.1,24.1,25.0,23.9,23.1,96,88,79,1014.7,1012.8,1011.1,11.3,5.2,0.0,7.8
2010-06-11,29.1,27.0,24.7,24.1,23.8,23.4,94,83,72,1014.1,1012.6,1010.3,14.4,7.4,1.0,1.5
2010-06-12,29.0,26.8,25.4,24.3,24.1,23.7,92,85,75,1013.5,1011.7,1009.9,13.0,8.6,4.2,8.4
2010-06-13,26.8,26.1,25.3,24.5,24.2,23.7,93,89,87,1013.0,1011.1,1009.4,15.6,12.9,8.2,8.3
2010-06-14,27.8,26.0,24.9,25.0,23.8,22.6,93,88,80,1013.6,1012.0,1010.7,12.8,9.6,5.4,4.6
2010-06-15,26.9,25.6,24.7,24.9,23.9,23.2,94,90,84,1014.6,1012.8,1011.3,13.2,9.1,4.1,12.2
2010-06-16,27.5,25.5,24.3,24.0,23.4,23.1,94,88,80,1014.4,1012.3,1010.9,14.9,9.8,5.5,13.5
2010-06-17,28.1,26.1,24.4,24.7,23.7,23.1,94,87,79,1013.8,1012.0,1010.2,16.3,11.9,8.9,1.6
2010-06-18,27.7,26.1,24.6,24.7,23.8,23.3,93,87,82,1013.1,1011.4,1009.6,13.2,9.3,5.2,4.3
2010-06-19,28.5,26.4,24.9,24.7,23.9,23.2,93,87,78,1011.8,1010.2,1008.1,14.4,9.4,3.7,4.6
2010-06-20,28.2,26.0,24.5,24.8,24.0,23.6,95,89,82,1011.6,1010.2,1009.1,13.1,8.6,5.8,5.1
2010-06-21,27.7,26.2,25.3,24.5,23.8,23.2,91,87,81,1012.4,1010.6,1009.0,9.8,6.1,3.9,6.4
2010-06-22,28.9,26.6,24.9,25.1,24.2,23.8,95,87,77,1012.3,1010.1,1007.8,14.3,8.3,3.2,3.2
2010-06-23,28.2,26.2,24.9,25.1,24.3,23.9,94,89,82,1011.2,1009.6,1008.3,14.2,10.0,5.4,12.5
2010-06-24,28.0,26.2,24.5,24.3,23.7,23.1,94,87,78,1012.6,1010.7,1009.4,15.8,12.5,4.9,9.2
2010-06-25,27.0,25.5,24.4,24.2,23.6,22.9,94,89,83,1012.7,1011.0,1009.1,20.1,15.6,12.5,24.7
2010-06-26,25.8,25.1,24.0,23.7,23.2,22.8,95,90,84,1013.6,1011.6,1010.0,18.1,14.5,10.1,11.0
2010-06-27,27.5,25.8,24.4,23.9,23.3,22.8,93,86,78,1014.3,1012.2,1010.8,14.4,10.4,7.5,1.2
2010-06-28,27.6,25.9,24.6,24.0,23.3,23.0,91,85,80,1014.0,1011.8,1010.1,14.8,11.7,5.4,2.1
2010-06-29,27.8,26.0,25.2,23.7,23.4,23.3,90,86,77,1013.4,1011.4,1009.8,15.2,9.2,3.1,1.8
2010-06-30,28.0,26.3,25.1,24.6,23.8,23.3,91,86,81,1012.4,1010.7,1009.2,14.5,11.4,8.7,0.6
2010-07-01,27.8,25.8,24.9,24.4,23.5,22.8,91,87,78,1012.6,1011.3,1010.3,16.2,13.1,10.2,5.2
2010-07-02,28.1,25.5,23.8,23.6,23.0,22.4,94,86,76,1013.6,1011.8,1010.6,16.1,11.2,7.6,12.2
2010-07-03,27.8,26.0,25.1,23.6,23.3,23.0,91,85,75,1012.8,1011.5,1010.5,14.8,10.9,7.6,2.0
2010-07-04,28.4,26.1,24.7,24.3,23.4,23.1,91,85,77,1013.7,1011.7,1009.3,17.7,13.2,8.6,2.2
2010-07-05,27.9,25.8,24.9,24.2,23.5,23.2,91,87,80,1013.4,1011.3,1009.6,18.3,13.9,6.3,4.9
2010-07-06,26.8,25.1,23.9,24.2,23.2,22.3,94,90,85,1012.0,1010.7,1009.5,18.5,14.0,11.0,10.8
2010-07-07,26.9,25.1,23.8,23.7,23.0,22.7,95,88,81,1013.2,1011.5,1010.3,13.4,10.0,7.2,6.0
2010-07-08,27.2,25.4,23.4,24.5,23.3,22.7,96,89,82,1013.6,1011.7,1009.8,16.9,10.6,5.5,1.7
2010-07-09,27.2,25.3,24.1,24.2,23.3,22.8,94,89,80,1013.0,1011.2,1009.7,16.8,11.3,5.4,11.6
2010-07-10,25.4,24.2,23.7,23.7,22.9,22.5,95,93,90,1013.3,1011.4,1010.0,18.3,14.6,10.7,23.7
2010-07-11,26.8,25.1,23.8,23.1,22.6,22.3,93,86,79,1013.5,1011.9,1010.3,13.2,11.1,9.0,2.5
2010-07-12,28.2,25.8,24.0,23.4,23.0,22.7,92,85,73,1013.1,1011.4,1009.6,15.1,11.4,8.0,2.2
2010-07-13,26.8,25.5,24.5,23.6,23.1,22.8,91,87,81,1012.7,1010.9,1008.8,15.3,11.3,6.3,6.8
2010-07-14,26.7,25.3,24.4,23.7,23.1,22.5,92,87,81,1012.1,1010.9,1009.6,16.6,12.4,6.7,9.4
2010-07-15,27.3,25.2,24.2,23.9,23.2,22.9,93,89,81,1012.6,1011.0,1009.9,19.4,14.4,10.8,14.2
2010-07-16,25.3,24.3,23.8,23.5,22.8,22.1,95,92,88,1012.8,1011.0,1009.9,17.6,14.6,11.9,41.6
2010-07-17,27.5,25.3,23.6,23.0,22.4,21.9,93,84,77,1014.7,1012.6,1011.1,15.5,12.9,9.9,2.7
2010-07-18,28.3,26.0,24.4,23.3,22.6,22.1,88,82,72,1015.3,1013.4,1011.9,14.5,11.8,9.0,0.6
2010-07-19,26.8,25.5,24.4,23.0,22.6,22.2,89,84,79,1014.4,1013.0,1011.2,20.6,16.3,12.5,0.0
2010-07-20,26.4,25.4,24.6,22.4,22.1,21.9,87,82,77,1015.2,1013.2,1011.0,22.2,18.1,14.3,0.0
2010-07-21,26.9,25.1,24.0,22.2,21.7,21.4,88,82,72,1016.3,1014.4,1012.9,19.7,17.3,15.0,0.6
2010-07-22,27.3,25.3,23.8,22.6,21.9,21.3,87,82,72,1014.6,1013.1,1011.7,22.2,17.9,14.7,0.4
2010-07-23,27.0,25.1,24.3,22.0,21.6,21.4,86,81,73,1015.1,1013.4,1012.3,25.2,21.9,16.9,2.0
2010-07-24,26.5,24.9,23.7,21.7,21.5,21.2,88,82,73,1016.1,1013.9,1012.1,19.1,17.6,14.8,0.2
2010-07-25,27.6,25.3,24.0,22.1,21.3,20.5,87,79,68,1014.2,1012.1,1010.3,18.1,16.6,14.8,0.0
2010-07-26,27.0,25.2,24.4,22.5,22.2,21.9,88,83,76,1013.1,1011.1,1009.6,22.1,18.4,16.5,0.4
2010-07-27,26.1,24.8,24.3,23.3,22.4,22.0,88,87,83,1014.2,1012.8,1011.3,19.1,14.1,7.3,8.5
2010-07-28,26.4,24.7,23.4,23.3,22.6,22.2,93,88,83,1015.9,1013.9,1012.7,14.0,10.7,8.9,1.5
2010-07-29,27.4,25.2,23.5,22.8,22.3,22.0,92,84,73,1014.4,1012.5,1010.3,19.0,13.8,9.0,0.5
2010-07-30,26.0,24.7,24.0,22.8,22.3,21.9,90,86,81,1012.0,1010.3,1008.7,24.4,19.0,15.4,7.3
2010-07-31,27.3,25.1,23.8,22.1,21.7,21.4,89,82,71,1012.7,1010.5,1008.7,17.6,15.9,13.5,0.5
2010-08-01,27.9,25.0,23.4,22.3,21.9,21.5,92,83,68,1013.2,1011.4,1010.0,18.8,14.2,10.1,0.1
2010-08-02,27.0,25.1,23.4,22.2,21.8,21.6,90,82,72,1013.4,1011.6,1010.1,17.1,14.1,10.7,0.0
2010-08-03,26.7,25.1,23.9,22.4,22.2,22.0,89,84,77,1013.7,1011.6,1009.8,17.3,14.7,11.7,0.3
2010-08-04,27.4,25.1,23.5,22.8,22.4,22.2,93,85,76,1013.7,1011.4,1009.6,18.7,16.5,14.3,1.3
2010-08-05,27.9,25.6,24.0,22.9,22.5,22.0,91,83,72,1013.1,1011.0,1008.9,17.7,15.8,13.5,0.9
2010-08-06,26.5,25.4,24.6,23.1,22.7,22.2,91,85,77,1013.1,1011.1,1009.7,18.4,15.4,12.2,0.3
2010-08-07,27.2,25.0,24.3,23.5,22.9,22.6,91,88,79,1014.2,1012.4,1011.0,18.7,15.8,13.3,7.1
2010-08-08,25.8,24.8,24.3,23.1,22.8,22.6,92,89,85,1014.7,1012.9,1011.3,19.3,16.7,14.8,8.7
2010-08-09,25.9,24.7,23.9,23.8,23.0,22.5,93,90,85,1015.1,1012.9,1010.8,14.5,12.8,10.8,6.4
2010-08-10,26.4,24.9,24.0,23.6,23.2,22.9,94,91,85,1013.6,1011.6,1010.3,16.0,13.5,9.8,8.1
2010-08-11,26.4,24.7,24.0,23.7,22.9,22.5,92,90,85,1013.8,1011.8,1010.5,22.6,16.3,11.4,7.2
2010-08-12,26.2,24.4,23.3,23.3,22.6,22.1,94,90,82,1014.5,1013.0,1011.8,19.2,14.4,11.0,11.3
2010-08-13,26.0,24.3,23.3,23.5,22.6,22.1,95,90,84,1014.5,1012.5,1010.5,20.1,14.2,10.6,10.9
2010-08-14,26.6,24.7,23.5,23.5,22.8,22.1,94,89,81,1013.9,1012.3,1010.7,16.5,12.3,6.3,4.1
2010-08-15,27.5,25.4,23.7,23.4,23.0,22.7,95,87,78,1014.1,1012.2,1010.7,9.4,6.3,0.4,0.5
2010-08-16,27.3,25.6,24.4,23.9,23.4,22.9,92,88,82,1013.7,1011.7,1010.3,15.1,11.2,7.9,4.4
2010-08-17,27.8,25.3,24.2,23.9,23.1,22.7,92,88,79,1013.9,1012.0,1010.0,19.1,14.9,10.2,8.0
2010-08-18,27.7,25.3,23.6,23.7,22.9,22.2,93,87,79,1014.0,1011.7,1009.6,17.9,13.6,10.4,2.1
2010-08-19,27.5,25.4,23.9,22.9,22.6,22.3,92,85,74,1013.5,1011.5,1009.3,18.2,13.5,6.8,0.2
2010-08-20,26.3,24.9,24.1,23.4,22.9,22.4,92,88,82,1013.7,1011.9,1010.7,19.2,14.3,8.7,8.5
2010-08-21,26.1,24.8,23.8,23.3,22.6,22.3,93,88,81,1014.4,1012.8,1010.9,17.7,13.4,10.0,4.6
2010-08-22,27.0,25.1,23.7,22.8,22.6,22.2,94,86,78,1015.4,1013.2,1011.1,19.5,14.9,9.2,1.6
2010-08-23,27.3,25.0,24.0,23.6,22.6,22.3,91,87,80,1014.9,1012.2,1009.8,18.4,15.2,11.8,3.2
2010-08-24,27.5,25.1,23.9,23.8,22.9,22.5,93,88,80,1014.1,1012.2,1010.9,16.4,13.6,6.6,13.3
2010-08-25,27.0,25.0,23.9,23.9,22.9,22.5,92,88,83,1014.4,1012.7,1011.2,15.0,11.9,8.0,3.7
2010-08-26,27.6,25.3,23.7,23.3,22.7,22.3,93,86,77,1014.4,1012.5,1010.5,16.6,14.9,11.2,11.9
2010-08-27,25.7,24.6,23.8,23.5,22.7,22.1,94,89,84,1013.0,1010.8,1009.0,17.6,14.4,11.8,20.3
2010-08-28,26.8,24.7,23.2,23.3,22.6,22.0,94,88,81,1012.5,1010.5,1008.7,18.5,14.4,12.3,8.1
2010-08-29,27.0,25.0,24.0,23.6,22.7,22.3,92,87,79,1012.2,1010.5,1009.0,19.6,15.4,12.1,3.0
2010-08-30,27.2,25.2,24.1,23.7,22.8,22.2,91,87,81,1013.5,1011.2,1009.1,19.9,15.2,12.4,4.7
2010-08-31,26.1,24.9,24.0,23.3,22.7,22.3,92,88,83,1012.2,1010.5,1009.2,19.2,16.6,15.0,4.9
2010-09-01,26.9,25.1,23.7,23.6,22.8,22.0,91,87,81,1013.0,1011.1,1009.8,16.9,13.8,9.4,2.6
2010-09-02,27.3,25.4,23.7,23.3,22.8,22.4,93,86,77,1014.0,1011.7,1009.4,16.6,12.0,9.3,1.3
2010-09-03,27.4,25.0,24.2,24.1,23.1,22.5,94,89,81,1013.3,1011.2,1009.8,17.7,13.9,10.5,15.7
2010-09-04,26.4,24.9,23.7,23.6,23.1,22.8,95,89,84,1013.1,1010.5,1008.9,16.5,13.9,9.9,7.6
2010-09-05,26.1,24.8,23.7,24.1,23.1,22.4,95,90,85,1013.3,1011.4,1010.0,16.5,14.8,11.3,7.1
2010-09-06,26.4,24.8,23.8,23.7,23.1,22.6,95,90,84,1015.4,1012.8,1011.3,17.7,14.3,11.2,51.0
2010-09-07,27.0,25.0,23.8,23.6,23.0,22.7,94,89,81,1014.5,1012.2,1010.1,16.1,13.7,11.3,9.2
2010-09-08,26.9,24.8,23.3,24.1,22.9,22.4,96,90,84,1014.5,1012.2,1010.5,17.1,13.2,8.7,19.3
2010-09-09,27.3,25.2,24.0,23.7,22.9,22.5,92,87,77,1014.7,1012.7,1011.1,17.6,12.8,8.4,2.8
2010-09-10,26.6,25.0,23.7,23.4,22.7,22.3,92,87,80,1014.8,1012.2,1009.7,15.3,10.4,7.0,10.8
2010-09-11,26.3,24.7,23.4,23.6,22.7,22.3,94,89,83,1013.0,1011.1,1009.6,13.8,9.4,4.0,11.4
2010-09-12,27.1,25.2,23.5,24.2,22.9,22.3,95,87,79,1013.2,1010.9,1008.8,15.4,9.2,3.4,3.0
2010-09-13,27.6,25.5,23.7,23.3,22.9,22.4,92,86,77,1012.9,1011.0,1008.9,16.8,12.4,7.7,1.9
2010-09-14,26.3,25.0,24.1,23.7,23.1,22.7,92,89,84,1012.6,1010.8,1009.3,14.3,11.7,7.1,12.4
2010-09-15,27.0,25.0,23.4,23.5,22.8,22.2,94,88,80,1013.2,1011.1,1009.4,16.3,10.5,5.4,7.8
2010-09-16,27.9,25.6,23.5,24.2,23.2,22.8,96,87,77,1013.0,1010.7,1009.0,14.6,10.1,4.6,0.3
2010-09-17,27.0,25.5,24.4,23.6,23.1,22.8,91,87,80,1012.8,1010.7,1009.4,15.6,10.1,5.6,3.4
2010-09-18,26.2,24.9,23.8,24.0,22.9,21.9,92,88,85,1013.6,1011.7,1010.2,13.8,9.6,6.0,15.1
2010-09-19,28.2,25.5,23.3,24.0,23.1,22.4,95,87,78,1013.3,1011.1,1009.2,14.2,10.6,6.7,4.7
2010-09-20,27.8,25.3,23.7,23.7,23.1,22.4,93,88,77,1011.6,1009.8,1007.5,17.4,11.7,6.2,10.1
2010-09-21,26.9,25.3,23.9,24.4,23.2,22.6,94,88,82,1011.5,1009.5,1007.6,14.3,10.6,5.6,6.1
2010-09-22,28.0,25.7,23.9,23.8,23.2,22.8,95,87,78,1011.7,1009.7,1007.8,15.9,12.0,7.6,6.2
2010-09-23,27.3,24.9,23.6,23.7,22.9,22.1,95,89,78,1012.4,1010.5,1008.5,17.3,13.0,7.2,23.7
2010-09-24,24.9,24.3,23.8,23.7,23.0,22.7,95,92,88,1013.2,1011.1,1009.3,14.8,9.4,5.6,24.2
2010-09-25,27.7,25.5,23.8,24.2,23.1,22.6,95,87,78,1013.5,1011.3,1009.5,15.3,10.2,4.3,2.2
2010-09-26,28.1,25.9,24.0,24.2,23.3,22.9,95,86,79,1012.9,1010.4,1008.8,15.7,11.1,6.8,2.2
2010-09-27,25.8,24.8,24.3,23.9,23.0,22.6,93,90,87,1012.1,1009.7,1007.9,16.5,10.4,6.1,35.0
2010-09-28,26.4,25.0,23.5,24.1,23.2,22.6,96,90,83,1011.5,1009.8,1008.2,10.9,6.5,3.2,8.9
2010-09-29,28.7,25.8,23.4,24.1,23.4,22.8,98,87,74,1011.5,1009.1,1007.7,12.8,6.1,1.1,0.0
2010-09-30,28.4,26.3,24.8,24.9,23.9,23.5,93,87,78,1011.4,1009.2,1006.4,14.5,10.4,7.5,2.9
2010-10-01,28.5,26.3,25.2,24.1,23.8,23.6,92,87,77,1010.0,1008.3,1006.3,13.9,10.1,5.6,1.4
2010-10-02,28.3,26.1,24.4,24.7,23.8,23.5,95,87,78,1011.1,1008.9,1007.1,14.8,9.7,6.4,1.3
2010-10-03,29.1,26.3,24.6,24.8,23.9,23.5,94,87,78,1011.8,1009.1,1007.4,15.3,10.5,6.6,4.8
2010-10-04,27.2,25.4,24.5,24.5,23.5,22.8,93,89,84,1012.6,1010.1,1008.6,12.7,8.8,5.5,15.9
2010-10-05,27.9,25.5,23.9,24.5,23.5,22.5,95,89,80,1013.4,1011.0,1009.6,13.2,7.7,3.8,7.3
2010-10-06,27.2,25.5,24.2,24.4,23.6,23.3,95,89,84,1013.6,1011.3,1009.8,12.4,8.1,3.6,6.3
2010-10-07,26.0,25.0,23.8,23.6,23.1,22.8,94,90,85,1014.8,1012.3,1010.6,14.9,9.8,5.2,11.2
2010-10-08,28.6,26.2,24.0,24.1,23.6,23.1,95,86,75,1014.5,1012.4,1010.0,14.6,10.3,7.2,1.8
2010-10-09,28.5,26.4,24.7,24.8,23.9,23.5,93,87,79,1013.9,1011.9,1009.4,15.5,10.8,7.2,1.5
2010-10-10,28.2,26.1,24.9,25.3,24.3,23.8,95,90,84,1012.0,1010.4,1008.6,13.1,9.9,5.2,7.7
2010-10-11,26.5,25.3,24.5,24.3,23.5,22.8,93,90,84,1012.6,1010.1,1008.6,11.7,7.4,3.6,16.4
2010-10-12,27.3,25.4,23.8,24.5,23.5,23.1,96,89,83,1013.5,1010.8,1008.9,10.9,6.6,1.5,8.7
2010-10-13,28.4,25.9,24.0,24.5,23.7,23.3,96,88,80,1013.4,1011.1,1009.7,13.4,6.6,1.4,6.5
2010-10-14,27.7,25.8,24.4,24.0,23.7,23.5,96,89,80,1013.0,1011.4,1010.4,13.2,7.8,4.3,7.2
2010-10-15,28.6,26.3,24.5,24.3,23.8,23.5,95,87,77,1012.4,1010.3,1008.1,16.3,10.6,6.2,0.6
2010-10-16,28.9,26.6,24.7,24.5,24.1,23.6,95,86,76,1012.1,1009.5,1007.1,16.1,11.0,6.9,0.1
2010-10-17,28.1,26.5,24.9,24.7,24.0,23.8,93,86,78,1011.4,1009.1,1007.2,14.5,10.2,6.5,4.0
2010-10-18,28.7,26.2,24.8,24.5,23.9,23.5,93,87,76,1011.3,1009.3,1007.2,13.9,10.5,6.6,7.4
2010-10-19,28.1,26.2,24.4,24.1,23.8,23.6,97,87,78,1011.5,1009.5,1006.7,12.5,9.6,4.7,5.9
2010-10-20,28.7,26.2,24.2,24.3,23.5,23.1,95,86,75,1012.1,1010.0,1007.3,15.3,10.6,4.7,9.2
2010-10-21,27.9,25.6,24.1,24.1,23.3,22.9,94,88,77,1013.4,1010.5,1008.0,16.0,7.3,2.3,4.6
2010-10-22,27.9,26.0,24.4,23.7,23.3,23.0,92,85,75,1011.5,1009.8,1008.1,11.9,7.8,3.1,1.1
2010-10-23,28.5,26.1,24.2,23.5,23.2,22.9,93,85,73,1011.3,1009.1,1007.0,13.8,10.0,5.6,1.8
2010-10-24,28.5,25.9,24.6,23.9,23.2,22.9,91,85,75,1010.3,1008.8,1007.2,14.6,9.7,5.8,3.2
2010-10-25,27.0,25.1,23.5,23.9,23.1,22.3,93,89,81,1011.4,1009.3,1007.8,10.0,6.9,3.7,8.8
2010-10-26,28.4,25.7,23.5,24.7,23.6,22.9,97,88,80,1012.0,1009.5,1007.6,13.9,6.3,0.8,1.1
2010-10-27,28.4,26.1,24.4,24.1,23.6,23.2,94,86,76,1011.8,1009.4,1007.6,11.4,8.4,6.3,3.8
2010-10-28,28.3,26.1,23.9,24.5,23.8,23.0,95,87,79,1012.0,1009.5,1007.1,10.8,7.7,5.7,1.8
2010-10-29,27.8,25.8,24.5,24.3,23.7,23.4,94,88,80,1011.2,1009.0,1007.1,7.4,4.7,0.5,6.9
2010-10-30,29.0,26.3,24.2,24.6,23.9,23.3,95,87,77,1010.7,1009.2,1007.0,10.0,5.5,1.3,4.8
2010-10-31,28.5,26.2,24.5,24.4,24.0,23.4,95,88,77,1012.3,1010.4,1008.4,10.4,7.6,5.1,9.4
2010-11-01,28.1,26.1,24.0,24.6,23.9,23.4,97,88,81,1012.3,1009.8,1006.8,12.1,6.4,2.9,6.4
2010-11-02,28.9,26.2,24.2,24.7,24.1,23.6,97,89,78,1011.2,1009.0,1006.5,7.2,4.6,1.6,4.7
2010-11-03,29.5,26.5,24.2,24.7,24.2,23.6,96,88,75,1009.7,1007.6,1006.0,11.3,7.3,4.2,1.9
2010-11-04,29.3,26.8,25.9,25.3,24.5,23.8,92,87,78,1010.8,1008.6,1007.1,12.5,8.3,6.2,7.2
2010-11-05,28.8,26.6,24.4,24.5,24.2,23.7,96,87,76,1011.6,1009.4,1007.4,12.0,8.7,6.2,3.3
2010-11-06,28.9,26.7,25.4,24.7,24.2,23.6,93,86,73,1011.7,1009.9,1007.4,12.8,8.2,1.9,0.6
2010-11-07,29.1,26.8,25.3,24.0,23.6,23.3,89,83,71,1011.3,1009.8,1008.0,12.7,11.0,7.5,1.3
2010-11-08,29.8,27.2,25.2,24.7,24.0,23.5,92,83,71,1010.9,1009.0,1006.8,10.5,6.2,0.8,1.2
2010-11-09,29.3,27.2,25.3,25.4,24.5,23.9,92,85,79,1009.4,1007.6,1005.9,12.4,8.1,4.6,0.2
2010-11-10,28.5,26.9,25.7,25.0,24.4,24.0,92,86,80,1012.3,1009.0,1007.2,16.2,10.2,6.2,1.3
2010-11-11,29.7,26.7,25.4,25.8,24.7,24.0,96,89,79,1012.3,1010.3,1008.5,11.2,6.9,4.1,9.8
2010-11-12,30.0,27.3,25.5,25.6,25.1,24.6,95,88,75,1010.1,1008.4,1006.0,17.3,14.4,9.4,2.6
2010-11-13,28.5,26.6,25.5,25.1,24.5,24.0,94,88,81,1008.9,1006.9,1005.2,19.0,14.9,11.2,2.0
2010-11-14,27.2,25.9,24.5,24.8,24.0,23.6,95,90,84,1010.8,1008.5,1006.9,12.7,8.9,4.1,0.9
2010-11-15,29.9,27.0,24.4,24.3,23.8,23.3,94,83,71,1011.6,1010.0,1008.0,12.5,7.3,4.3,0.2
2010-11-16,30.4,27.3,25.0,24.8,24.2,23.9,93,83,70,1011.9,1010.2,1008.8,16.4,10.7,6.3,2.3
2010-11-17,30.0,27.4,25.8,24.7,24.1,23.8,90,82,72,1011.1,1008.8,1007.0,18.7,9.3,2.5,2.6
2010-11-18,28.7,27.0,25.7,24.5,24.0,23.7,91,84,78,1010.1,1008.4,1006.6,16.3,11.3,7.4,1.4
2010-11-19,28.5,26.9,25.2,25.1,24.1,23.6,93,85,77,1010.4,1008.6,1007.0,11.0,7.4,2.9,0.6
2010-11-20,30.0,27.0,25.2,24.6,24.1,23.8,93,84,72,1010.4,1008.6,1006.6,11.9,8.4,5.0,7.4
2010-11-21,29.2,26.8,25.5,24.4,24.0,23.6,93,85,74,1009.6,1007.6,1005.9,12.3,8.5,4.5,7.1
2010-11-22,29.4,27.1,24.9,25.1,24.2,23.6,93,84,78,1009.2,1007.0,1004.7,12.3,7.5,2.6,1.5
2010-11-23,29.2,27.2,25.3,24.6,23.9,23.6,91,82,74,1009.3,1007.1,1005.5,10.6,8.4,5.2,0.4
2010-11-24,29.8,27.4,25.2,24.9,24.3,23.7,92,83,74,1008.8,1007.2,1005.5,10.8,6.1,1.1,0.7
2010-11-25,30.1,27.7,25.7,25.4,24.8,24.4,93,84,76,1009.2,1007.1,1005.2,15.1,8.3,4.9,2.2
2010-11-26,28.8,27.2,25.8,25.0,24.6,24.3,92,86,79,1009.5,1007.7,1005.5,14.1,10.0,6.9,4.4
2010-11-27,28.7,27.1,25.4,24.8,24.3,24.1,94,85,78,1010.0,1008.2,1006.5,15.4,10.3,5.2,1.7
2010-11-28,29.8,26.9,24.9,24.5,24.0,23.3,92,84,72,1011.1,1009.4,1008.1,13.6,8.3,4.2,6.7
2010-11-29,29.5,27.5,25.4,25.0,24.3,23.7,91,83,76,1010.2,1008.4,1006.7,13.4,8.3,5.2,0.4
2010-11-30,29.0,27.3,25.7,25.1,24.3,24.0,91,84,77,1010.4,1008.2,1006.5,15.8,11.8,8.3,0.7
2010-12-01,29.6,27.1,25.1,24.9,24.3,23.9,93,85,75,1009.6,1007.4,1005.5,13.8,10.1,4.1,1.1
2010-12-02,29.2,27.1,24.9,24.9,24.5,23.7,95,86,77,1008.9,1007.2,1005.5,13.0,9.3,5.4,1.0
2010-12-03,29.9,27.4,25.2,24.9,24.4,24.1,94,84,75,1009.9,1008.1,1006.7,11.3,8.8,5.4,2.2
2010-12-04,29.8,27.4,25.8,24.9,24.4,23.9,92,84,72,1010.0,1008.1,1005.6,15.4,9.4,3.9,2.0
2010-12-05,29.7,27.4,25.9,25.0,24.5,24.0,93,85,74,1010.9,1008.8,1006.9,14.8,11.4,4.0,1.0
2010-12-06,30.0,27.2,25.5,24.4,24.0,23.2,92,83,70,1010.6,1008.9,1007.2,15.4,10.9,4.4,0.6
2010-12-07,29.0,26.8,24.8,24.7,24.2,23.7,95,86,75,1010.3,1008.5,1006.4,14.5,8.6,3.4,0.5
2010-12-08,28.7,26.5,24.0,24.4,23.5,23.0,95,84,73,1011.1,1009.0,1007.4,10.8,6.4,1.0,2.2
2010-12-09,30.4,27.0,23.9,24.1,23.2,21.1,97,81,58,1010.9,1008.9,1007.0,12.4,6.7,1.3,0.0
2010-12-10,30.8,27.3,24.8,24.4,23.4,21.3,95,81,57,1011.3,1008.8,1006.7,13.4,7.2,2.2,0.1
2010-12-11,31.2,27.3,23.9,23.9,23.0,20.9,96,79,55,1009.1,1007.0,1004.6,13.2,9.6,0.4,0.0
2010-12-12,31.3,27.6,24.7,23.7,22.9,20.9,91,77,54,1008.0,1005.8,1003.7,14.1,11.0,5.8,0.0
2010-12-13,30.1,27.4,24.3,24.4,23.6,22.7,95,80,65,1007.7,1005.6,1003.4,12.6,8.9,3.4,0.7
2010-12-14,31.3,27.9,24.9,24.1,23.2,21.5,93,76,56,1009.0,1006.9,1004.6,13.7,7.1,0.8,0.0
2010-12-15,32.7,28.5,25.1,24.4,23.5,21.0,93,76,50,1010.0,1007.4,1005.0,16.1,9.4,5.3,0.0
2010-12-16,31.2,28.1,26.1,24.6,24.1,23.1,91,79,64,1008.9,1006.7,1004.3,15.3,9.0,3.0,0.3
2010-12-17,31.7,28.1,25.1,24.6,23.9,22.5,95,79,59,1008.6,1005.9,1003.2,17.1,8.0,2.3,0.1
2010-12-18,32.0,28.5,25.7,24.6,23.8,22.6,93,77,58,1008.4,1006.3,1004.7,14.5,10.1,5.4,0.0
2010-12-19,31.5,28.1,25.5,24.6,24.0,23.2,93,79,61,1010.1,1008.0,1006.3,15.9,9.6,3.5,0.6
2010-12-20,30.7,27.9,25.7,24.9,24.6,24.1,94,83,68,1011.1,1008.8,1006.7,15.5,11.6,6.9,1.4
2010-12-21,30.6,28.0,26.1,25.3,24.5,23.2,93,82,65,1010.3,1008.1,1006.0,17.4,12.4,7.4,0.8
2010-12-22,31.1,27.7,24.8,24.8,24.1,22.7,95,81,61,1010.2,1008.3,1006.2,16.0,9.3,3.6,2.4
2010-12-23,30.6,27.2,25.0,24.5,24.1,23.5,94,83,66,1009.4,1007.8,1006.2,13.5,7.1,3.7,1.9
2010-12-24,30.3,27.4,24.9,24.6,23.9,22.8,96,82,64,1008.9,1007.5,1005.6,13.2,6.6,0.4,0.2
2010-12-25,30.8,27.6,25.0,24.3,23.9,23.2,94,81,66,1010.1,1008.1,1006.3,14.4,10.0,4.0,0.6
2010-12-26,29.8,27.5,25.8,24.2,23.9,23.4,90,81,71,1010.2,1008.4,1006.2,17.2,11.8,8.3,2.1
2010-12-27,30.1,27.5,25.7,24.4,24.0,23.5,90,81,71,1009.5,1007.7,1005.9,15.9,11.0,7.2,0.8
2010-12-28,29.7,27.3,25.2,24.5,24.1,23.5,94,83,70,1008.6,1006.8,1004.9,13.9,11.2,7.2,1.4
2010-12-29,29.2,26.9,24.7,24.6,24.1,23.3,96,85,73,1009.4,1007.2,1005.5,10.9,6.7,2.8,4.8
2010-12-30,28.4,26.2,23.8,24.5,23.5,22.8,94,86,73,1010.7,1007.8,1005.5,11.9,6.3,1.6,5.1
2010-12-31,30.0,26.2,23.0,23.9,19.3,13.7,99,69,37,1009.6,1007.0,1004.7,10.9,7.7,1.8,0.0
2011-01-01,30.3,25.8,21.8,20.4,16.4,11.0,87,59,33,1009.3,1006.3,1003.6,12.4,8.0,2.4,0.0
2011-01-02,30.7,26.3,21.3,22.3,20.2,18.4,91,71,49,1008.4,1006.1,1003.6,13.0,6.9,1.5,0.0
2011-01-03,31.1,27.0,23.3,23.3,22.2,20.7,94,76,54,1008.0,1006.0,1003.6,14.8,9.0,1.9,0.0
2011-01-04,31.4,27.5,24.4,23.7,23.1,22.1,94,78,58,1008.8,1006.8,1004.3,15.2,9.2,2.8,0.0
2011-01-05,30.6,27.8,25.7,24.6,23.8,23.3,90,80,66,1009.6,1007.2,1004.8,15.0,12.1,9.7,0.5
2011-01-06,30.0,27.5,26.0,24.8,24.3,23.3,91,83,69,1009.9,1007.5,1005.1,18.8,10.3,5.2,0.5
2011-01-07,31.3,27.5,25.2,24.7,23.3,20.8,94,79,54,1011.3,1008.5,1006.0,13.8,8.7,4.2,0.2
2011-01-08,31.9,27.5,24.3,24.5,19.7,11.8,96,68,29,1010.0,1007.9,1006.0,11.9,8.6,4.6,0.0
2011-01-09,31.1,26.3,22.3,22.7,17.2,10.4,93,62,29,1009.7,1007.7,1006.1,13.2,9.1,5.1,0.0
2011-01-10,31.1,26.6,22.1,22.7,21.0,18.3,98,74,47,1011.6,1009.2,1006.9,12.4,7.3,1.1,0.0
2011-01-11,31.4,26.6,22.5,22.8,19.3,14.7,97,68,37,1011.0,1008.7,1006.1,13.0,8.5,4.2,0.0
2011-01-12,31.7,26.0,20.8,21.7,18.6,13.3,94,68,34,1011.6,1008.8,1006.0,15.7,8.8,3.7,0.0
2011-01-13,31.5,26.6,22.2,23.2,21.7,19.8,95,76,50,1010.0,1008.0,1005.6,16.2,10.5,4.0,0.0
2011-01-14,30.6,27.0,23.1,23.7,22.7,21.5,96,79,59,1009.9,1007.9,1006.5,15.6,9.9,4.4,0.4
2011-01-15,31.6,27.1,23.3,23.8,22.6,20.2,97,78,51,1010.4,1008.3,1006.2,14.0,8.5,3.4,0.1
2011-01-16,31.9,27.0,23.1,23.8,15.7,8.0,95,57,23,1012.1,1009.0,1006.7,12.6,9.9,2.6,0.0
2011-01-17,32.4,26.6,21.9,20.5,14.2,6.9,85,52,22,1011.5,1008.7,1005.5,16.3,11.0,3.0,0.0
2011-01-18,31.4,26.2,21.8,19.9,16.3,11.2,84,58,31,1009.7,1007.5,1004.6,13.3,9.1,3.2,0.0
2011-01-19,31.1,26.2,21.9,21.2,19.6,16.8,89,69,43,1009.4,1006.7,1004.0,12.6,9.1,1.4,0.0
2011-01-20,31.0,26.4,22.1,21.7,20.2,17.5,92,71,45,1008.8,1006.4,1003.9,13.5,8.1,0.5,0.0
2011-01-21,31.5,26.8,22.3,22.0,20.9,19.2,94,72,48,1008.3,1006.1,1004.2,14.2,9.6,3.3,0.0
2011-01-22,31.3,26.8,22.7,23.6,22.0,20.1,95,76,51,1008.1,1006.2,1004.1,16.1,10.8,6.2,0.0
2011-01-23,31.7,27.5,24.5,24.2,23.2,21.8,96,79,56,1007.7,1005.8,1003.5,15.6,10.2,4.0,0.0
2011-01-24,30.9,27.8,25.3,23.9,23.3,22.4,91,78,61,1009.2,1006.5,1003.8,16.3,9.9,4.1,0.0
2011-01-25,31.2,27.9,25.6,24.3,23.3,21.8,91,77,57,1010.0,1007.5,1005.1,17.6,13.2,9.0,0.1
2011-01-26,30.1,27.5,25.9,24.7,24.1,23.2,91,82,67,1009.7,1007.8,1005.7,18.9,14.1,7.7,3.8
2011-01-27,30.4,27.5,25.4,24.3,23.7,22.8,91,80,66,1010.1,1008.1,1006.1,16.9,13.3,10.5,0.7
2011-01-28,31.1,27.9,25.3,24.9,24.0,22.8,93,80,61,1010.9,1008.5,1006.6,18.2,12.1,7.2,0.3
2011-01-29,30.4,27.9,26.3,25.0,24.5,23.6,93,82,68,1011.3,1009.1,1007.0,16.4,12.7,7.2,1.6
2011-01-30,30.0,27.7,25.9,24.9,24.4,23.8,92,83,70,1010.6,1008.6,1006.6,17.8,14.1,9.5,2.4
2011-01-31,30.6,27.7,26.0,24.9,24.4,23.8,93,83,68,1011.0,1008.4,1005.9,19.3,14.4,9.8,1.5
2011-02-01,30.5,27.8,25.9,24.6,24.1,23.6,91,81,68,1010.8,1008.6,1006.4,21.5,15.5,10.0,0.6
2011-02-02,30.3,27.6,25.8,24.4,24.1,23.6,91,81,69,1011.2,1009.1,1007.2,20.5,15.1,9.8,1.8
2011-02-03,30.7,27.8,26.4,24.5,23.9,23.2,89,80,65,1010.7,1008.5,1006.0,15.0,13.1,11.5,1.0
2011-02-04,28.8,27.1,25.4,24.6,24.1,23.7,92,84,75,1010.6,1008.3,1006.0,13.6,9.4,6.2,3.6
2011-02-05,31.3,27.6,25.0,24.3,22.6,20.2,92,76,52,1010.5,1008.3,1005.9,15.8,9.4,1.0,1.7
2011-02-06,30.7,27.9,25.8,24.0,23.1,21.7,90,76,59,1010.8,1008.8,1006.4,18.0,11.8,5.9,0.0
2011-02-07,31.0,27.8,25.8,24.3,23.7,22.5,91,79,61,1010.5,1008.8,1007.3,14.7,11.7,8.3,1.4
2011-02-08,29.5,27.1,25.0,24.5,24.0,23.1,95,83,69,1009.7,1007.5,1005.5,18.2,10.6,3.0,4.5
2011-02-09,30.7,27.6,25.3,24.7,24.1,23.4,92,82,68,1009.8,1007.5,1005.4,17.0,11.5,5.8,2.6
2011-02-10,28.5,26.9,25.9,24.5,23.9,23.2,89,84,76,1011.4,1008.4,1006.5,16.3,12.8,9.4,10.0
2011-02-11,30.2,27.3,25.4,24.7,23.9,23.4,90,82,68,1011.1,1008.6,1006.5,18.1,11.3,5.5,2.8
2011-02-12,30.1,27.6,26.1,24.4,24.0,23.6,90,81,70,1011.0,1008.8,1006.8,16.3,13.4,10.9,0.8
2011-02-13,29.7,27.4,26.3,24.8,24.3,23.7,89,83,74,1011.0,1009.3,1007.7,18.5,14.5,9.2,1.8
2011-02-14,30.8,27.5,25.4,24.9,24.0,23.2,94,82,66,1011.6,1009.1,1005.5,19.0,13.5,2.8,1.5
2011-02-15,30.2,27.6,25.6,24.9,24.1,23.5,92,82,68,1010.1,1007.9,1005.0,16.2,11.1,4.1,0.5
2011-02-16,31.4,28.3,26.3,24.6,24.2,23.6,89,79,64,1009.1,1006.8,1004.6,17.6,13.4,8.4,0.5
2011-02-17,29.4,27.7,26.6,24.8,24.5,24.0,89,83,75,1009.7,1007.3,1005.2,17.1,13.7,8.0,5.5
2011-02-18,30.5,27.6,26.1,25.0,24.2,23.7,90,82,69,1009.7,1007.6,1005.0,18.3,13.0,4.6,7.2
2011-02-19,30.5,27.3,25.0,24.8,24.1,23.5,93,83,67,1010.4,1007.9,1005.7,18.3,13.5,1.3,0.9
2011-02-20,30.8,28.3,26.5,24.9,24.4,23.9,90,80,67,1010.1,1008.4,1007.0,16.1,13.9,11.3,0.0
2011-02-21,30.9,28.0,26.6,25.0,24.5,24.0,89,82,68,1011.1,1008.8,1006.9,17.3,15.4,11.5,2.9
2011-02-22,29.5,27.3,26.4,24.7,24.2,23.5,90,84,73,1010.4,1008.2,1005.8,19.6,15.9,12.7,6.0
2011-02-23,29.0,26.3,24.2,24.1,23.6,23.0,93,85,72,1010.6,1009.0,1007.6,17.2,13.3,6.0,15.1
2011-02-24,30.4,27.3,24.7,24.3,23.7,23.5,94,81,68,1010.5,1008.5,1006.3,13.0,8.2,3.2,0.0
2011-02-25,30.4,27.7,25.8,24.0,23.7,23.3,90,80,68,1009.8,1007.2,1005.1,11.5,7.4,1.5,2.7
2011-02-26,29.1,26.7,25.4,24.4,24.0,23.8,91,85,75,1008.4,1006.3,1004.5,14.8,10.8,6.2,9.5
2011-02-27,30.0,26.4,23.8,24.8,23.9,23.3,98,86,74,1009.2,1006.9,1004.1,14.9,7.7,3.7,17.3
2011-02-28,31.2,27.1,23.9,25.1,24.1,23.0,95,84,66,1009.4,1006.8,1004.1,19.2,11.0,4.2,0.2
2011-03-01,29.8,27.6,26.2,25.0,24.6,24.1,92,84,72,1009.2,1007.4,1005.4,19.9,15.9,12.2,2.5
2011-03-02,30.3,27.7,26.3,25.0,24.5,24.3,90,83,74,1010.0,1007.8,1006.1,16.5,12.7,7.4,3.2
2011-03-03,30.4,27.8,26.3,24.6,24.3,23.9,89,82,70,1009.3,1007.4,1005.8,15.8,13.8,10.8,0.7
2011-03-04,30.0,27.2,24.8,24.6,23.9,23.4,93,83,69,1010.3,1008.4,1006.2,16.9,14.0,7.6,5.7
2011-03-05,30.2,27.8,26.5,24.9,24.5,23.9,88,83,74,1009.8,1007.7,1005.8,14.8,12.4,7.9,1.7
2011-03-06,30.4,28.0,26.9,25.1,24.6,24.3,87,82,73,1009.9,1007.0,1005.0,15.5,12.4,9.3,2.3
2011-03-07,30.6,28.0,26.4,25.2,24.6,24.3,89,82,70,1009.0,1006.5,1004.2,18.1,13.7,9.3,1.1
2011-03-08,30.6,28.1,26.8,25.3,25.0,24.7,90,84,73,1008.5,1006.2,1004.6,18.1,15.5,12.5,1.3
2011-03-09,30.3,28.0,26.7,25.2,24.8,24.6,90,83,74,1008.6,1006.6,1005.1,16.4,14.4,11.4,1.4
2011-03-10,30.4,28.0,26.5,25.0,24.7,24.3,91,83,72,1009.3,1007.4,1005.7,17.1,13.5,9.7,0.6
2011-03-11,30.5,27.9,26.6,25.0,24.7,24.5,89,83,72,1009.6,1007.1,1005.0,17.2,14.8,12.5,1.2
2011-03-12,31.4,28.3,26.7,25.0,24.5,23.8,89,80,65,1008.7,1006.5,1004.2,16.8,14.4,10.7,0.7
2011-03-13,30.8,28.1,26.6,25.1,24.7,24.3,89,82,69,1007.8,1005.7,1003.7,17.8,15.4,13.3,2.7
2011-03-14,31.0,27.9,26.5,25.2,24.7,24.1,91,83,68,1009.7,1007.4,1005.8,17.3,13.3,9.8,2.2
2011-03-15,30.7,27.9,26.3,25.1,24.7,24.4,91,83,71,1010.8,1008.1,1006.1,16.2,14.0,10.1,1.8
2011-03-16,31.5,28.5,26.8,25.1,24.7,24.3,88,81,68,1009.9,1007.6,1005.7,18.3,14.7,10.3,1.1
2011-03-17,29.5,27.7,26.7,24.8,24.5,23.8,88,83,75,1009.7,1007.3,1005.3,19.2,16.2,11.3,2.3
2011-03-18,29.9,27.9,26.3,24.8,24.3,23.8,89,81,72,1010.2,1008.0,1005.2,19.9,15.7,10.9,0.6
2011-03-19,31.2,28.1,26.6,24.9,24.4,24.0,88,81,66,1009.3,1007.3,1005.5,20.7,17.4,12.6,1.4
2011-03-20,30.9,28.0,25.7,24.8,24.1,23.5,91,80,66,1009.3,1007.4,1005.6,17.4,14.7,10.7,2.3
2011-03-21,31.0,28.1,26.4,24.6,24.1,23.1,89,80,65,1009.5,1007.3,1005.2,17.1,13.5,10.0,0.8
2011-03-22,31.3,27.9,26.2,24.7,24.3,23.9,90,81,67,1010.1,1008.0,1006.2,17.1,13.1,5.8,3.7
2011-03-23,30.7,27.9,26.2,24.9,24.4,23.7,91,82,68,1010.3,1008.4,1006.4,15.1,11.3,6.9,0.9
2011-03-24,30.5,27.8,26.3,24.9,24.3,23.4,90,82,66,1010.3,1008.0,1006.0,20.7,17.2,10.9,1.9
2011-03-25,29.8,27.5,26.3,24.9,24.4,23.8,90,83,72,1011.1,1009.0,1007.4,21.4,13.9,6.4,8.3
2011-03-26,30.0,27.5,25.7,24.5,23.9,23.2,92,81,67,1010.3,1008.4,1006.7,15.6,9.6,5.0,0.0
2011-03-27,30.7,28.0,26.2,24.8,24.1,23.7,89,80,67,1011.6,1009.2,1007.8,15.8,13.3,11.2,0.3
2011-03-28,30.8,28.0,26.5,24.9,24.6,24.3,91,82,70,1011.3,1009.1,1007.3,17.1,13.4,9.5,1.3
2011-03-29,31.0,28.3,26.6,25.1,24.5,24.0,88,80,68,1010.9,1008.7,1006.8,17.4,13.2,7.4,0.9
2011-03-30,31.1,28.5,26.7,25.2,24.7,24.2,90,80,68,1010.8,1008.7,1006.6,18.1,15.0,11.5,0.7
2011-03-31,31.5,28.7,27.0,24.9,24.5,23.9,88,78,65,1010.1,1008.5,1006.8,16.1,14.1,11.3,1.1
2011-04-01,31.4,28.5,26.6,24.9,24.5,24.0,88,80,65,1010.5,1008.3,1006.6,19.0,16.2,13.7,5.6
2011-04-02,30.1,27.9,26.5,25.3,24.7,24.2,90,83,74,1011.4,1008.9,1007.0,18.5,15.1,11.5,5.1
2011-04-03,31.0,28.2,25.8,25.0,24.4,23.8,92,80,66,1010.6,1007.9,1005.3,19.5,13.1,4.7,9.9
2011-04-04,29.6,26.4,24.3,25.1,24.1,23.3,96,87,76,1011.6,1009.2,1007.8,13.2,6.4,1.8,20.6
2011-04-05,29.4,27.1,25.3,24.5,23.9,23.0,93,83,71,1011.7,1009.2,1007.5,16.2,9.4,3.4,0.3
2011-04-06,30.6,28.0,25.6,24.5,24.0,23.2,91,79,69,1010.6,1008.2,1006.1,18.8,12.0,6.8,0.1
2011-04-07,30.7,28.2,26.6,24.9,24.5,24.3,88,81,69,1009.5,1007.4,1005.3,20.3,14.7,11.2,1.6
2011-04-08,30.8,28.3,26.7,25.3,24.6,23.7,89,81,67,1010.0,1008.0,1006.3,17.4,14.7,9.6,1.1
2011-04-09,29.1,27.3,26.1,25.5,25.0,24.4,93,87,81,1011.7,1009.2,1006.9,15.5,11.2,7.9,10.0
2011-04-10,29.9,27.7,26.0,25.1,24.8,24.5,93,85,75,1011.5,1008.8,1006.6,14.9,10.1,2.3,0.8
2011-04-11,30.8,28.3,26.6,24.8,24.5,24.3,89,81,68,1009.2,1007.1,1005.3,16.9,13.9,10.6,0.4
2011-04-12,30.7,28.1,26.6,25.0,24.5,24.1,90,81,68,1008.6,1006.9,1005.3,16.3,13.8,11.1,0.2
2011-04-13,30.5,28.1,26.4,25.2,24.9,24.4,91,83,71,1009.6,1007.5,1005.7,19.1,14.7,7.6,2.2
2011-04-14,30.3,28.1,26.6,25.2,24.9,24.7,91,83,74,1009.3,1007.2,1004.7,19.8,14.1,8.5,2.7
2011-04-15,30.6,28.4,26.8,25.2,24.7,24.2,89,81,69,1007.8,1005.8,1003.5,17.8,15.0,9.4,0.4
2011-04-16,30.6,28.2,26.9,25.4,25.0,24.5,90,83,70,1007.7,1005.7,1003.5,16.8,13.6,9.7,3.4
2011-04-17,30.7,27.8,26.1,25.4,25.1,24.6,93,85,71,1008.5,1006.5,1004.7,18.4,10.9,1.1,9.3
2011-04-18,27.6,26.6,25.8,25.1,24.6,23.9,95,89,83,1010.8,1007.5,1005.7,19.9,10.6,1.6,11.7
2011-04-19,30.8,27.9,26.0,24.6,24.0,23.5,91,80,65,1008.7,1006.7,1004.1,17.5,10.8,6.0,0.0
2011-04-20,30.1,27.9,26.9,24.6,24.2,24.0,85,81,71,1009.1,1006.7,1004.4,21.9,17.2,12.0,3.6
2011-04-21,29.9,27.7,26.7,24.8,24.4,24.2,87,82,73,1010.1,1007.4,1006.0,18.4,14.9,11.5,4.2
2011-04-22,30.3,27.9,26.4,25.1,24.6,24.3,88,82,73,1008.6,1006.8,1005.3,15.6,13.9,11.6,2.0
2011-04-23,29.1,27.2,26.5,25.4,24.7,24.3,91,86,80,1008.8,1006.7,1005.3,17.7,15.3,11.5,9.0
2011-04-24,29.1,27.1,24.9,24.9,24.2,23.8,94,85,74,1010.4,1008.4,1006.7,16.0,13.0,10.0,6.7
2011-04-25,30.4,27.8,25.8,25.1,24.4,24.1,91,82,70,1011.0,1008.4,1006.3,12.5,9.1,5.4,0.5
2011-04-26,29.8,27.7,25.8,25.0,24.5,24.2,91,83,73,1009.8,1008.0,1006.6,15.6,10.2,3.4,2.9
2011-04-27,30.1,27.5,26.3,25.1,24.6,24.3,90,85,75,1010.6,1008.3,1006.9,17.2,14.0,10.3,8.3
2011-04-28,29.9,27.4,25.6,24.9,24.4,23.6,90,84,74,1010.7,1008.6,1007.3,21.6,14.2,6.0,6.8
2011-04-29,29.6,27.4,26.0,24.5,24.1,23.5,89,82,73,1009.6,1008.2,1006.9,17.2,13.1,5.4,1.9
2011-04-30,29.3,27.0,25.6,24.4,24.0,23.8,91,84,73,1009.9,1007.9,1005.9,11.8,9.6,2.6,4.5
2011-05-01,28.6,27.1,25.4,25.3,24.5,24.1,93,86,80,1010.9,1008.5,1007.1,13.0,9.3,5.3,7.4
2011-05-02,29.5,27.1,26.2,26.0,24.9,24.3,91,88,82,1011.3,1009.6,1008.5,12.3,9.4,5.9,6.8
2011-05-03,28.1,26.8,26.1,25.2,24.8,24.4,91,89,84,1012.7,1010.3,1008.6,16.3,11.4,5.4,14.3
2011-05-04,29.9,27.8,26.2,25.0,24.7,24.3,91,84,73,1011.9,1009.1,1006.6,15.2,10.6,4.0,0.8
2011-05-05,30.0,27.7,26.5,25.3,24.8,24.4,90,84,75,1010.4,1008.7,1007.3,15.6,11.7,9.1,2.6
2011-05-06,29.7,27.8,26.5,26.3,25.4,24.8,91,87,81,1010.3,1008.6,1006.6,14.8,12.1,8.2,4.8
2011-05-07,30.1,28.0,26.5,25.6,25.2,24.9,93,85,75,1009.9,1008.1,1006.3,15.5,12.4,9.7,4.0
2011-05-08,29.7,27.6,26.8,25.5,25.0,24.4,92,86,77,1009.1,1007.3,1005.6,14.5,11.3,6.5,6.1
2011-05-09,29.6,27.6,26.1,24.9,24.6,24.2,93,84,74,1009.5,1007.7,1006.3,12.8,8.2,2.7,1.5
2011-05-10,28.3,26.5,24.7,24.9,24.1,23.6,96,87,79,1010.2,1008.7,1007.1,14.0,8.6,1.1,14.9
2011-05-11,29.8,27.4,25.8,25.0,24.4,24.1,91,84,73,1010.2,1008.5,1006.7,14.2,10.5,7.9,5.4
2011-05-12,29.5,27.0,26.0,24.9,24.3,24.0,91,86,76,1009.6,1007.9,1006.0,12.4,9.7,6.9,7.4
2011-05-13,28.8,26.8,24.8,24.8,24.2,23.2,95,86,78,1010.9,1008.2,1005.5,10.3,6.0,0.4,6.2
2011-05-14,29.6,27.2,25.1,25.4,24.6,24.0,94,86,73,1011.5,1007.7,1003.4,10.2,6.4,2.3,12.8
2011-05-15,29.1,27.2,26.1,25.3,24.7,24.3,91,86,78,1009.5,1007.6,1006.0,13.6,10.4,8.1,8.7
2011-05-16,29.2,27.4,25.9,25.4,24.8,24.5,93,86,80,1009.3,1007.6,1005.6,15.0,10.8,7.4,0.9
2011-05-17,28.8,27.5,26.4,25.4,24.9,24.6,92,86,81,1011.0,1008.6,1006.9,12.6,9.4,3.4,1.0
2011-05-18,29.7,27.3,26.1,25.2,24.8,24.3,91,86,76,1010.8,1008.9,1007.3,14.0,10.2,4.8,7.7
2011-05-19,29.1,26.7,25.3,24.7,24.2,23.8,93,86,77,1011.0,1009.5,1007.5,11.9,7.4,3.6,4.2
2011-05-20,29.4,27.1,25.6,24.9,24.3,24.1,92,85,77,1011.3,1009.5,1007.5,16.6,11.8,8.3,7.3
2011-05-21,28.0,26.3,24.9,25.0,24.1,23.6,96,88,79,1011.4,1009.6,1007.8,14.9,11.1,7.1,6.8
2011-05-22,28.2,26.3,24.8,24.7,24.0,23.3,94,87,79,1012.2,1010.3,1008.9,18.0,12.3,6.4,9.7
2011-05-23,29.0,26.8,24.9,24.6,23.8,23.3,93,83,76,1012.8,1011.0,1009.0,17.2,13.1,9.7,4.9
2011-05-24,28.3,26.6,24.8,24.7,23.7,23.3,93,84,75,1013.9,1011.6,1009.2,15.1,12.1,9.2,6.1
2011-05-25,28.0,26.5,25.5,24.8,23.9,23.4,91,86,83,1013.4,1011.3,1010.0,15.5,11.8,8.7,4.9
2011-05-26,27.7,26.2,25.2,24.2,23.6,23.2,91,85,80,1013.7,1011.6,1009.6,20.1,12.3,8.4,11.8
2011-05-27,28.4,26.1,24.9,24.2,23.6,23.0,92,86,78,1013.7,1011.4,1009.3,11.6,8.4,4.5,11.0
2011-05-28,28.8,26.0,24.4,25.0,23.7,23.1,93,87,77,1014.1,1011.7,1009.6,16.6,8.4,3.5,5.0
2011-05-29,29.2,26.5,24.8,24.3,23.6,23.1,92,84,72,1012.4,1011.0,1009.6,15.0,10.5,6.0,4.7
2011-05-30,28.0,26.0,24.5,24.8,23.9,23.4,95,89,82,1014.0,1011.7,1010.3,10.7,6.1,1.1,11.5
2011-05-31,28.5,26.3,24.6,25.0,24.1,23.6,96,88,81,1013.5,1011.1,1008.9,16.3,9.2,3.4,6.3
2011-06-01,26.9,25.9,24.7,24.6,24.0,23.5,94,89,86,1012.8,1010.3,1008.5,14.7,8.6,3.3,9.7
2011-06-02,29.1,26.9,25.1,25.0,24.2,23.8,94,86,79,1011.3,1009.4,1007.3,12.6,8.8,3.2,2.8
2011-06-03,27.8,26.2,24.9,24.4,24.0,23.6,95,88,82,1011.5,1009.5,1007.7,15.9,10.6,5.1,13.8
2011-06-04,28.7,26.4,24.7,24.7,24.0,23.3,93,87,78,1011.2,1010.1,1009.1,15.6,11.3,6.6,8.7
2011-06-05,29.4,27.1,25.4,24.1,23.9,23.6,91,83,72,1011.9,1010.6,1009.1,11.9,8.3,4.7,0.8
2011-06-06,29.5,27.4,25.5,24.5,24.1,23.8,92,83,72,1012.3,1010.5,1008.9,13.2,9.5,5.6,0.0
2011-06-07,29.3,27.0,25.6,24.9,24.2,24.0,91,85,76,1011.6,1010.3,1009.0,14.0,10.0,7.0,7.2
2011-06-08,29.0,26.5,24.7,25.0,24.2,23.7,96,88,79,1013.1,1011.4,1010.0,17.5,10.1,5.4,4.2
2011-06-09,27.7,25.9,24.7,23.7,23.3,22.7,92,86,77,1015.4,1013.3,1011.7,14.5,8.9,5.4,9.1
2011-06-10,28.4,26.5,24.7,23.7,23.4,22.8,91,83,74,1013.9,1012.3,1011.0,13.5,8.1,3.9,0.6
2011-06-11,26.8,25.4,24.4,23.9,23.3,22.9,92,88,82,1014.7,1012.5,1011.0,17.3,11.7,5.0,20.3
2011-06-12,26.1,25.1,24.2,23.8,23.3,22.8,92,89,84,1015.4,1013.4,1011.9,17.1,10.3,6.3,14.9
2011-06-13,28.7,26.3,24.0,24.5,23.7,23.0,95,86,78,1015.5,1013.4,1011.7,11.3,6.7,1.9,0.8
2011-06-14,28.4,26.3,25.1,24.5,23.7,23.5,91,86,78,1013.7,1011.9,1010.3,13.5,11.1,8.4,4.1
2011-06-15,28.0,26.2,24.6,24.0,23.6,23.4,94,86,78,1012.4,1011.2,1009.2,14.8,11.7,7.9,3.9
2011-06-16,27.4,25.8,24.6,24.5,23.6,23.1,93,88,79,1012.4,1010.8,1009.4,16.6,13.6,11.4,9.7
2011-06-17,28.3,26.0,24.0,24.4,23.6,22.8,95,87,79,1013.5,1011.6,1010.2,14.2,9.4,4.3,6.0
2011-06-18,27.3,25.7,24.6,24.9,23.8,23.1,93,89,86,1013.2,1011.5,1010.2,15.8,10.8,5.6,20.3
2011-06-19,26.8,25.4,24.1,24.2,23.6,23.1,95,90,86,1012.7,1011.3,1009.8,12.8,9.1,4.2,14.1
2011-06-20,28.4,26.2,24.2,23.7,23.3,23.1,94,84,74,1012.3,1010.6,1008.8,15.4,11.3,7.3,1.0
2011-06-21,26.9,25.6,24.5,24.1,23.4,23.1,93,88,82,1013.2,1011.7,1010.3,14.1,12.2,9.2,9.5
2011-06-22,26.4,25.5,24.5,23.6,23.1,22.6,92,87,84,1013.9,1012.3,1011.1,13.3,9.9,7.4,6.4
2011-06-23,27.1,25.0,23.6,23.5,23.0,22.4,96,89,80,1013.0,1010.9,1009.4,13.3,9.2,4.8,13.2
2011-06-24,26.2,24.7,23.5,23.6,22.9,22.4,95,89,84,1013.2,1011.5,1010.1,11.4,7.8,1.8,8.9
2011-06-25,27.8,25.4,23.8,23.5,22.9,22.5,95,86,77,1014.2,1012.4,1010.8,13.5,10.1,6.2,2.2
2011-06-26,26.6,25.2,24.2,23.8,23.1,22.8,93,88,84,1014.0,1012.1,1010.6,13.3,11.0,1.8,6.3
2011-06-27,26.7,25.4,24.3,24.3,23.3,22.7,92,88,83,1013.6,1011.8,1010.2,15.2,10.3,4.9,1.6
2011-06-28,27.8,25.5,24.4,23.9,23.0,22.6,91,87,77,1013.1,1011.7,1010.3,15.0,12.6,10.4,5.3
2011-06-29,27.4,25.4,24.1,24.0,22.9,22.1,91,86,81,1013.3,1011.7,1010.0,16.3,11.7,8.4,2.3
2011-06-30,26.5,25.1,23.6,23.7,22.8,22.4,94,87,80,1013.0,1011.7,1010.1,12.4,9.0,6.1,3.5
2011-07-01,27.5,25.4,23.7,23.8,23.0,22.7,94,87,80,1014.1,1012.1,1010.3,13.8,9.1,6.1,6.4
2011-07-02,27.9,25.7,24.1,24.2,23.3,22.8,92,87,79,1012.2,1010.8,1008.9,17.8,12.5,9.0,4.5
2011-07-03,27.0,25.0,23.8,24.0,23.1,22.4,92,90,83,1011.8,1011.0,1009.8,17.6,11.3,6.3,10.3
2011-07-04,27.7,25.5,23.8,24.1,23.2,22.6,95,87,80,1013.1,1011.6,1010.6,12.6,9.4,4.1,4.0
2011-07-05,27.8,25.6,23.9,23.9,23.1,22.9,94,87,80,1015.1,1013.0,1011.6,16.3,12.4,9.6,0.5
2011-07-06,25.9,24.7,24.2,23.7,23.1,22.8,94,91,86,1013.2,1011.6,1010.1,20.2,14.8,10.1,37.9
2011-07-07,25.5,24.8,24.3,23.6,23.1,22.7,92,90,88,1012.8,1011.0,1009.3,16.1,12.7,6.6,18.2
2011-07-08,27.6,25.6,24.1,24.2,23.2,22.9,94,87,79,1012.7,1010.7,1009.1,14.3,11.6,9.0,4.1
2011-07-09,26.5,25.1,24.0,23.7,23.1,22.7,93,89,84,1013.6,1011.6,1009.9,16.8,12.8,9.8,13.1
2011-07-10,26.2,24.5,23.3,23.2,22.7,22.2,95,90,83,1014.1,1012.1,1011.2,21.9,16.7,11.4,53.7
2011-07-11,24.7,23.8,23.0,22.9,22.5,22.2,95,93,89,1015.1,1013.0,1011.3,16.4,11.1,6.4,28.7
2011-07-12,27.4,25.0,23.2,23.3,22.7,22.3,96,87,77,1013.5,1012.0,1010.1,16.2,12.3,9.4,5.0
2011-07-13,27.1,24.9,23.5,23.5,22.7,22.3,93,88,80,1013.3,1011.3,1009.5,15.8,10.7,4.0,5.1
2011-07-14,25.6,24.6,23.0,22.8,22.4,22.2,96,88,83,1013.3,1011.5,1010.5,15.0,10.0,5.4,5.0
2011-07-15,27.3,25.0,23.4,23.5,22.6,22.1,93,87,79,1013.7,1012.0,1010.8,12.9,7.6,0.7,4.2
2011-07-16,26.4,24.6,23.5,23.7,22.8,22.3,94,90,82,1014.0,1011.9,1010.7,14.0,9.8,6.2,9.7
2011-07-17,27.1,24.9,23.4,23.9,22.8,22.4,94,88,83,1013.9,1012.3,1010.4,17.4,10.8,3.6,9.2
2011-07-18,27.3,25.0,23.1,23.6,22.8,22.1,94,88,80,1014.4,1012.4,1010.5,16.8,11.4,5.9,5.7
2011-07-19,28.1,25.6,23.9,23.6,23.0,22.6,94,86,74,1014.1,1012.4,1010.7,17.4,14.0,7.8,0.4
2011-07-20,26.8,25.1,24.4,23.6,23.1,22.7,92,88,82,1013.4,1012.0,1010.3,22.2,17.4,12.6,8.6
2011-07-21,26.3,24.8,23.8,23.5,22.8,22.2,93,89,82,1014.2,1012.4,1011.2,26.9,20.0,12.7,15.8
2011-07-22,27.4,25.4,24.0,22.9,22.5,22.1,90,84,76,1014.4,1013.1,1011.8,20.6,15.1,11.0,1.6
2011-07-23,27.3,25.3,23.8,22.8,22.5,22.3,93,85,76,1015.0,1013.4,1012.0,16.6,14.2,12.0,1.0
2011-07-24,26.7,25.1,24.0,22.5,22.3,21.9,91,85,77,1015.4,1013.4,1011.2,20.8,18.2,15.3,1.0
2011-07-25,26.2,24.6,23.4,23.0,22.1,21.8,92,86,79,1014.1,1011.9,1009.6,25.3,19.1,14.1,2.3
2011-07-26,26.0,24.5,23.3,21.9,21.5,20.8,91,84,77,1012.7,1011.0,1009.5,24.6,19.7,16.5,2.1
2011-07-27,26.3,24.5,23.1,21.7,21.3,20.8,89,82,75,1013.6,1011.6,1009.9,21.1,18.4,15.7,0.5
2011-07-28,25.7,24.3,23.4,21.8,21.5,21.3,88,84,78,1012.9,1011.1,1008.9,20.0,17.3,15.2,0.6
2011-07-29,26.3,24.5,23.2,22.0,21.7,21.5,90,85,76,1012.1,1010.3,1008.4,20.6,17.1,14.1,0.6
2011-07-30,26.9,24.7,23.4,22.1,21.8,21.4,89,84,74,1012.9,1011.0,1010.1,19.7,15.6,11.8,1.8
2011-07-31,26.7,24.7,23.3,22.4,21.8,21.4,91,84,74,1013.0,1010.8,1008.6,18.1,14.8,12.7,0.4
2011-08-01,26.1,24.6,23.5,22.8,22.4,22.2,92,88,81,1011.7,1009.9,1007.7,19.8,16.1,12.0,1.6
2011-08-02,25.8,24.7,23.9,22.7,22.5,22.2,91,88,83,1012.0,1010.3,1009.3,17.3,14.4,4.4,0.6
2011-08-03,26.1,24.8,23.9,23.0,22.8,22.5,94,89,81,1012.9,1011.4,1009.9,17.6,12.2,2.3,0.3
2011-08-04,27.0,25.2,24.1,23.0,22.6,22.3,92,86,78,1014.5,1012.9,1011.9,25.4,19.8,15.3,0.5
2011-08-05,26.0,24.6,24.1,22.6,22.4,22.1,90,87,81,1014.6,1012.8,1011.5,25.3,20.3,17.1,2.2
2011-08-06,26.0,24.2,23.6,23.2,22.3,21.6,92,89,83,1013.8,1012.4,1010.8,24.2,20.2,17.6,14.4
2011-08-07,25.3,24.3,23.6,22.7,22.3,22.1,92,88,84,1013.8,1012.0,1010.4,21.9,19.3,14.2,6.7
2011-08-08,26.5,24.7,23.5,23.0,22.3,22.0,92,87,80,1015.2,1012.8,1011.1,16.2,14.6,12.2,0.6
2011-08-09,26.5,24.7,23.6,22.3,22.1,22.0,91,85,77,1014.4,1012.3,1010.4,17.4,14.7,10.8,0.4
2011-08-10,27.3,25.0,23.7,23.3,22.5,22.2,91,86,79,1014.0,1011.8,1009.7,18.9,14.4,11.1,1.2
2011-08-11,27.0,24.9,23.7,23.1,22.4,22.0,91,86,76,1013.7,1011.4,1009.7,17.8,15.6,13.5,3.0
2011-08-12,27.1,24.9,23.8,23.2,22.5,22.0,91,87,79,1013.0,1010.7,1008.6,20.4,16.8,13.4,1.5
2011-08-13,26.2,24.5,23.3,23.3,22.4,21.9,93,88,82,1012.5,1010.5,1009.0,22.2,17.8,15.2,5.7
2011-08-14,26.4,24.7,23.4,22.5,22.0,21.8,92,85,77,1012.9,1010.9,1009.4,21.6,18.3,14.6,1.3
2011-08-15,26.8,24.8,23.6,23.1,22.3,21.9,90,86,79,1013.0,1011.0,1009.4,18.3,15.5,13.7,1.0
2011-08-16,26.3,24.8,23.6,22.3,22.2,22.0,92,85,78,1012.9,1011.2,1010.0,19.4,16.5,13.6,1.9
2011-08-17,26.8,24.8,23.4,22.1,22.0,21.8,91,85,75,1013.3,1011.4,1009.5,17.6,15.0,12.2,0.9
2011-08-18,26.9,24.8,23.7,22.0,21.8,21.6,90,84,73,1013.3,1011.1,1009.4,20.6,18.0,16.0,0.0
2011-08-19,27.0,24.8,23.4,22.1,21.7,21.4,91,83,71,1013.3,1011.4,1009.2,17.3,14.9,12.7,0.6
2011-08-20,27.1,25.0,23.3,22.3,22.0,21.6,92,84,73,1013.4,1011.4,1009.6,16.3,13.6,11.5,0.5
2011-08-21,27.0,25.1,23.7,22.6,22.1,21.7,91,84,74,1013.3,1011.4,1009.5,19.6,16.2,13.6,0.4
2011-08-22,27.4,25.0,23.8,22.3,21.8,21.4,92,83,71,1013.7,1011.9,1010.5,22.2,18.2,14.8,3.0
2011-08-23,27.4,24.9,23.5,23.0,22.4,22.0,94,86,73,1014.8,1012.7,1010.6,15.8,13.9,11.3,1.6
2011-08-24,28.0,25.4,23.9,22.6,22.2,21.9,91,83,70,1015.8,1013.2,1011.8,16.3,14.7,12.1,0.0
2011-08-25,27.5,25.3,23.8,22.6,22.1,21.8,89,83,71,1015.2,1013.0,1010.4,21.1,16.7,14.5,0.0
2011-08-26,27.2,25.0,23.6,23.4,22.5,21.8,90,86,80,1014.8,1013.0,1010.9,23.0,17.7,12.5,10.2
2011-08-27,25.3,24.1,23.3,23.5,22.7,22.0,95,92,88,1015.3,1013.3,1011.3,17.2,11.6,6.1,21.1
2011-08-28,24.3,23.8,23.0,23.1,22.6,22.3,96,93,91,1015.7,1013.0,1011.6,14.9,12.7,8.8,18.0
2011-08-29,27.1,24.5,23.4,23.9,22.8,22.2,94,90,82,1014.7,1012.6,1010.8,16.6,12.8,9.8,4.4
2011-08-30,27.1,24.8,23.6,23.5,22.8,22.4,93,89,80,1014.9,1012.6,1010.8,18.0,14.0,10.1,7.5
2011-08-31,26.1,24.4,23.3,23.7,22.7,22.3,95,90,83,1015.4,1013.2,1011.7,16.8,14.4,10.2,12.0
2011-09-01,26.5,24.7,23.8,23.3,22.8,22.3,93,89,80,1016.2,1013.9,1012.2,13.0,11.2,9.0,15.7
2011-09-02,27.9,25.2,23.3,23.8,22.9,22.5,96,88,78,1014.2,1012.3,1009.7,15.3,10.7,6.2,2.0
2011-09-03,27.2,25.2,23.7,23.1,22.7,22.4,94,86,76,1013.2,1011.2,1009.4,19.4,14.8,10.6,1.0
2011-09-04,27.2,25.1,23.9,23.4,22.8,22.3,92,87,80,1014.0,1011.7,1010.3,21.1,17.8,15.5,2.6
2011-09-05,27.4,25.2,24.0,23.9,23.1,22.7,92,88,81,1013.4,1011.8,1010.6,15.6,12.6,4.7,2.9
2011-09-06,27.4,25.3,24.0,23.8,23.2,22.8,94,88,80,1014.0,1012.1,1010.4,15.6,11.9,5.5,1.2
2011-09-07,27.3,25.4,24.1,23.5,23.1,22.7,93,87,79,1014.8,1012.4,1009.9,18.8,14.6,11.8,0.4
2011-09-08,26.1,24.7,23.8,23.9,22.9,22.3,93,90,86,1014.5,1011.6,1009.5,18.0,14.8,9.7,8.5
2011-09-09,26.4,24.4,23.2,24.0,22.8,22.2,95,91,86,1013.3,1011.1,1009.1,17.2,14.4,8.4,15.4
2011-09-10,27.4,25.1,23.6,22.9,22.6,22.1,93,86,75,1013.9,1011.4,1009.5,14.7,10.2,7.1,0.1
2011-09-11,27.5,25.4,23.9,23.2,22.9,22.6,93,86,76,1014.6,1012.0,1009.7,17.2,12.9,8.5,0.9
2011-09-12,27.0,25.1,24.2,23.5,23.0,22.5,93,88,80,1013.7,1011.5,1009.4,18.1,13.9,11.0,3.1
2011-09-13,27.6,25.4,24.0,24.0,23.1,22.7,93,87,80,1013.7,1011.3,1008.7,20.1,14.0,9.9,0.8
2011-09-14,26.6,24.9,24.0,23.3,22.7,22.1,92,88,82,1014.0,1011.8,1010.1,21.8,15.4,11.6,7.6
2011-09-15,27.8,25.3,23.9,23.5,23.0,22.6,92,87,77,1014.8,1012.3,1011.0,18.3,15.3,11.9,3.6
2011-09-16,26.6,25.0,23.6,23.9,23.0,22.3,93,89,83,1013.1,1011.4,1009.0,17.8,14.8,11.3,9.0
2011-09-17,26.4,24.7,23.4,24.1,22.8,22.3,94,89,81,1013.4,1011.3,1009.3,15.3,12.0,8.1,9.1
2011-09-18,26.9,25.0,23.9,23.2,22.6,22.4,92,86,80,1014.2,1011.6,1010.4,16.0,11.7,9.7,5.7
2011-09-19,26.8,25.0,23.3,23.7,22.9,22.2,94,88,81,1014.6,1012.1,1010.0,14.3,10.3,6.5,12.5
2011-09-20,26.4,24.6,23.3,23.7,22.8,22.3,95,90,84,1013.8,1011.9,1009.9,11.9,9.2,3.0,15.1
2011-09-21,27.8,25.5,23.4,23.7,23.0,22.7,96,86,78,1014.5,1012.3,1010.1,14.5,8.8,3.4,0.6
2011-09-22,28.1,25.7,24.0,23.3,22.8,22.3,91,84,74,1015.2,1012.6,1010.7,14.3,10.2,8.2,0.7
2011-09-23,27.5,25.8,24.6,24.2,23.4,22.9,91,87,80,1013.9,1011.6,1009.5,13.9,10.7,5.8,4.6
2011-09-24,27.1,25.6,24.4,23.4,23.2,22.9,92,87,80,1013.5,1011.2,1008.6,14.9,10.1,1.4,4.1
2011-09-25,27.9,25.8,24.5,23.8,23.3,23.0,93,87,77,1014.1,1012.1,1010.6,14.9,10.9,6.7,5.4
2011-09-26,28.6,25.7,23.8,24.1,23.5,22.8,95,88,75,1014.4,1012.2,1009.3,17.6,9.7,4.0,5.7
2011-09-27,25.8,24.9,24.2,24.0,23.2,23.0,95,91,85,1014.0,1012.0,1010.0,14.0,9.8,6.7,12.2
2011-09-28,28.0,25.5,23.9,23.8,23.1,22.6,94,87,78,1013.7,1011.4,1009.2,14.4,8.4,3.8,3.7
2011-09-29,27.5,25.6,23.9,23.6,23.1,22.5,94,86,77,1013.6,1011.5,1009.1,16.6,11.2,5.4,2.4
2011-09-30,27.6,25.6,24.2,24.1,23.2,22.1,93,87,80,1013.4,1011.4,1009.2,14.5,11.8,7.7,15.2
2011-10-01,27.6,25.4,23.7,24.2,23.0,22.3,95,87,81,1014.2,1011.8,1009.8,11.0,6.3,2.6,5.7
2011-10-02,28.5,26.1,23.9,23.5,23.0,22.7,93,83,73,1013.9,1011.7,1009.2,12.1,7.4,4.5,0.1
2011-10-03,28.8,26.3,24.5,24.1,23.5,23.1,93,84,76,1013.6,1011.2,1009.1,10.9,7.3,3.3,1.9
2011-10-04,28.2,26.0,24.4,24.4,23.5,23.2,93,86,80,1013.0,1010.9,1009.1,12.4,9.0,5.8,4.3
2011-10-05,28.3,26.1,24.4,24.5,23.6,23.3,94,86,79,1012.6,1010.5,1008.4,16.6,10.8,7.3,0.8
2011-10-06,28.3,25.8,23.9,24.5,23.5,22.9,94,87,80,1013.2,1010.9,1008.3,18.7,10.0,4.6,6.5
2011-10-07,27.7,25.6,24.1,24.4,23.5,22.6,94,88,80,1013.5,1011.0,1009.0,13.7,8.7,1.5,6.4
2011-10-08,27.7,25.5,24.1,24.3,23.4,22.8,94,88,80,1012.2,1009.8,1007.2,14.8,7.3,1.0,4.5
2011-10-09,27.4,25.9,24.4,24.4,23.5,23.2,94,86,79,1011.6,1009.5,1007.4,15.0,7.8,0.8,4.7
2011-10-10,27.6,25.5,24.1,24.2,23.7,23.3,95,90,79,1011.5,1010.0,1008.1,15.5,8.6,3.2,8.2
2011-10-11,28.1,25.7,23.9,23.9,23.3,22.8,95,87,77,1011.6,1009.9,1007.2,12.8,8.7,4.1,4.7
2011-10-12,27.6,25.6,24.0,23.8,23.4,23.1,95,88,80,1010.9,1008.7,1006.3,12.5,8.1,4.7,7.7
2011-10-13,27.0,25.2,23.8,24.1,23.4,22.7,95,90,81,1010.7,1008.6,1007.0,12.9,5.7,1.5,11.6
2011-10-14,29.0,25.9,24.0,23.9,23.3,22.9,95,86,74,1010.7,1008.5,1006.9,13.9,8.0,4.0,2.5
2011-10-15,28.2,25.8,24.5,24.4,23.5,23.2,93,87,77,1011.4,1009.4,1008.1,9.4,6.7,3.4,4.0
2011-10-16,28.6,26.0,24.0,23.8,23.4,23.1,96,87,73,1011.4,1009.4,1007.1,9.2,5.6,2.5,0.1
2011-10-17,28.8,26.6,24.8,24.5,23.9,23.5,92,86,75,1009.8,1008.1,1006.2,12.1,8.4,5.5,0.9
2011-10-18,28.9,26.3,24.4,24.8,24.1,23.5,95,88,79,1009.9,1008.2,1007.1,10.6,7.5,3.0,4.0
2011-10-19,29.0,26.4,24.5,24.5,23.9,23.6,96,87,75,1010.7,1008.9,1007.1,11.5,6.6,1.8,3.9
2011-10-20,28.1,26.4,24.6,24.4,23.8,23.5,94,86,80,1009.8,1008.1,1006.3,12.3,9.6,2.6,4.3
2011-10-21,28.6,26.3,24.6,24.1,23.7,23.4,93,86,76,1009.5,1007.6,1005.0,10.7,7.4,3.1,7.8
2011-10-22,27.7,25.4,23.9,23.8,23.3,22.7,96,88,78,1011.5,1008.8,1007.1,12.9,8.1,2.6,26.1
2011-10-23,28.1,25.8,24.0,23.5,22.8,22.2,95,84,72,1011.7,1009.8,1007.5,14.1,9.1,5.8,1.3
2011-10-24,28.8,26.1,24.3,23.8,23.4,22.6,92,85,74,1011.6,1009.5,1007.1,14.6,9.7,1.8,5.7
2011-10-25,26.1,25.0,23.8,23.9,23.4,22.9,96,91,87,1012.2,1010.3,1008.5,13.0,7.9,2.3,9.2
2011-10-26,28.2,25.3,23.2,23.9,23.2,22.7,97,88,77,1012.4,1010.2,1008.2,13.6,7.1,1.8,5.5
2011-10-27,28.3,26.1,24.6,23.9,23.3,23.1,92,85,75,1012.1,1010.2,1008.2,14.4,10.2,6.4,1.5
2011-10-28,28.4,26.2,23.9,24.4,23.5,22.8,95,85,78,1012.1,1009.8,1008.1,12.8,8.4,3.6,1.5
2011-10-29,29.2,26.5,24.5,24.4,23.5,22.9,91,84,74,1011.5,1009.3,1007.5,11.6,6.6,0.8,1.1
2011-10-30,29.0,26.6,25.3,24.6,23.7,23.2,90,84,77,1010.8,1008.7,1006.6,12.9,9.6,7.1,2.7
2011-10-31,29.1,26.8,25.3,24.1,23.6,23.2,91,83,74,1010.9,1009.1,1007.6,11.8,9.2,5.5,1.6
2011-11-01,28.0,26.4,25.1,25.1,23.9,23.4,91,86,81,1011.5,1009.8,1008.3,15.5,10.5,7.9,0.6
2011-11-02,28.9,26.5,24.3,25.1,24.1,23.6,96,87,80,1012.8,1010.6,1008.7,10.7,7.9,2.1,2.7
2011-11-03,28.9,26.8,25.4,24.6,24.1,23.9,92,86,78,1012.2,1010.3,1008.3,15.0,11.5,6.1,1.8
2011-11-04,28.4,26.5,25.3,24.9,24.2,23.8,93,87,81,1012.0,1009.9,1008.0,17.9,13.4,9.4,1.1
2011-11-05,28.2,26.2,24.8,24.6,24.0,23.5,94,88,78,1012.9,1010.8,1009.0,13.4,9.6,4.3,1.4
2011-11-06,28.8,26.6,24.3,24.3,23.9,23.5,96,85,76,1012.4,1010.6,1008.0,11.8,8.8,5.6,0.3
2011-11-07,29.5,27.1,25.4,25.0,24.3,23.9,92,85,77,1012.2,1010.3,1008.0,11.9,8.4,3.5,0.4
2011-11-08,29.5,27.0,25.2,24.8,24.2,24.0,94,85,75,1012.5,1010.3,1008.2,16.1,10.1,6.3,0.9
2011-11-09,29.2,27.1,25.5,24.8,24.2,23.8,92,84,76,1011.3,1009.2,1007.0,14.5,9.7,4.9,0.9
2011-11-10,29.3,27.2,25.5,24.9,24.3,23.8,91,84,77,1009.3,1007.6,1005.5,15.3,10.5,7.6,1.1
2011-11-11,29.7,27.2,25.1,24.4,24.1,23.6,94,84,71,1009.5,1007.8,1005.9,13.8,10.4,7.1,2.7
2011-11-12,29.5,27.2,25.0,24.9,24.4,24.1,96,85,75,1010.5,1009.0,1007.3,15.3,12.4,9.7,2.5
2011-11-13,29.5,27.2,25.5,24.6,24.2,23.7,92,84,75,1012.1,1009.8,1007.8,14.3,10.3,5.6,0.7
2011-11-14,30.0,27.4,25.3,24.8,24.2,23.6,94,83,69,1011.3,1008.9,1006.9,15.5,11.4,7.8,2.1
2011-11-15,30.0,27.5,25.6,24.7,24.2,23.3,94,83,67,1010.2,1007.9,1005.5,14.3,10.7,5.2,0.9
2011-11-16,29.3,27.2,25.6,25.2,24.7,24.2,92,86,76,1010.1,1008.2,1006.7,11.6,6.9,4.3,1.1
2011-11-17,29.4,27.1,25.6,25.3,24.6,24.1,94,86,78,1010.0,1008.5,1007.1,10.8,7.1,2.9,3.3
2011-11-18,29.9,27.3,24.9,25.4,24.5,24.0,95,85,76,1010.5,1008.8,1006.8,12.2,7.8,3.0,1.2
2011-11-19,29.5,27.3,25.6,24.7,24.4,23.9,92,84,74,1011.1,1009.3,1007.0,13.5,8.9,3.1,1.9
2011-11-20,30.0,27.5,25.4,24.8,24.4,24.0,95,84,72,1010.8,1008.8,1006.7,12.1,8.0,2.6,1.9
2011-11-21,30.0,27.5,25.4,24.5,24.2,23.4,94,82,71,1011.1,1009.1,1007.5,15.1,10.5,6.6,2.0
2011-11-22,30.6,27.9,25.8,24.9,24.1,22.8,91,81,63,1011.6,1009.8,1007.5,16.7,11.5,7.6,0.0
2011-11-23,29.2,27.3,25.7,24.8,24.3,23.8,93,84,73,1011.9,1010.0,1007.9,15.8,12.6,8.9,1.9
2011-11-24,28.8,27.1,25.5,24.7,24.2,23.8,92,85,77,1012.5,1010.2,1008.1,13.4,8.6,0.4,1.1
2011-11-25,28.9,27.1,24.6,24.5,24.1,23.6,94,84,75,1011.8,1009.6,1007.8,11.6,8.2,4.7,1.2
2011-11-26,29.6,27.1,24.8,24.4,24.1,23.6,94,84,73,1010.3,1008.7,1006.8,12.4,7.4,3.0,0.2
2011-11-27,30.7,27.6,25.4,24.4,24.0,23.1,93,82,66,1010.3,1008.7,1006.5,13.6,9.8,5.8,0.9
2011-11-28,29.9,27.4,25.4,24.4,23.9,23.2,93,82,67,1011.3,1009.1,1007.3,14.0,10.8,5.5,0.1
2011-11-29,30.3,27.6,25.6,24.5,24.1,23.3,93,82,67,1011.4,1009.4,1007.5,13.7,9.6,1.3,1.0
2011-11-30,31.2,27.7,24.9,24.6,23.8,22.2,96,80,59,1011.4,1009.1,1007.0,12.4,7.0,1.0,0.0
2011-12-01,31.2,27.4,24.8,24.4,23.3,20.7,97,80,54,1010.7,1008.5,1006.4,12.1,7.8,1.3,0.0
2011-12-02,31.6,27.5,24.1,23.7,22.3,19.8,95,75,49,1011.5,1009.0,1006.8,13.1,8.4,1.8,0.0
2011-12-03,32.0,27.8,24.3,23.7,22.4,20.1,92,74,50,1010.9,1008.7,1006.2,15.3,10.3,3.5,0.0
2011-12-04,31.7,27.7,24.8,23.8,22.9,20.6,93,76,52,1009.9,1008.2,1006.2,13.6,9.5,2.5,0.0
2011-12-05,30.7,27.6,24.6,23.6,22.8,21.4,93,76,58,1010.2,1008.3,1006.4,12.6,9.0,5.1,0.0
2011-12-06,31.8,28.0,25.6,24.2,23.2,20.9,91,76,53,1010.9,1008.8,1006.5,13.1,8.3,2.1,0.0
2011-12-07,31.8,27.9,24.5,24.2,23.3,21.2,95,77,54,1011.0,1009.1,1007.6,14.0,8.6,3.6,0.0
2011-12-08,31.6,27.8,24.8,24.2,23.4,21.7,95,78,56,1010.7,1008.3,1005.9,14.7,10.1,4.4,0.3
2011-12-09,31.7,27.6,25.2,24.3,23.1,20.2,94,78,51,1010.0,1007.8,1005.5,12.2,9.7,2.2,0.0
2011-12-10,30.6,27.3,24.4,23.8,23.0,20.9,94,78,56,1010.4,1008.2,1006.2,11.8,7.9,0.4,0.0
2011-12-11,32.0,27.3,23.8,23.7,20.2,15.1,98,69,36,1011.0,1008.8,1006.8,12.9,9.2,5.2,0.0
2011-12-12,31.7,26.6,21.5,22.0,18.5,12.4,94,65,32,1011.8,1009.6,1007.6,14.0,7.5,2.9,0.0
2011-12-13,31.6,26.7,21.8,22.4,19.2,13.8,96,67,35,1011.9,1009.5,1007.2,13.7,7.5,2.1,0.0
2011-12-14,31.2,26.4,21.9,22.3,20.8,17.9,94,74,45,1012.3,1009.9,1007.8,12.2,7.9,3.6,0.0
2011-12-15,31.2,26.5,22.2,23.1,21.7,19.5,96,77,50,1012.1,1009.7,1007.6,12.3,7.6,3.3,0.0
2011-12-16,31.9,26.9,22.8,23.4,20.7,16.0,97,72,40,1012.0,1009.7,1007.5,13.7,8.6,2.6,0.0
2011-12-17,31.3,26.9,23.2,23.1,22.2,20.5,96,77,53,1011.9,1009.8,1007.7,13.7,8.1,1.5,0.0
2011-12-18,31.9,27.5,23.7,23.6,22.3,19.9,94,75,49,1011.0,1009.0,1006.9,15.9,9.5,5.2,0.0
2011-12-19,31.1,27.8,25.5,24.0,23.1,21.7,90,77,58,1011.8,1009.4,1007.7,14.6,10.5,7.6,0.2
2011-12-20,30.9,27.7,25.4,24.6,23.8,22.4,93,80,60,1012.1,1009.7,1007.6,16.4,11.6,4.2,0.3
2011-12-21,30.1,27.2,25.6,24.6,24.0,23.0,93,83,66,1011.9,1010.0,1007.9,14.7,11.1,5.8,1.2
2011-12-22,30.4,27.5,25.3,24.4,23.9,22.9,94,81,65,1012.5,1010.2,1007.9,13.7,9.0,5.0,1.0
2011-12-23,29.8,27.4,25.6,24.6,24.0,22.9,93,82,67,1011.9,1009.8,1007.6,12.6,8.6,4.7,1.2
2011-12-24,30.1,27.3,25.0,25.0,24.5,24.1,96,85,71,1011.3,1009.1,1006.8,13.1,8.5,5.0,0.4
2011-12-25,29.8,27.2,25.7,24.9,24.4,23.6,94,85,71,1011.4,1009.5,1007.7,14.5,9.9,5.7,2.3
2011-12-26,31.1,27.8,25.4,24.6,24.0,22.8,94,80,61,1011.5,1009.8,1007.5,14.1,8.6,2.3,0.2
2011-12-27,32.1,28.4,26.1,24.5,23.9,22.3,91,78,57,1012.5,1010.5,1008.5,15.9,10.6,4.8,0.0
2011-12-28,30.6,27.9,26.1,24.9,24.3,23.2,92,81,65,1012.1,1010.2,1008.3,16.9,12.6,7.2,1.6
2011-12-29,27.0,26.1,24.8,24.7,23.8,22.8,93,87,79,1013.9,1010.9,1009.2,17.3,12.0,3.3,6.5
2011-12-30,29.3,27.0,24.8,24.2,23.9,23.3,95,83,73,1013.3,1011.0,1008.2,15.6,10.8,6.9,1.4
2011-12-31,31.0,27.4,24.9,24.2,23.3,21.6,94,80,57,1013.0,1010.5,1008.1,18.4,12.1,5.4,0.7
2012-01-01,30.7,27.6,25.7,24.1,23.5,22.5,90,79,62,1012.7,1010.6,1008.7,13.3,9.4,4.7,0.7
2012-01-02,29.8,27.3,25.6,24.5,24.1,23.6,92,83,70,1013.7,1011.0,1008.5,14.0,9.4,3.0,0.8
2012-01-03,30.2,27.2,25.3,24.5,23.7,22.0,95,82,62,1013.3,1010.4,1008.0,12.6,9.4,0.7,0.4
2012-01-04,32.0,27.3,24.4,24.4,22.2,17.4,96,76,42,1012.9,1010.0,1007.2,14.3,8.3,1.3,0.3
2012-01-05,31.1,26.7,23.6,23.8,22.5,19.9,96,79,51,1013.2,1010.7,1008.6,14.4,8.7,1.8,0.0
2012-01-06,31.4,26.9,23.4,23.4,22.0,19.6,96,77,50,1013.3,1010.4,1007.9,15.5,8.5,1.8,0.0
2012-01-07,32.4,27.4,24.1,23.6,21.9,18.4,92,74,43,1012.6,1009.9,1008.0,16.3,9.7,2.0,0.0
2012-01-08,31.1,27.2,24.3,23.7,22.7,21.0,95,78,55,1012.2,1009.9,1008.0,13.4,9.3,4.0,0.0
2012-01-09,31.1,27.4,24.4,23.8,22.8,20.9,95,77,55,1012.1,1009.8,1007.6,13.7,8.0,0.7,0.0
2012-01-10,32.0,27.7,24.1,23.9,22.9,20.6,95,77,52,1012.2,1009.9,1007.9,15.6,9.0,2.1,0.0
2012-01-11,32.3,27.9,25.0,24.1,22.9,20.2,93,76,49,1011.9,1009.7,1007.5,15.4,10.0,1.9,0.0
2012-01-12,32.0,27.3,24.0,23.9,21.4,16.4,98,74,40,1012.3,1010.4,1008.9,13.7,8.5,1.8,0.0
2012-01-13,32.4,27.4,23.7,23.6,19.3,11.9,96,66,30,1013.8,1011.3,1009.3,11.5,7.8,1.8,0.0
2012-01-14,31.8,26.8,22.5,22.8,16.3,8.2,92,59,24,1013.1,1010.7,1008.1,13.0,9.4,5.4,0.0
2012-01-15,32.2,26.4,20.6,21.0,15.6,7.3,90,58,22,1011.9,1009.6,1007.2,13.9,7.4,1.3,0.0
2012-01-16,32.2,26.6,22.2,21.1,16.4,9.4,88,58,26,1011.6,1009.0,1006.8,13.0,8.1,3.0,0.0
2012-01-17,31.6,26.6,22.8,22.2,20.3,17.6,90,71,44,1010.4,1008.1,1005.9,16.5,9.4,2.1,0.0
2012-01-18,31.1,27.0,24.1,23.6,22.1,19.9,93,76,52,1011.1,1008.8,1007.1,16.6,13.5,9.8,0.0
2012-01-19,30.8,27.2,25.2,24.5,23.6,22.7,92,82,62,1011.3,1009.2,1007.1,16.5,12.6,9.4,0.1
2012-01-20,28.5,26.6,25.3,24.4,23.8,22.8,93,85,74,1011.0,1009.3,1006.9,15.7,11.3,8.5,0.6
2012-01-21,30.7,27.2,25.3,23.9,23.3,22.5,92,80,63,1011.1,1009.5,1007.4,14.6,12.4,10.3,0.5
2012-01-22,29.8,27.1,25.0,24.0,22.9,21.7,89,79,63,1011.4,1009.4,1007.1,17.6,12.8,9.5,0.3
2012-01-23,30.1,27.3,25.3,24.3,23.6,22.7,93,81,67,1011.3,1009.5,1007.2,13.7,9.9,5.4,0.2
2012-01-24,32.4,27.9,25.0,24.3,23.3,21.4,94,78,52,1011.0,1008.7,1005.8,18.1,11.1,5.3,0.0
2012-01-25,31.5,28.1,26.0,24.4,23.4,21.7,90,77,57,1009.8,1008.0,1005.8,21.3,15.9,12.2,0.1
2012-01-26,30.9,27.9,26.0,24.1,23.4,22.5,88,77,62,1010.1,1008.3,1006.4,17.3,13.8,8.9,0.3
2012-01-27,30.8,27.6,25.9,24.1,23.6,22.9,89,80,63,1011.0,1008.9,1007.2,19.4,13.7,8.7,1.5
2012-01-28,30.0,27.3,26.0,24.1,23.8,23.4,89,82,70,1010.6,1008.4,1006.1,15.8,13.0,8.9,1.2
2012-01-29,30.5,27.3,25.9,24.0,23.6,22.7,89,81,66,1009.4,1007.8,1006.1,20.5,14.8,10.6,1.4
2012-01-30,30.0,26.9,25.9,24.0,23.8,23.4,88,83,70,1009.6,1008.1,1006.5,21.1,15.7,11.6,5.8
2012-01-31,30.5,27.6,26.0,24.5,24.0,23.5,89,81,69,1010.4,1008.6,1006.9,18.0,12.9,8.4,0.3
2012-02-01,30.4,27.5,25.6,24.2,23.8,23.2,91,81,68,1011.2,1009.0,1007.1,16.8,13.8,10.9,1.0
2012-02-02,29.1,27.2,25.8,24.1,23.9,23.3,90,82,72,1011.6,1009.2,1007.5,15.8,12.0,6.9,1.9
2012-02-03,29.7,27.2,25.4,23.9,23.5,22.9,90,81,69,1011.9,1009.8,1007.6,15.7,11.3,5.7,0.7
2012-02-04,30.4,27.6,25.8,24.4,23.8,23.1,90,80,67,1010.9,1008.8,1006.5,16.9,10.6,3.7,0.7
2012-02-05,30.7,27.6,25.8,24.9,24.1,23.6,90,82,68,1010.5,1008.0,1005.4,20.1,14.0,9.5,0.9
2012-02-06,29.9,27.4,25.9,24.9,24.2,23.7,91,83,70,1009.8,1007.5,1005.0,18.9,15.7,13.4,4.1
2012-02-07,29.0,26.9,24.6,24.6,23.6,23.2,92,83,71,1008.6,1007.0,1005.3,17.4,13.4,8.4,5.2
2012-02-08,30.1,27.4,25.4,23.5,22.4,21.1,88,75,59,1009.9,1007.6,1005.6,17.7,13.4,8.6,0.4
2012-02-09,30.0,27.2,25.3,23.4,22.3,21.0,87,76,59,1009.8,1008.3,1006.3,17.4,11.1,7.0,0.0
2012-02-10,30.5,27.3,25.3,23.3,22.3,20.9,89,75,57,1010.3,1008.0,1005.5,16.8,13.1,8.8,0.0
2012-02-11,31.2,27.8,25.9,23.5,22.6,21.2,85,74,55,1010.7,1008.3,1006.3,17.2,15.2,12.0,0.0
2012-02-12,31.2,27.7,25.7,23.8,22.9,21.7,88,76,57,1009.9,1008.0,1005.7,20.0,15.3,12.0,0.0
2012-02-13,29.3,26.9,25.6,24.0,23.5,23.1,87,82,70,1009.9,1008.1,1006.2,21.7,18.1,15.8,11.4
2012-02-14,28.9,27.2,25.9,24.0,23.7,23.3,89,81,72,1010.6,1008.7,1006.6,20.9,16.7,13.2,0.7
2012-02-15,28.7,27.0,26.0,24.0,23.7,23.2,88,82,72,1010.7,1008.9,1007.2,19.1,16.0,10.9,4.7
2012-02-16,29.6,27.3,25.8,24.0,23.7,23.4,88,81,70,1009.8,1008.2,1006.4,18.9,16.6,13.0,1.0
2012-02-17,29.7,27.3,25.8,24.5,24.0,23.5,89,82,71,1010.5,1008.1,1005.9,17.2,14.8,10.6,0.5
2012-02-18,29.4,27.0,25.8,24.5,23.9,23.5,91,83,72,1010.4,1008.5,1006.4,17.4,14.7,10.5,3.5
2012-02-19,30.1,27.3,25.5,23.7,23.4,23.0,89,80,68,1010.4,1008.5,1006.7,14.2,11.9,10.1,1.2
2012-02-20,29.7,26.8,25.7,23.9,23.5,23.1,88,83,70,1010.4,1008.7,1006.4,22.6,13.8,7.6,5.0
2012-02-21,28.3,26.0,24.1,24.0,23.2,22.5,95,84,71,1011.2,1009.0,1005.9,18.4,10.5,4.7,5.0
2012-02-22,29.7,26.5,25.4,24.6,23.9,23.5,91,86,74,1009.6,1008.1,1006.6,15.1,12.0,5.5,11.4
2012-02-23,28.8,26.7,25.3,23.8,23.5,23.0,91,83,74,1009.6,1007.5,1006.0,15.1,12.4,8.4,4.5
2012-02-24,29.8,27.3,25.3,24.3,23.5,23.1,88,80,72,1010.0,1008.0,1005.9,17.5,13.4,9.1,0.4
2012-02-25,29.7,27.5,25.9,24.0,23.9,23.5,89,81,71,1009.6,1007.7,1005.8,19.1,14.5,10.9,1.5
2012-02-26,28.4,26.9,25.8,24.4,23.9,23.3,90,84,76,1009.3,1007.3,1005.8,16.7,13.5,10.0,2.7
2012-02-27,29.9,27.3,25.8,24.6,24.1,23.5,90,83,73,1009.4,1007.7,1005.7,16.8,13.1,9.9,3.4
2012-02-28,30.2,27.2,25.6,24.5,24.3,23.8,90,84,72,1010.3,1008.4,1006.4,20.0,13.8,9.7,5.4
2012-02-29,29.4,26.9,26.0,24.5,24.1,23.5,90,85,75,1010.1,1008.5,1006.8,17.6,14.6,11.2,5.8
2012-03-01,29.7,27.1,25.7,24.3,24.0,23.6,90,84,72,1011.4,1008.9,1007.2,17.7,15.0,1.9,3.0
2012-03-02,29.5,27.2,25.8,24.3,23.9,23.3,91,83,69,1011.4,1009.3,1007.4,15.4,11.0,3.2,0.0
2012-03-03,30.0,27.6,25.8,24.2,23.9,23.4,89,81,68,1010.7,1008.7,1006.2,18.4,13.5,6.8,0.5
2012-03-04,30.1,27.4,26.4,24.4,24.1,23.7,88,82,72,1010.1,1008.4,1006.9,16.1,13.3,9.6,7.5
2012-03-05,28.6,26.9,25.7,24.7,24.1,23.5,91,85,78,1010.8,1008.8,1006.6,15.8,12.9,10.0,3.4
2012-03-06,29.9,27.2,25.4,24.7,24.1,23.8,91,84,73,1010.5,1008.8,1007.1,15.7,12.7,10.6,3.1
2012-03-07,30.1,27.6,25.8,24.5,24.1,23.5,91,82,68,1010.5,1008.3,1006.4,18.1,15.0,10.2,0.8
2012-03-08,30.3,27.6,26.4,24.9,24.3,23.8,89,83,71,1010.1,1008.4,1006.8,18.1,15.6,12.8,4.1
2012-03-09,29.1,27.2,26.3,24.9,24.4,23.8,89,85,75,1011.3,1009.1,1007.6,16.3,14.2,9.9,6.1
2012-03-10,29.6,27.3,25.3,24.7,24.4,24.1,93,84,75,1011.9,1009.8,1008.1,13.9,11.6,9.1,5.9
2012-03-11,30.9,27.7,25.4,25.0,24.1,22.4,93,81,61,1011.3,1009.2,1006.7,15.0,10.9,4.4,0.3
2012-03-12,30.9,28.0,25.6,25.0,24.2,22.9,95,81,62,1010.9,1008.5,1006.1,15.8,12.2,7.3,0.4
2012-03-13,31.6,28.1,25.3,24.4,23.7,22.4,92,78,59,1011.7,1009.3,1007.7,18.1,12.8,8.3,0.0
2012-03-14,31.7,28.3,25.5,24.8,23.9,22.8,94,78,59,1011.0,1009.1,1006.9,18.5,11.6,5.1,0.0
2012-03-15,31.5,28.8,26.6,24.4,23.9,23.1,88,76,62,1010.9,1009.0,1007.4,16.5,12.7,7.9,0.0
2012-03-16,32.1,28.8,27.0,25.6,24.8,24.1,88,79,63,1011.4,1008.8,1006.8,18.7,14.4,9.9,1.2
2012-03-17,30.3,28.2,27.0,25.6,25.2,24.6,91,84,73,1010.5,1008.1,1006.1,19.6,13.2,6.5,1.1
2012-03-18,29.9,27.9,26.7,25.1,24.8,24.5,90,84,74,1009.9,1008.0,1006.6,16.4,13.3,10.3,1.5
2012-03-19,31.0,28.5,26.6,25.2,24.8,24.4,90,81,70,1010.2,1007.9,1005.8,16.7,11.5,6.5,1.1
2012-03-20,31.6,28.7,26.7,25.9,25.0,24.1,90,81,68,1009.9,1007.3,1004.8,17.8,12.4,6.6,0.7
2012-03-21,30.6,28.6,27.1,25.9,25.3,24.5,92,83,71,1009.2,1006.7,1004.8,17.1,14.1,10.4,1.2
2012-03-22,31.6,28.6,26.8,25.6,24.8,23.8,91,81,63,1008.2,1006.3,1004.5,20.0,14.6,10.0,1.6
2012-03-23,31.1,28.3,26.9,25.7,25.1,24.2,92,83,67,1008.8,1006.6,1004.8,20.4,15.9,11.3,1.7
2012-03-24,29.8,27.9,26.7,25.5,24.9,24.4,91,84,74,1009.8,1007.4,1005.3,17.7,14.1,9.7,3.0
2012-03-25,30.1,27.8,26.4,25.3,24.8,24.2,91,84,72,1010.2,1008.1,1006.4,13.3,10.3,6.2,1.7
2012-03-26,30.8,28.0,26.2,24.9,24.4,23.8,90,81,67,1009.9,1007.7,1006.2,17.5,13.3,9.2,1.8
2012-03-27,31.5,28.5,26.5,25.4,24.8,24.2,91,81,67,1009.6,1007.3,1005.6,18.6,14.4,12.1,0.8
2012-03-28,31.6,28.7,27.1,25.6,25.2,24.7,90,82,68,1010.1,1007.9,1006.3,21.1,17.1,13.8,1.2
2012-03-29,30.6,28.2,27.2,25.4,25.1,24.2,89,83,71,1011.5,1009.1,1007.3,20.6,16.4,14.1,3.1
2012-03-30,30.5,27.9,26.5,25.5,24.8,24.0,90,83,71,1011.8,1010.3,1008.5,18.6,15.3,11.4,9.2
2012-03-31,30.5,28.3,26.6,24.9,24.7,24.5,89,81,71,1011.5,1009.6,1007.4,18.3,14.6,10.2,1.1
2012-04-01,30.5,28.3,26.8,25.0,24.7,24.1,89,81,70,1011.8,1009.2,1006.8,18.9,15.8,7.9,1.8
2012-04-02,31.5,28.1,26.5,25.1,24.7,23.9,90,82,67,1010.8,1008.7,1006.6,17.8,12.6,6.0,3.4
2012-04-03,30.2,27.5,26.3,25.1,24.6,23.9,90,84,74,1011.9,1008.3,1005.0,20.2,15.1,7.0,12.0
2012-04-04,30.4,28.0,26.8,25.1,24.5,23.7,88,82,69,1011.5,1009.0,1006.7,17.0,11.8,7.1,4.5
2012-04-05,30.4,28.0,26.3,24.8,24.3,23.5,91,81,67,1010.5,1008.4,1006.0,16.9,13.1,8.8,2.9
2012-04-06,30.0,27.5,25.4,25.1,24.4,23.8,91,83,73,1010.0,1008.3,1006.7,17.8,14.0,10.6,8.2
2012-04-07,29.3,27.4,26.3,24.9,24.6,24.2,90,85,77,1010.2,1007.7,1005.5,17.4,14.3,8.0,6.6
2012-04-08,30.0,27.7,25.9,25.0,24.7,24.5,93,84,73,1008.5,1006.5,1003.7,16.0,12.6,9.7,2.8
2012-04-09,30.0,27.3,25.6,25.3,24.7,24.1,93,86,74,1008.0,1006.2,1004.6,20.6,15.8,8.3,11.6
2012-04-10,29.7,26.8,25.2,25.4,24.4,23.9,93,87,78,1009.4,1007.2,1005.5,19.4,13.9,8.9,11.5
2012-04-11,30.3,27.5,26.2,25.1,24.5,23.8,90,84,72,1009.6,1008.0,1006.2,17.1,14.0,10.1,7.1
2012-04-12,29.2,27.1,26.3,24.8,24.4,23.9,91,85,76,1009.8,1008.1,1006.4,20.7,16.3,11.8,10.3
2012-04-13,28.9,27.0,25.2,25.2,24.4,23.7,91,85,76,1011.5,1008.7,1006.7,21.2,15.7,8.6,9.4
2012-04-14,29.9,27.2,25.9,25.4,24.8,24.5,93,87,75,1010.3,1008.3,1006.5,17.7,12.1,3.1,17.3
2012-04-15,29.4,27.5,25.9,25.1,24.6,24.0,90,84,76,1010.1,1007.7,1004.9,19.6,15.2,12.3,5.6
2012-04-16,28.2,26.7,26.1,25.0,24.3,23.9,90,86,81,1011.4,1008.8,1007.1,17.4,14.0,2.2,11.7
2012-04-17,28.4,26.1,23.6,24.6,23.6,22.1,94,87,75,1013.2,1010.3,1007.7,12.0,6.8,1.1,8.0
2012-04-18,29.7,27.4,25.7,24.4,24.2,24.0,91,83,71,1011.5,1009.5,1007.1,14.3,10.6,5.0,0.8
2012-04-19,29.3,27.1,25.9,24.7,24.3,24.0,90,85,74,1010.9,1009.0,1007.4,15.1,9.3,2.3,5.7
2012-04-20,29.0,26.9,25.1,24.8,24.4,24.1,94,86,77,1011.5,1009.4,1007.3,10.3,7.1,2.9,1.2
2012-04-21,30.0,27.6,26.0,25.0,24.5,24.2,91,84,71,1011.9,1009.9,1008.3,18.9,15.3,8.4,0.3
2012-04-22,29.6,27.5,26.2,25.0,24.5,23.9,90,84,74,1011.9,1010.2,1008.6,19.1,15.8,11.3,7.3
2012-04-23,29.5,27.6,26.2,25.1,24.8,24.4,92,85,75,1011.4,1009.6,1007.0,13.3,11.9,9.9,0.3
2012-04-24,29.7,27.2,25.9,25.1,24.7,24.2,95,86,73,1010.7,1009.0,1007.0,22.5,14.7,11.5,3.7
2012-04-25,29.5,27.2,26.0,24.4,24.2,23.9,90,84,73,1011.9,1009.8,1008.6,14.8,10.1,5.3,1.7
2012-04-26,29.7,27.2,24.5,24.7,24.3,23.8,96,84,73,1012.3,1010.0,1008.8,14.0,8.8,5.6,4.5
2012-04-27,30.3,27.8,25.3,25.0,24.4,24.1,94,82,70,1011.1,1008.6,1006.6,17.1,12.4,8.5,0.3
2012-04-28,29.7,27.6,26.6,25.2,24.6,24.2,91,84,77,1009.7,1008.1,1006.5,18.1,14.5,9.0,2.2
2012-04-29,29.5,27.5,26.0,25.6,25.1,25.0,95,87,79,1010.3,1008.2,1006.5,16.8,12.2,8.7,2.6
2012-04-30,29.2,27.3,26.3,25.2,24.8,24.0,93,87,76,1010.3,1008.6,1007.1,16.3,13.0,8.7,7.0
2012-05-01,29.8,27.6,26.1,24.9,24.5,24.2,92,84,73,1010.4,1008.8,1006.6,16.4,13.1,7.9,5.3
2012-05-02,29.6,27.5,26.2,24.8,24.5,24.4,90,84,74,1010.9,1009.3,1007.3,19.4,12.3,6.2,6.3
2012-05-03,28.7,26.5,25.2,24.9,24.2,22.9,95,87,79,1011.8,1010.1,1008.3,18.3,13.9,8.2,15.1
2012-05-04,29.2,27.0,24.8,24.3,23.7,23.3,93,83,73,1012.2,1010.2,1008.3,16.0,13.0,9.3,4.4
2012-05-05,29.8,27.5,25.7,24.7,24.0,23.7,90,82,73,1011.8,1009.9,1008.5,13.3,10.7,3.6,0.1
2012-05-06,30.0,27.5,25.6,25.2,24.3,23.9,91,83,75,1011.3,1009.5,1007.7,12.3,8.8,3.7,2.6
2012-05-07,30.2,27.4,25.9,24.9,24.2,23.5,90,83,73,1011.2,1009.8,1008.5,18.4,12.3,8.4,5.1
2012-05-08,30.1,27.4,25.0,25.1,24.6,24.1,96,85,74,1010.2,1008.7,1006.6,16.0,11.2,3.0,6.4
2012-05-09,29.2,26.8,25.1,25.1,24.3,23.7,93,86,78,1010.2,1008.4,1006.8,18.6,10.1,3.0,12.1
2012-05-10,29.3,27.2,25.2,24.7,24.3,23.8,94,85,76,1011.3,1009.3,1007.6,14.4,8.4,0.7,4.5
2012-05-11,30.0,27.5,26.0,25.5,24.7,24.2,90,85,77,1011.8,1009.9,1008.2,17.8,11.9,6.8,5.8
2012-05-12,28.0,26.4,25.1,25.2,24.2,23.8,93,87,81,1012.8,1010.5,1008.4,11.8,7.2,2.3,8.3
2012-05-13,27.9,26.3,25.1,24.4,23.7,23.4,93,86,77,1011.5,1009.6,1007.9,12.3,8.6,4.4,2.6
2012-05-14,28.2,26.1,24.7,23.6,22.9,22.0,92,83,70,1011.5,1009.5,1007.4,10.8,8.0,1.6,3.1
2012-05-15,30.1,27.2,24.9,24.5,24.0,23.7,94,83,71,1012.1,1010.3,1008.3,14.0,8.8,4.8,4.0
2012-05-16,28.3,26.8,25.7,24.7,24.1,23.7,90,86,81,1012.6,1010.8,1009.1,13.2,10.5,7.3,4.3
2012-05-17,29.1,26.9,25.0,24.8,24.1,23.7,93,85,75,1011.6,1010.1,1008.2,15.3,12.3,8.9,5.0
2012-05-18,29.2,27.2,25.8,24.5,24.2,24.0,90,84,75,1010.9,1009.1,1007.6,17.6,13.7,9.8,2.8
2012-05-19,28.6,26.4,24.8,24.3,24.0,23.6,95,87,77,1012.2,1009.2,1007.0,11.6,7.8,3.3,7.2
2012-05-20,29.4,26.9,25.3,24.2,24.0,23.8,93,84,73,1012.0,1010.1,1008.6,14.8,7.8,2.4,1.7
2012-05-21,28.4,26.3,24.4,25.1,24.2,23.6,96,88,82,1013.5,1010.6,1008.6,11.4,7.4,1.9,9.1
2012-05-22,29.1,27.0,25.0,24.4,24.0,23.4,95,84,74,1011.8,1010.2,1008.4,13.3,9.4,5.6,4.8
2012-05-23,29.7,27.1,24.7,24.6,24.0,23.4,93,83,74,1012.4,1010.6,1008.8,14.2,8.9,4.2,2.8
2012-05-24,28.9,26.9,25.7,25.0,24.3,24.0,91,85,77,1011.8,1010.7,1009.4,18.1,14.4,11.2,6.9
2012-05-25,28.2,26.2,23.8,24.3,23.9,22.8,94,87,78,1013.3,1011.4,1009.8,18.0,14.5,9.0,19.7
2012-05-26,28.9,26.3,24.1,24.0,23.4,22.8,96,85,73,1014.1,1012.4,1011.0,14.6,11.0,5.4,11.9
2012-05-27,28.0,26.6,25.4,24.4,23.8,23.2,90,85,81,1013.7,1011.9,1010.1,13.2,8.3,3.3,4.4
2012-05-28,28.2,25.8,24.4,24.5,23.7,22.9,93,88,77,1014.1,1012.1,1010.7,14.1,10.1,6.2,11.4
2012-05-29,26.4,25.2,23.9,24.2,23.7,23.0,95,91,86,1013.6,1011.8,1010.0,13.2,8.6,4.0,19.8
2012-05-30,27.7,25.7,24.5,24.6,23.6,23.1,93,89,82,1014.5,1012.7,1011.3,11.8,8.2,2.6,16.8
2012-05-31,28.1,25.7,24.0,24.7,23.8,23.1,96,89,82,1015.6,1013.1,1011.2,8.9,4.3,0.8,10.3
2012-06-01,28.0,26.2,24.4,25.1,24.2,23.5,95,89,83,1014.4,1012.2,1010.2,8.9,6.0,2.1,7.7
2012-06-02,28.9,26.5,24.5,25.2,24.2,23.7,95,87,80,1013.9,1011.8,1010.2,12.0,7.7,1.6,4.6
2012-06-03,27.1,25.8,24.3,24.7,23.9,23.1,94,89,84,1013.9,1011.9,1010.3,16.4,8.9,1.9,20.7
2012-06-04,28.9,26.3,24.0,24.0,23.6,23.1,96,85,73,1014.2,1012.3,1010.3,16.4,12.8,8.2,1.7
2012-06-05,27.2,26.2,24.9,24.1,23.7,23.5,92,86,82,1014.6,1012.4,1009.6,20.0,12.1,2.9,2.7
2012-06-06,27.5,25.9,24.5,24.1,23.6,22.9,93,87,82,1015.3,1012.9,1011.6,15.7,11.9,4.4,6.4
2012-06-07,28.5,26.0,23.9,24.8,23.7,23.0,96,87,77,1015.1,1013.0,1010.8,11.3,6.1,0.4,1.9
2012-06-08,29.1,26.8,25.3,23.8,23.5,23.1,88,82,70,1014.1,1012.1,1011.0,16.3,11.1,6.9,0.5
2012-06-09,29.3,27.0,25.0,24.4,23.8,23.4,91,83,72,1013.0,1011.3,1009.7,14.1,12.1,8.6,0.4
2012-06-10,29.1,27.0,25.9,24.8,24.4,24.1,91,85,77,1011.4,1009.9,1008.5,16.8,13.8,10.4,1.1
2012-06-11,28.0,26.2,24.8,24.9,23.9,23.2,94,88,79,1012.3,1010.4,1009.1,15.1,10.9,7.1,6.9
2012-06-12,25.6,24.8,24.4,23.7,23.4,22.7,95,92,89,1012.9,1010.9,1009.4,13.3,8.5,5.2,45.9
2012-06-13,25.7,24.8,24.1,24.0,23.6,23.3,96,93,89,1012.4,1010.8,1009.3,15.1,10.8,5.1,92.4
2012-06-14,28.6,26.2,24.3,24.5,23.7,23.1,94,87,78,1011.8,1010.0,1008.0,13.8,10.4,4.7,2.2
2012-06-15,28.1,25.9,24.8,24.8,23.9,23.4,95,89,81,1012.9,1010.8,1008.8,14.5,10.2,4.9,13.8
2012-06-16,28.1,25.7,24.3,23.9,23.4,23.1,93,87,76,1013.5,1011.5,1010.2,17.0,8.3,1.6,12.5
2012-06-17,25.5,24.6,23.8,24.0,23.4,22.9,97,93,90,1014.6,1012.5,1010.4,16.5,6.7,0.7,22.6
2012-06-18,28.8,26.3,24.5,23.5,22.8,22.0,92,82,69,1014.4,1012.7,1011.3,20.8,12.4,5.3,1.0
2012-06-19,27.9,25.8,24.5,24.2,23.3,23.0,92,86,78,1014.6,1012.7,1011.1,16.4,12.7,10.3,5.4
2012-06-20,26.4,25.2,24.3,24.0,23.3,22.7,94,89,83,1014.5,1012.6,1011.4,12.4,9.1,4.0,15.6
2012-06-21,27.4,25.3,23.9,24.2,23.3,22.7,95,88,81,1013.6,1011.7,1009.5,11.5,7.3,2.2,11.9
2012-06-22,27.9,25.6,24.0,23.7,23.0,22.7,93,86,78,1014.5,1012.6,1011.3,13.4,11.3,7.4,3.4
2012-06-23,28.1,25.7,24.2,23.9,23.0,22.7,91,85,74,1015.6,1013.8,1012.6,15.1,9.5,2.6,2.2
2012-06-24,26.3,25.0,24.1,23.3,22.8,22.6,92,88,82,1014.2,1012.5,1010.8,17.1,12.7,4.5,10.7
2012-06-25,26.5,24.8,23.3,23.7,22.7,22.2,94,88,80,1014.2,1012.7,1011.5,15.3,12.3,8.4,13.6
2012-06-26,26.9,25.1,23.7,23.5,22.8,22.4,93,87,80,1015.3,1013.3,1011.7,14.6,11.2,6.2,8.9
2012-06-27,25.7,24.6,23.6,23.4,22.9,22.5,94,90,85,1015.3,1013.5,1011.9,16.2,12.6,9.2,15.0
2012-06-28,24.7,23.9,23.3,23.3,22.7,22.2,95,93,91,1015.0,1013.1,1012.0,18.1,12.8,7.0,29.7
2012-06-29,25.6,24.4,23.3,23.8,22.7,22.0,95,91,86,1015.0,1012.6,1011.4,11.2,8.1,3.6,8.8
2012-06-30,26.9,25.0,23.3,23.7,22.8,22.4,96,88,81,1014.0,1011.8,1010.6,15.1,11.9,8.3,7.1
2012-07-01,26.7,24.8,23.8,23.3,22.7,22.2,94,88,80,1012.6,1010.8,1009.1,16.4,12.8,10.5,13.8
2012-07-02,26.2,24.3,23.5,23.2,22.6,22.2,94,90,82,1012.9,1011.1,1009.7,17.3,13.8,10.7,25.6
2012-07-03,26.3,24.6,23.1,23.4,22.5,22.0,94,88,79,1014.2,1012.0,1010.0,17.9,12.5,9.7,19.7
2012-07-04,26.0,24.5,23.2,23.1,22.4,21.9,93,88,82,1012.9,1011.0,1009.1,19.9,14.6,9.2,15.7
2012-07-05,27.1,25.0,23.8,23.8,22.7,22.1,92,87,80,1013.8,1011.3,1009.6,13.0,9.8,7.4,3.8
2012-07-06,27.2,25.3,23.4,23.1,22.4,22.1,93,84,76,1013.6,1011.7,1010.1,20.9,13.0,8.4,2.3
2012-07-07,26.9,25.0,23.7,23.3,22.5,22.0,92,86,80,1014.0,1012.2,1010.8,16.4,12.7,9.4,7.5
2012-07-08,26.8,25.0,23.7,23.3,22.4,21.9,91,86,80,1013.1,1011.5,1010.1,16.9,14.1,11.7,4.6
2012-07-09,26.5,24.8,23.4,23.5,22.7,22.1,94,88,83,1013.0,1010.9,1009.7,16.8,13.7,9.2,6.1
2012-07-10,27.6,25.3,23.6,23.5,22.6,22.3,93,86,77,1012.7,1010.8,1009.4,17.8,12.4,7.6,5.1
2012-07-11,27.3,25.1,23.9,23.3,22.7,22.3,92,86,76,1012.9,1011.3,1010.0,16.1,13.7,11.6,8.4
2012-07-12,26.9,25.4,24.4,23.5,22.7,22.4,89,86,77,1013.4,1011.3,1010.0,16.2,13.3,11.7,3.7
2012-07-13,27.6,25.6,24.3,23.6,22.8,22.5,90,85,76,1012.9,1011.3,1009.5,18.6,14.0,12.1,1.7
2012-07-14,27.6,25.3,24.0,23.8,23.0,22.6,92,87,80,1012.7,1010.8,1008.7,24.6,18.6,15.0,6.2
2012-07-15,25.4,24.3,23.8,23.5,22.6,22.1,92,90,84,1012.9,1011.0,1009.2,22.8,19.3,15.8,13.5
2012-07-16,26.6,24.6,22.8,22.9,22.1,21.5,95,86,78,1015.3,1013.4,1012.1,18.8,16.1,13.1,5.6
2012-07-17,27.4,25.3,23.2,22.2,21.8,21.5,90,81,72,1016.4,1014.5,1012.4,16.6,13.4,9.7,0.7
2012-07-18,27.3,25.5,24.3,22.8,22.2,21.9,87,82,76,1015.1,1013.3,1011.0,18.6,15.3,10.6,3.7
2012-07-19,26.4,25.2,24.3,22.8,22.2,21.7,88,84,79,1015.3,1013.0,1011.5,20.5,17.3,13.6,3.8
2012-07-20,27.0,25.2,23.6,22.2,21.9,21.6,89,82,74,1015.5,1013.8,1012.4,16.0,13.9,12.0,0.6
2012-07-21,26.9,25.0,24.0,23.2,22.5,22.0,89,86,80,1015.9,1013.6,1012.0,18.5,15.4,12.2,5.9
2012-07-22,26.4,24.5,23.4,23.6,22.6,22.1,93,89,81,1015.2,1013.8,1012.2,21.6,15.9,11.7,26.1
2012-07-23,26.2,24.9,23.6,23.6,22.5,21.8,92,87,82,1015.2,1013.3,1011.3,21.9,15.8,12.1,7.1
2012-07-24,26.1,24.6,23.3,23.4,22.6,21.8,93,88,83,1014.6,1012.7,1011.1,17.3,14.0,10.7,10.2
2012-07-25,27.0,24.7,23.4,23.5,22.6,22.0,94,88,78,1014.1,1012.4,1011.3,19.5,16.1,13.1,8.5
2012-07-26,24.4,23.9,23.4,23.2,22.6,22.3,95,92,89,1015.3,1013.1,1011.8,20.2,18.0,14.2,61.4
2012-07-27,25.0,24.4,23.7,23.1,22.6,22.3,92,90,88,1015.0,1012.9,1011.4,16.6,14.8,11.2,8.3
2012-07-28,26.5,24.6,23.3,23.7,22.6,22.2,94,89,83,1013.2,1011.5,1009.6,19.2,14.6,10.4,3.2
2012-07-29,25.8,24.5,23.3,23.2,22.4,22.0,94,88,83,1013.2,1011.5,1010.1,16.6,13.7,10.7,5.1
2012-07-30,26.6,24.8,23.6,22.2,22.0,21.9,90,85,76,1014.3,1012.1,1010.2,20.5,17.2,12.4,0.3
2012-07-31,26.8,24.6,23.7,23.2,22.4,21.9,93,87,80,1013.8,1012.0,1010.2,19.1,16.5,14.5,18.4
2012-08-01,25.1,23.8,23.3,22.6,22.2,22.0,94,91,83,1013.3,1011.7,1010.3,20.0,18.1,15.6,33.7
2012-08-02,27.1,24.9,23.0,23.3,22.4,21.8,94,87,79,1014.5,1012.5,1010.9,20.2,14.5,10.5,2.1
2012-08-03,27.0,25.0,24.0,22.8,22.4,22.0,90,86,76,1013.8,1012.0,1009.9,19.5,16.2,11.0,1.7
2012-08-04,26.2,24.8,24.1,23.4,22.3,21.5,90,86,79,1014.0,1012.2,1011.1,21.3,18.9,17.4,7.9
2012-08-05,26.0,24.8,23.6,22.6,21.8,21.4,89,84,80,1014.7,1013.4,1012.4,21.4,17.6,12.6,1.5
2012-08-06,26.2,24.7,23.4,22.1,21.6,21.4,89,83,76,1015.1,1013.4,1012.0,20.6,16.8,12.6,0.6
2012-08-07,26.8,24.8,23.9,22.5,22.0,21.7,88,85,77,1014.0,1012.5,1010.8,19.7,16.6,14.5,3.6
2012-08-08,26.9,24.9,23.7,22.6,22.0,21.7,90,84,76,1014.1,1012.4,1010.6,21.3,18.0,15.0,1.6
2012-08-09,25.8,24.2,23.4,22.1,21.7,21.4,92,86,78,1014.4,1012.3,1010.9,20.5,18.2,16.4,3.6
2012-08-10,26.0,24.1,23.2,22.5,21.8,21.4,92,87,81,1014.0,1012.3,1009.9,22.8,19.2,17.1,4.3
2012-08-11,24.4,23.5,22.9,22.5,21.9,21.6,93,91,88,1014.8,1012.9,1011.1,23.7,20.9,16.0,30.6
2012-08-12,26.1,24.1,22.7,21.6,21.2,20.9,92,84,74,1016.5,1014.4,1013.0,21.4,17.4,14.1,0.2
2012-08-13,25.4,24.0,23.1,21.6,21.2,20.9,89,84,78,1015.5,1013.9,1012.6,19.9,17.0,13.7,1.1
2012-08-14,25.1,23.8,23.2,21.4,21.0,20.8,88,85,77,1014.5,1012.9,1011.6,21.4,18.6,16.1,1.2
2012-08-15,25.9,24.0,22.7,21.3,21.0,20.9,91,84,75,1016.2,1014.2,1012.7,21.1,17.3,9.3,0.6
2012-08-16,26.5,23.9,22.1,21.6,21.0,20.6,94,84,70,1016.5,1014.2,1011.9,15.8,13.5,9.0,0.0
2012-08-17,24.9,23.6,22.6,21.5,21.2,21.0,91,86,79,1014.1,1011.8,1009.4,21.3,17.1,13.1,0.0
2012-08-18,23.4,23.1,22.8,22.5,22.0,21.6,96,94,91,1012.1,1010.6,1009.2,18.8,15.6,11.6,20.7
2012-08-19,26.5,24.4,23.1,22.4,21.9,21.5,91,86,78,1014.3,1012.6,1010.9,23.2,17.9,13.5,2.1
2012-08-20,27.1,24.6,23.0,22.7,22.1,21.4,92,86,76,1015.7,1013.9,1011.9,18.1,14.9,11.6,1.3
2012-08-21,26.3,24.6,23.3,22.7,22.3,22.0,94,87,79,1014.3,1012.5,1010.5,20.0,17.2,14.8,0.4
2012-08-22,25.5,24.0,23.1,23.3,22.2,21.9,93,90,82,1014.3,1012.5,1011.2,26.6,21.4,14.5,16.1
2012-08-23,26.3,24.3,23.1,22.7,22.1,21.5,92,87,81,1014.1,1012.6,1011.3,20.6,17.0,13.2,3.4
2012-08-24,25.6,24.0,23.1,22.5,22.0,21.8,93,89,82,1015.3,1013.2,1011.6,15.9,13.8,10.0,3.1
2012-08-25,26.3,24.5,23.1,22.6,22.1,22.0,94,87,77,1015.8,1014.2,1012.9,15.9,12.9,10.5,0.6
2012-08-26,26.8,24.6,23.0,23.3,22.4,21.9,95,88,81,1015.9,1013.7,1011.8,18.9,13.1,8.6,0.6
2012-08-27,26.9,25.0,23.6,23.0,22.2,21.8,90,85,78,1015.0,1013.1,1011.1,18.6,15.5,12.9,1.1
2012-08-28,26.4,24.8,23.7,23.0,22.4,22.1,92,87,79,1015.0,1012.7,1010.7,20.2,15.7,11.7,3.9
2012-08-29,26.8,25.0,23.5,22.8,22.5,22.2,93,86,79,1015.2,1013.0,1011.5,18.4,14.3,8.5,1.5
2012-08-30,27.1,25.2,23.6,22.8,22.5,22.2,92,85,77,1015.3,1013.3,1011.9,17.3,14.0,9.7,0.4
2012-08-31,26.6,25.1,23.9,22.7,22.4,22.2,91,85,78,1015.5,1013.1,1010.8,19.4,16.2,13.8,0.3
2012-09-01,27.1,24.9,23.9,22.8,22.4,22.1,92,87,77,1015.0,1012.6,1010.1,21.2,18.5,14.7,1.2
2012-09-02,25.8,24.5,23.3,23.3,22.4,22.1,94,88,82,1015.3,1013.2,1011.6,20.3,16.8,12.8,6.5
2012-09-03,26.3,24.8,23.8,23.0,22.4,22.0,90,86,81,1016.0,1013.9,1012.4,20.0,16.5,13.8,1.8
2012-09-04,26.4,24.8,23.6,22.8,22.3,21.8,91,86,79,1014.8,1013.3,1011.5,21.2,16.8,11.5,2.0
2012-09-05,26.9,25.0,23.5,22.9,22.6,22.4,94,87,78,1015.3,1013.4,1012.2,19.1,14.3,8.6,2.3
2012-09-06,26.9,24.9,23.8,23.1,22.9,22.7,95,89,78,1015.9,1013.8,1011.8,15.1,10.9,6.4,4.3
2012-09-07,27.1,24.9,23.5,23.5,22.9,22.4,95,89,79,1015.4,1013.1,1010.4,13.5,10.9,8.2,4.6
2012-09-08,26.8,25.0,23.9,23.3,22.9,22.5,94,88,80,1014.7,1012.7,1010.8,17.4,13.4,10.2,4.3
2012-09-09,27.8,25.5,23.9,23.1,22.7,22.1,91,85,74,1014.8,1013.0,1011.2,18.9,14.1,10.1,5.8
2012-09-10,26.7,25.2,23.9,23.1,22.8,22.6,93,87,79,1014.9,1012.4,1010.1,12.5,9.8,7.4,6.9
2012-09-11,26.3,24.9,24.1,23.4,22.6,22.0,90,87,81,1014.9,1012.3,1010.4,16.9,12.1,8.9,6.2
2012-09-12,26.6,24.9,23.7,23.6,22.6,22.2,93,87,79,1015.3,1013.3,1011.9,15.3,13.0,10.7,2.7
2012-09-13,27.1,25.1,23.7,23.1,22.7,22.3,93,86,77,1014.5,1012.9,1011.0,15.9,12.8,9.8,1.9
2012-09-14,27.4,25.1,23.9,23.8,22.9,22.7,93,88,78,1014.5,1012.2,1009.4,15.4,12.1,8.5,5.9
2012-09-15,27.2,25.5,24.0,23.3,22.8,22.6,92,85,78,1014.0,1011.7,1009.5,18.7,14.8,11.2,3.1
2012-09-16,27.2,25.3,23.9,23.2,22.8,22.3,93,86,76,1014.2,1012.0,1010.4,19.3,16.6,13.6,5.7
2012-09-17,27.3,25.2,23.6,23.9,22.9,22.3,95,87,79,1014.8,1012.8,1011.2,14.4,12.1,8.7,6.1
2012-09-18,28.6,25.8,23.9,23.2,22.8,22.4,92,84,72,1014.2,1012.3,1010.4,16.0,10.2,6.8,0.8
2012-09-19,27.1,25.0,24.1,23.4,22.8,22.5,92,87,78,1013.7,1011.1,1008.5,15.8,13.3,10.9,10.8
2012-09-20,25.6,24.6,23.9,23.6,22.9,22.4,93,90,86,1013.1,1011.2,1009.8,16.2,11.6,7.4,12.2
2012-09-21,28.2,25.7,23.4,23.4,23.0,22.6,96,85,74,1013.9,1012.0,1010.8,12.2,8.6,2.5,0.4
2012-09-22,26.9,25.0,23.8,24.1,23.2,22.5,95,89,84,1014.6,1011.9,1009.7,15.6,8.7,2.3,9.3
2012-09-23,27.8,25.3,23.7,23.5,22.8,22.5,95,87,75,1015.0,1012.7,1010.4,14.2,9.7,5.7,2.6
2012-09-24,28.2,25.9,24.1,23.6,23.0,22.6,92,84,75,1014.0,1011.7,1009.2,13.8,11.0,8.0,0.9
2012-09-25,28.3,26.0,24.4,24.1,23.4,23.1,93,86,77,1012.9,1010.7,1008.9,15.9,12.7,10.2,1.4
2012-09-26,27.6,25.5,23.8,24.2,23.4,22.8,96,88,79,1014.0,1011.4,1009.4,14.5,10.1,2.4,9.6
2012-09-27,26.6,24.6,23.9,23.4,23.0,22.6,94,91,80,1015.2,1013.0,1011.4,15.0,8.7,3.4,31.3
2012-09-28,28.1,25.5,23.4,23.8,23.1,22.6,97,87,74,1016.0,1013.1,1010.7,14.9,8.8,4.1,0.0
2012-09-29,26.9,25.3,23.9,24.1,23.5,22.9,96,90,82,1014.6,1012.4,1010.2,16.1,8.5,2.5,5.3
2012-09-30,26.4,24.9,24.0,23.9,23.2,22.8,94,91,85,1013.3,1011.2,1009.6,13.4,7.1,3.1,14.8
2012-10-01,26.7,24.9,23.2,23.7,23.0,22.6,97,89,80,1014.6,1012.2,1010.6,11.4,5.9,1.3,6.9
2012-10-02,28.6,25.6,23.8,24.0,23.2,22.8,94,87,75,1014.1,1012.2,1010.9,9.6,6.9,3.7,5.1
2012-10-03,27.7,25.5,23.7,24.6,23.6,22.9,96,90,83,1014.4,1011.6,1009.4,14.8,9.8,5.8,5.5
2012-10-04,28.7,26.0,24.4,24.4,23.5,23.0,94,86,76,1012.6,1010.9,1008.5,13.4,11.2,6.7,4.4
2012-10-05,28.0,25.8,24.2,24.4,23.5,22.8,92,87,79,1012.4,1010.3,1008.3,11.5,8.4,6.1,5.1
2012-10-06,28.1,25.9,24.9,23.9,23.4,23.0,92,87,77,1012.1,1010.6,1009.4,12.7,8.7,4.4,2.2
2012-10-07,28.6,25.9,24.3,23.9,23.3,22.5,94,86,76,1012.4,1010.5,1008.4,15.1,10.2,4.3,4.5
2012-10-08,27.1,25.2,23.8,24.4,23.1,22.3,94,88,80,1013.0,1011.2,1009.7,10.5,6.8,1.9,13.4
2012-10-09,28.8,26.0,23.7,24.5,23.5,23.0,97,86,72,1013.1,1010.7,1008.4,11.4,7.4,4.7,0.1
2012-10-10,28.0,25.9,23.8,24.1,23.6,23.1,97,87,79,1012.7,1010.3,1008.0,15.5,7.9,3.0,11.6
2012-10-11,28.6,26.0,24.4,24.2,23.6,23.1,96,87,76,1012.7,1010.7,1009.0,13.6,9.6,5.2,11.3
2012-10-12,28.2,26.0,24.1,23.8,23.3,22.6,92,86,77,1014.0,1011.8,1009.6,15.6,11.4,6.7,4.4
2012-10-13,28.4,26.3,24.4,24.2,23.5,23.3,94,85,76,1013.5,1011.0,1008.5,14.9,9.8,6.9,1.0
2012-10-14,28.4,26.5,24.5,24.5,23.7,23.3,93,85,79,1011.6,1009.5,1007.1,13.2,9.2,3.2,2.1
2012-10-15,27.3,26.0,24.5,24.2,23.5,23.0,93,86,79,1012.0,1009.6,1007.0,11.3,7.6,3.7,8.8
2012-10-16,28.5,26.0,23.9,24.5,23.7,22.8,97,88,79,1012.2,1010.1,1008.4,12.0,8.2,5.0,5.9
2012-10-17,29.1,26.3,23.8,24.8,23.9,23.1,96,87,76,1012.3,1010.1,1008.1,10.9,7.7,4.2,6.7
2012-10-18,28.1,26.4,24.9,24.0,23.7,23.5,94,86,76,1011.3,1009.4,1006.5,14.2,9.9,4.8,2.5
2012-10-19,27.9,26.1,24.6,24.1,23.7,23.2,93,87,79,1011.5,1009.2,1007.2,11.4,4.5,0.4,6.5
2012-10-20,28.7,26.0,24.0,24.1,23.6,23.1,97,87,75,1011.2,1008.8,1007.0,12.3,8.1,2.8,3.8
2012-10-21,27.9,26.2,25.0,24.7,23.8,23.2,92,87,80,1010.1,1008.1,1006.3,14.9,10.3,6.2,6.7
2012-10-22,28.4,26.2,24.1,24.4,23.7,23.3,96,87,78,1011.8,1009.4,1007.6,12.4,9.0,4.6,5.0
2012-10-23,28.1,25.8,24.6,25.0,23.9,23.3,94,89,83,1012.4,1010.4,1008.1,12.4,9.2,3.3,9.7
2012-10-24,28.2,25.9,23.8,23.7,23.4,23.0,96,86,76,1012.7,1010.7,1009.1,11.8,6.1,2.2,2.7
2012-10-25,28.3,26.6,25.2,25.1,24.1,23.5,92,86,81,1011.8,1009.7,1007.2,10.5,6.7,3.2,1.1
2012-10-26,28.5,26.0,23.9,24.5,23.6,22.7,95,87,79,1012.2,1010.0,1007.5,11.2,7.6,2.8,7.3
2012-10-27,28.6,26.1,24.8,24.6,23.6,23.3,92,86,79,1011.4,1009.7,1008.0,12.2,8.0,2.2,5.9
2012-10-28,28.9,26.5,24.6,24.0,23.5,23.2,92,84,73,1012.3,1010.1,1008.3,13.5,7.0,3.3,3.0
2012-10-29,29.2,26.7,24.9,24.3,23.7,23.4,92,84,74,1012.8,1010.8,1009.3,16.0,13.0,6.8,1.5
2012-10-30,28.9,26.7,24.9,24.5,24.1,23.8,95,86,76,1012.5,1010.8,1008.7,15.5,11.4,7.1,2.0
2012-10-31,28.7,26.5,25.3,25.0,24.1,23.7,91,86,80,1012.5,1010.1,1008.5,12.5,10.5,6.1,3.0
2012-11-01,29.7,27.1,24.9,24.9,24.2,23.7,93,84,71,1011.3,1009.5,1007.8,13.2,8.7,4.7,0.0
2012-11-02,28.8,26.9,25.5,25.6,24.7,24.1,94,88,81,1011.0,1009.1,1007.5,17.6,11.1,7.8,1.0
2012-11-03,28.6,26.7,25.4,24.7,23.8,23.4,91,85,78,1012.2,1010.1,1008.0,15.5,12.1,7.4,1.8
2012-11-04,28.8,26.5,24.1,24.6,23.9,23.5,96,86,77,1013.0,1010.2,1007.9,11.5,9.1,5.4,2.5
2012-11-05,29.4,26.7,25.1,24.6,23.9,23.3,92,85,73,1011.6,1009.7,1007.6,11.4,9.5,6.1,3.1
2012-11-06,29.2,26.6,25.6,25.3,24.4,23.9,93,88,79,1012.1,1010.3,1009.0,11.8,8.9,5.8,2.7
2012-11-07,28.1,26.4,25.3,24.3,23.7,23.4,91,86,78,1012.6,1010.4,1008.9,12.2,9.9,7.8,3.3
2012-11-08,27.8,25.9,25.0,24.2,23.6,23.1,93,87,79,1011.2,1009.6,1007.5,13.1,8.7,4.2,9.0
2012-11-09,26.8,25.3,24.2,23.8,23.5,23.1,95,90,84,1011.1,1009.0,1007.2,16.0,8.2,3.1,4.6
2012-11-10,29.1,26.4,24.1,24.2,23.6,23.3,96,85,74,1010.1,1008.5,1006.2,10.8,7.7,5.4,0.0
2012-11-11,29.2,26.6,24.3,24.8,24.0,23.6,96,86,75,1011.4,1009.3,1007.3,11.4,7.5,4.3,4.9
2012-11-12,27.5,26.3,24.9,24.6,24.1,23.5,93,88,83,1012.0,1009.8,1008.1,9.1,5.8,1.3,2.7
2012-11-13,29.2,26.9,25.3,24.6,24.2,23.8,94,85,74,1011.8,1010.2,1008.4,9.5,7.2,5.4,2.3
2012-11-14,28.9,26.6,25.7,25.2,24.3,23.7,93,88,77,1011.0,1009.6,1007.6,11.2,7.8,5.8,3.6
2012-11-15,29.3,27.1,25.1,25.2,24.5,24.0,94,86,78,1011.2,1009.0,1006.8,12.0,7.9,4.9,0.4
2012-11-16,29.8,27.3,25.6,26.0,25.0,24.4,93,88,80,1011.0,1008.7,1007.0,13.9,9.5,5.4,0.5
2012-11-17,29.7,27.3,25.6,25.0,24.8,24.3,95,86,74,1010.7,1009.0,1007.7,14.5,10.5,7.9,1.0
2012-11-18,29.7,27.2,26.1,24.9,24.6,24.3,91,86,75,1011.2,1009.6,1007.7,16.8,12.9,9.7,2.6
2012-11-19,29.6,27.2,26.1,25.4,24.7,24.2,93,86,77,1011.7,1010.1,1008.3,15.0,11.8,9.1,3.4
2012-11-20,29.0,26.9,25.7,25.6,25.0,24.6,94,89,81,1011.8,1009.9,1007.9,15.0,9.8,6.3,3.3
2012-11-21,29.8,27.3,26.0,25.6,24.8,24.5,92,87,78,1011.4,1009.5,1007.5,15.3,11.2,8.1,1.8
2012-11-22,29.1,27.0,25.8,25.4,24.6,24.3,94,87,80,1010.7,1008.7,1006.6,11.2,9.0,6.1,4.0
2012-11-23,28.9,27.0,25.8,25.2,24.5,24.0,92,87,79,1010.9,1008.7,1007.1,12.5,8.9,5.1,4.2
2012-11-24,28.2,26.7,25.6,24.9,24.3,23.8,93,87,80,1010.6,1008.9,1007.6,12.9,9.4,6.6,4.1
2012-11-25,29.5,26.9,25.5,25.5,24.5,24.1,93,87,79,1011.7,1009.6,1007.3,16.9,10.9,5.6,1.8
2012-11-26,27.8,26.5,25.6,24.5,24.1,23.9,92,87,81,1013.4,1011.2,1009.5,11.9,8.7,3.5,3.1
2012-11-27,29.0,26.6,25.0,25.1,24.3,23.9,94,87,79,1012.9,1010.5,1008.4,8.8,5.7,2.7,2.0
2012-11-28,28.6,26.9,25.4,25.3,24.4,23.9,93,87,79,1011.6,1009.6,1007.4,11.0,8.2,5.4,2.3
2012-11-29,29.8,27.5,25.3,25.6,24.8,24.2,93,86,78,1010.6,1008.1,1005.7,13.7,6.8,0.8,0.8
2012-11-30,30.0,27.6,25.7,25.2,24.8,24.3,93,85,76,1009.2,1007.1,1005.0,12.0,8.8,6.1,0.4
2012-12-01,29.4,27.2,25.7,25.7,25.0,24.6,94,88,80,1010.1,1007.8,1006.0,12.5,8.8,2.3,1.0
2012-12-02,29.8,27.3,26.0,25.6,24.8,24.1,92,87,78,1011.0,1008.8,1006.4,16.4,10.7,6.4,5.0
2012-12-03,27.9,27.0,26.1,25.1,24.3,23.6,93,86,78,1011.9,1010.1,1008.8,15.9,13.7,9.6,1.8
2012-12-04,29.9,27.5,26.0,24.9,24.3,24.0,89,83,72,1010.9,1009.3,1007.6,15.3,12.7,10.4,0.8
2012-12-05,28.0,26.7,25.5,24.7,24.1,23.8,92,86,78,1010.3,1008.5,1006.9,16.9,13.0,9.6,0.6
2012-12-06,28.5,26.5,24.5,24.4,24.0,23.2,93,86,76,1011.4,1009.3,1007.6,13.7,9.7,4.3,1.0
2012-12-07,28.1,26.4,25.8,24.5,24.0,23.6,90,87,79,1012.0,1010.3,1008.7,15.3,9.8,6.1,8.3
2012-12-08,29.3,27.0,25.3,24.7,24.1,23.8,92,85,76,1012.3,1010.8,1009.1,12.5,8.9,5.4,1.6
2012-12-09,29.3,26.8,24.2,24.5,24.1,23.5,96,85,75,1012.2,1010.2,1007.9,10.5,6.7,1.6,0.4
2012-12-10,29.4,27.1,25.0,24.9,24.4,24.0,94,86,75,1010.4,1008.5,1006.4,14.3,10.2,7.1,1.1
2012-12-11,28.6,26.9,25.9,25.1,24.6,24.2,92,88,80,1010.6,1008.4,1006.3,13.4,10.2,7.8,2.3
2012-12-12,28.8,26.6,25.3,24.8,24.3,23.7,94,87,78,1011.2,1008.4,1006.4,12.7,7.3,0.5,1.8
2012-12-13,29.6,27.0,25.3,24.6,24.1,23.4,93,85,70,1010.3,1008.2,1006.1,13.7,10.9,3.3,0.3
2012-12-14,29.4,27.0,25.4,24.8,24.3,23.8,94,86,72,1010.9,1008.5,1006.3,13.0,8.8,6.0,0.5
2012-12-15,30.1,27.4,25.7,24.8,24.5,23.9,94,85,70,1011.3,1009.0,1006.9,13.8,8.4,3.3,0.1
2012-12-16,29.9,27.5,26.0,24.9,24.5,23.9,93,84,70,1010.3,1008.3,1006.5,13.5,8.6,5.0,1.7
2012-12-17,29.7,27.2,25.0,25.0,24.7,24.3,96,86,75,1009.8,1007.8,1006.1,13.8,8.2,4.0,0.3
2012-12-18,30.9,27.5,25.5,24.8,24.0,21.9,95,82,59,1010.2,1008.1,1006.3,14.2,9.4,2.3,0.1
2012-12-19,31.3,27.9,25.6,25.1,24.1,22.1,94,81,59,1010.3,1008.5,1006.6,12.2,8.7,1.8,0.0
2012-12-20,31.2,27.8,25.5,24.9,24.0,21.8,95,81,57,1010.6,1008.3,1005.8,13.2,8.0,1.5,0.0
2012-12-21,30.5,27.5,24.8,24.4,23.4,21.8,95,79,60,1010.9,1008.9,1006.8,9.4,6.3,2.3,0.0
2012-12-22,30.7,27.7,24.6,24.1,23.4,21.8,94,78,59,1011.5,1009.3,1007.4,12.8,7.3,1.8,0.0
2012-12-23,32.1,28.0,24.8,24.6,23.7,21.8,94,78,55,1011.8,1009.1,1006.6,12.6,7.7,1.6,0.0
2012-12-24,30.8,27.6,24.8,24.8,24.0,22.4,97,82,61,1011.6,1009.2,1007.6,13.9,7.9,0.4,0.0
2012-12-25,31.2,27.9,24.6,24.4,23.7,22.2,94,79,59,1011.6,1009.3,1007.3,12.6,9.1,3.6,0.3
2012-12-26,32.3,28.2,25.1,24.4,23.1,20.3,94,76,49,1012.6,1009.9,1007.7,15.5,9.0,1.6,0.0
2012-12-27,31.8,27.9,25.1,24.4,23.3,20.7,94,78,52,1012.0,1009.7,1007.6,14.8,9.6,2.3,0.0
2012-12-28,31.2,27.8,25.3,24.5,23.4,21.3,93,78,56,1011.4,1009.0,1006.4,13.3,9.2,1.8,0.0
2012-12-29,31.6,27.7,24.9,24.6,23.4,20.4,95,79,52,1011.1,1008.8,1006.5,14.6,8.6,1.5,0.0
2012-12-30,31.5,28.0,25.4,24.5,23.2,20.7,94,77,53,1011.5,1009.1,1006.9,13.3,9.3,4.6,0.0
2012-12-31,32.3,28.4,25.5,24.8,23.2,19.9,94,75,48,1010.5,1008.2,1005.7,13.9,9.0,0.4,0.0
2013-01-01,32.5,28.1,25.0,24.9,18.2,8.7,95,62,24,1010.4,1008.3,1006.0,14.1,10.4,4.1,0.3
2013-01-02,32.6,28.1,24.5,23.7,20.2,14.4,90,65,35,1011.6,1009.4,1007.2,13.1,8.2,1.3,0.0
2013-01-03,32.6,27.9,24.4,23.6,22.1,18.9,92,73,45,1013.4,1010.8,1008.6,14.8,8.8,1.1,0.0
2013-01-04,32.9,28.0,24.4,24.0,22.3,18.5,94,74,43,1013.7,1011.1,1008.5,14.5,9.5,5.9,0.0
2013-01-05,32.0,27.9,25.1,24.2,22.7,19.7,93,75,49,1012.9,1010.3,1007.4,16.4,11.0,4.7,0.0
2013-01-06,32.2,27.7,24.5,24.1,22.1,18.7,95,74,46,1012.4,1010.2,1007.7,16.4,11.6,2.4,0.0
2013-01-07,31.3,27.5,24.2,23.4,21.8,19.4,94,73,49,1013.4,1011.3,1009.3,13.6,8.2,2.1,0.0
2013-01-08,30.8,27.6,24.9,24.2,23.0,22.2,92,77,60,1014.5,1011.5,1008.7,12.3,7.2,3.2,0.1
2013-01-09,31.7,27.8,25.0,25.5,24.1,21.6,97,82,55,1013.0,1010.4,1007.5,15.2,7.3,1.8,0.0
2013-01-10,32.4,27.8,25.6,25.4,23.5,19.5,97,80,47,1012.9,1010.1,1007.3,14.0,9.7,2.9,0.0
2013-01-11,31.1,27.0,24.5,24.8,22.6,19.2,98,79,50,1011.2,1009.1,1007.0,16.0,9.0,1.9,0.0
2013-01-12,32.6,27.5,23.7,24.0,22.5,19.1,98,77,45,1010.5,1008.1,1005.8,14.1,8.1,0.8,0.0
2013-01-13,32.6,27.6,24.3,24.1,22.7,19.5,97,77,47,1009.8,1007.4,1004.9,15.1,9.3,2.3,0.0
2013-01-14,31.0,27.7,25.3,24.3,23.3,21.9,94,78,58,1009.2,1007.2,1005.1,15.9,9.3,3.9,0.0
2013-01-15,31.9,28.4,25.5,25.4,23.8,22.1,93,77,56,1009.9,1007.4,1005.2,17.4,10.2,1.4,0.0
2013-01-16,32.9,28.7,26.4,25.9,24.7,22.1,93,80,53,1010.1,1007.7,1005.5,17.4,11.7,6.5,0.4
2013-01-17,31.3,28.3,26.7,26.0,25.2,23.5,95,84,65,1011.4,1009.0,1006.7,17.4,13.3,10.2,0.7
2013-01-18,29.6,27.6,26.8,25.8,25.0,23.6,93,86,74,1011.0,1009.0,1006.8,21.6,12.7,8.0,3.1
2013-01-19,29.9,27.5,25.2,25.6,24.9,24.1,95,86,75,1011.9,1009.2,1006.4,17.3,13.7,8.1,3.2
2013-01-20,29.9,27.9,26.3,25.6,25.3,24.7,94,86,77,1011.6,1008.9,1006.0,12.4,10.2,7.7,2.3
2013-01-21,30.8,28.3,26.7,25.6,25.2,24.8,93,84,71,1010.8,1008.7,1006.4,22.1,11.1,5.4,0.3
2013-01-22,30.5,27.8,26.3,25.4,24.9,24.3,92,84,71,1011.5,1009.4,1007.2,17.6,11.1,7.7,3.4
2013-01-23,30.7,28.1,26.6,25.5,25.0,24.6,92,84,70,1012.0,1009.8,1007.3,19.7,14.5,8.8,0.9
2013-01-24,30.0,27.7,25.7,25.4,24.6,24.0,91,84,71,1011.6,1010.2,1008.0,17.8,14.3,10.5,0.5
2013-01-25,31.5,28.3,26.5,25.4,24.7,24.0,90,81,66,1011.4,1009.4,1007.5,18.0,13.3,8.9,0.8
2013-01-26,30.0,27.7,26.8,25.5,25.0,24.0,92,85,74,1012.1,1009.7,1007.1,21.6,16.7,9.1,5.5
2013-01-27,29.6,27.3,26.2,25.1,24.7,24.3,91,86,77,1013.2,1011.0,1009.6,14.1,10.2,1.0,7.3
2013-01-28,30.8,27.5,25.2,25.0,24.5,23.6,94,84,66,1013.9,1011.1,1008.9,12.2,6.8,1.6,0.2
2013-01-29,30.1,27.7,26.1,25.2,24.7,24.2,93,84,72,1012.8,1010.5,1008.8,16.1,9.8,5.4,1.1
2013-01-30,31.3,28.0,26.0,24.7,24.2,23.0,92,81,62,1011.9,1010.1,1007.6,17.3,9.4,2.9,0.0
2013-01-31,30.9,27.8,25.1,24.9,24.1,22.7,94,81,62,1012.1,1010.0,1008.3,12.4,7.9,1.1,1.7
2013-02-01,31.6,27.3,24.4,25.0,17.9,10.3,99,62,30,1012.9,1010.1,1007.6,15.5,10.9,7.6,0.0
2013-02-02,31.3,26.8,22.9,21.9,18.0,11.4,88,62,31,1012.4,1009.6,1007.2,11.9,9.3,1.5,0.0
2013-02-03,30.9,26.7,22.8,23.0,21.5,19.7,92,75,52,1010.4,1008.2,1006.1,12.1,6.4,1.3,0.0
2013-02-04,31.6,27.1,24.2,24.5,22.6,20.4,95,78,52,1010.6,1008.6,1006.3,15.6,8.6,1.1,0.0
2013-02-05,31.9,27.8,24.6,25.4,24.0,22.2,97,81,57,1011.3,1008.5,1006.5,17.4,9.3,1.8,0.0
2013-02-06,31.0,28.0,26.1,25.4,24.5,23.2,95,82,63,1011.3,1009.2,1006.9,14.8,11.2,6.8,0.0
2013-02-07,31.4,27.8,26.0,25.4,24.5,23.0,94,83,61,1010.9,1008.0,1005.4,18.6,13.0,4.7,1.4
2013-02-08,32.5,28.2,26.2,25.3,24.6,22.9,94,82,58,1010.1,1007.6,1005.0,18.3,13.9,9.0,0.8
2013-02-09,32.0,28.2,25.9,25.2,24.4,22.9,95,81,59,1009.4,1006.7,1004.3,19.8,12.4,7.1,0.0
2013-02-10,30.7,27.8,26.1,25.3,24.4,23.0,93,82,64,1010.1,1007.7,1006.0,18.8,15.0,11.5,0.0
2013-02-11,32.0,28.0,26.0,25.4,24.4,23.0,92,82,59,1009.5,1007.3,1005.2,20.0,16.2,11.5,0.7
2013-02-12,30.6,27.9,26.3,25.4,24.5,23.3,93,82,65,1010.3,1007.9,1005.9,15.9,13.4,10.0,0.5
2013-02-13,31.1,28.3,26.4,24.9,24.3,23.4,90,80,65,1009.9,1007.9,1005.9,17.1,14.0,10.5,1.8
2013-02-14,31.2,28.2,26.5,25.1,24.4,23.5,91,81,64,1010.4,1007.6,1005.1,17.1,13.2,8.9,0.7
2013-02-15,31.6,28.4,26.2,25.1,24.5,23.9,91,80,64,1009.9,1007.7,1005.3,18.2,13.2,6.7,0.6
2013-02-16,31.1,28.2,26.2,25.6,24.7,24.1,91,82,68,1009.7,1007.6,1004.9,20.8,13.3,8.3,1.5
2013-02-17,30.0,27.8,26.7,25.6,24.7,23.9,91,84,73,1009.9,1008.3,1006.2,21.7,17.4,13.8,5.8
2013-02-18,29.7,27.4,26.0,24.7,24.4,24.0,89,84,73,1010.1,1008.3,1006.0,16.8,11.6,6.1,3.5
2013-02-19,30.0,27.8,26.4,24.4,24.0,23.3,87,80,68,1011.5,1009.0,1006.7,17.2,12.9,7.7,0.9
2013-02-20,30.1,27.8,26.3,24.6,24.3,23.8,90,81,71,1011.9,1009.8,1007.4,17.6,12.8,8.1,0.2
2013-02-21,31.1,28.0,26.3,25.0,24.5,23.7,90,82,66,1011.0,1008.7,1006.4,13.4,10.0,6.9,0.7
2013-02-22,31.7,28.2,26.2,25.3,24.6,23.8,93,81,65,1009.7,1007.4,1004.7,16.1,11.6,8.3,0.3
2013-02-23,31.3,28.5,26.9,25.5,24.8,23.8,92,81,64,1009.0,1007.1,1005.0,18.3,14.2,8.7,0.9
2013-02-24,30.9,28.5,27.1,25.4,24.7,23.9,90,80,67,1009.1,1007.1,1005.3,19.5,16.1,11.5,0.1
2013-02-25,30.8,28.3,26.8,25.5,24.6,23.9,90,81,67,1010.1,1008.1,1006.3,18.1,15.1,12.6,0.3
2013-02-26,30.9,28.4,26.8,25.5,25.0,24.2,92,83,68,1011.6,1009.2,1007.6,17.3,14.8,10.3,1.1
2013-02-27,31.5,28.3,26.5,25.5,24.8,24.1,93,82,65,1011.4,1009.2,1007.3,17.1,12.8,9.2,0.2
2013-02-28,31.3,28.4,26.6,25.3,24.9,24.3,92,82,67,1010.7,1008.6,1006.5,16.6,14.1,11.8,0.9
2013-03-01,31.4,28.5,26.7,25.4,24.8,24.1,91,81,66,1010.3,1008.0,1006.3,18.2,14.2,10.2,0.8
2013-03-02,30.9,28.4,26.9,25.8,25.0,24.2,90,82,67,1010.4,1008.0,1005.9,18.9,14.1,3.6,4.0
2013-03-03,31.0,28.6,27.0,25.8,25.2,24.3,92,82,68,1010.4,1008.4,1006.4,19.3,15.0,8.2,2.3
2013-03-04,30.4,28.1,26.9,25.5,24.9,24.2,89,83,71,1011.6,1009.4,1007.9,20.0,16.1,8.3,6.3
2013-03-05,30.9,28.3,26.6,25.0,24.7,24.1,89,81,68,1011.4,1009.5,1007.8,17.2,14.5,11.9,0.1
2013-03-06,31.2,28.7,27.0,25.3,24.8,24.1,89,80,66,1010.8,1008.9,1007.3,18.1,14.7,12.9,0.3
2013-03-07,31.1,28.8,27.3,25.3,25.0,24.7,89,80,69,1011.3,1008.7,1006.9,18.7,16.3,14.0,0.9
2013-03-08,31.6,28.8,27.1,25.7,25.2,24.6,89,81,68,1010.8,1008.7,1006.6,20.4,16.3,10.7,0.9
2013-03-09,30.7,28.1,26.9,25.8,25.0,24.5,90,84,71,1011.6,1009.1,1006.9,22.4,18.3,13.5,5.2
2013-03-10,30.7,28.2,26.6,25.1,24.8,24.4,91,82,70,1011.8,1009.4,1007.1,18.4,14.5,8.2,1.5
2013-03-11,31.3,28.4,26.8,25.3,24.9,24.6,90,82,69,1010.6,1008.6,1006.4,17.6,14.9,10.6,1.7
2013-03-12,30.8,28.2,26.9,25.3,24.9,24.5,89,82,72,1010.9,1008.4,1006.3,18.0,14.3,10.5,4.8
2013-03-13,30.8,28.2,26.5,25.2,24.8,24.3,89,82,68,1010.0,1007.9,1005.1,16.4,12.0,8.9,0.1
2013-03-14,31.2,28.6,26.9,25.3,24.9,24.5,89,81,69,1009.5,1007.4,1005.1,15.5,12.4,9.8,0.4
2013-03-15,31.5,28.7,27.1,25.3,25.0,24.4,90,81,68,1009.6,1007.5,1005.5,22.5,16.3,12.1,0.5
2013-03-16,30.9,28.4,26.9,25.1,24.6,24.2,88,80,68,1011.2,1008.7,1006.6,17.3,15.5,7.9,0.4
2013-03-17,30.3,28.3,26.8,24.8,24.3,23.5,88,79,67,1011.5,1009.3,1007.4,18.3,13.4,6.5,0.3
2013-03-18,31.1,28.6,26.7,25.3,24.7,24.1,90,80,68,1010.5,1008.3,1006.1,16.5,12.0,8.4,0.1
2013-03-19,31.1,28.4,27.0,25.3,25.0,24.5,89,82,69,1008.8,1006.8,1004.5,18.4,15.4,10.8,4.6
2013-03-20,31.3,28.6,26.7,25.7,24.9,24.3,91,81,68,1008.7,1006.4,1004.5,20.7,14.1,8.7,0.1
2013-03-21,31.0,28.4,26.9,25.7,24.9,24.2,90,82,68,1009.5,1007.6,1006.0,19.1,15.8,10.9,2.6
2013-03-22,31.3,28.1,26.5,25.0,24.6,24.0,90,82,67,1009.6,1007.4,1005.4,19.1,16.0,12.5,0.7
2013-03-23,31.1,28.0,26.7,24.9,24.5,24.0,89,82,67,1009.4,1007.4,1004.8,21.3,17.0,13.5,4.3
2013-03-24,29.9,27.7,26.4,24.7,24.4,23.6,88,82,72,1011.3,1008.3,1006.1,17.9,14.1,6.3,2.4
2013-03-25,31.2,28.6,26.7,25.0,24.4,23.7,88,79,64,1010.5,1008.4,1006.0,18.0,10.8,6.8,0.0
2013-03-26,31.5,28.6,27.0,24.7,24.4,23.8,87,79,66,1011.5,1009.1,1006.7,16.4,13.4,9.4,0.6
2013-03-27,31.3,28.0,25.6,24.7,24.3,23.8,93,81,65,1011.5,1009.2,1007.3,18.7,14.4,11.0,2.4
2013-03-28,28.5,27.3,26.3,25.3,24.7,24.2,91,86,80,1012.6,1010.3,1008.5,12.6,9.2,3.9,6.2
2013-03-29,30.4,28.0,26.5,25.2,24.6,23.8,90,82,68,1012.6,1010.5,1008.2,16.1,12.2,7.0,0.1
2013-03-30,30.7,28.3,26.5,25.2,24.6,23.9,90,81,67,1012.0,1010.3,1007.7,19.2,15.4,7.1,1.9
2013-03-31,31.0,28.4,26.6,25.1,24.7,24.2,91,81,67,1012.3,1010.0,1007.8,16.0,12.4,8.3,3.4
2013-04-01,31.4,28.6,26.3,25.0,24.7,24.3,92,80,67,1012.1,1010.1,1008.0,17.2,11.8,8.0,0.8
2013-04-02,30.5,27.6,25.2,25.2,24.4,23.6,94,83,68,1013.5,1010.6,1007.6,15.1,10.4,2.6,4.1
2013-04-03,30.8,28.4,26.5,24.9,24.3,23.5,91,79,66,1011.2,1009.2,1006.9,14.1,10.8,7.2,0.1
2013-04-04,30.9,28.0,26.5,25.3,24.8,24.1,91,83,70,1010.8,1008.7,1007.2,18.6,14.3,5.3,5.1
2013-04-05,30.8,28.3,26.7,25.9,25.2,24.4,92,84,70,1011.3,1009.3,1007.6,17.7,12.8,5.1,4.0
2013-04-06,30.9,28.4,26.7,25.6,25.2,25.0,91,83,71,1011.7,1009.5,1007.7,20.2,15.9,12.2,3.4
2013-04-07,30.7,27.9,26.3,25.3,24.9,24.3,93,84,70,1011.1,1009.1,1007.1,19.6,15.4,10.7,5.9
2013-04-08,29.4,27.3,26.1,25.0,24.7,24.5,91,86,77,1011.5,1009.5,1007.6,17.4,13.9,10.7,8.3
2013-04-09,28.5,27.0,25.9,24.5,24.2,23.8,90,85,76,1013.1,1010.4,1008.1,15.8,12.1,1.1,4.6
2013-04-10,29.2,27.4,25.8,24.6,24.3,24.2,92,84,75,1012.2,1010.6,1008.4,15.5,7.7,0.7,0.0
2013-04-11,30.8,28.2,26.0,24.8,24.2,23.8,90,80,67,1010.6,1008.5,1006.0,14.1,10.8,5.7,0.0
2013-04-12,30.5,28.3,26.7,24.9,24.5,24.1,89,80,70,1009.1,1007.5,1006.2,17.9,14.2,8.9,1.5
2013-04-13,31.4,28.8,26.7,24.9,24.4,23.7,88,78,64,1010.6,1008.5,1006.5,16.3,13.8,10.2,0.1
2013-04-14,30.9,28.2,26.6,25.4,24.9,24.5,91,83,71,1011.7,1009.2,1007.0,21.5,13.7,8.7,2.3
2013-04-15,28.8,27.4,25.8,25.3,24.6,24.0,91,85,75,1012.1,1009.4,1006.3,12.9,7.4,1.1,4.4
2013-04-16,30.5,28.0,26.3,25.1,24.5,24.0,90,82,69,1010.2,1008.7,1006.9,17.5,12.6,8.4,1.5
2013-04-17,30.9,28.1,26.2,25.1,24.7,24.0,91,82,69,1011.9,1009.0,1007.3,14.5,12.7,8.8,1.9
2013-04-18,30.6,27.9,25.9,24.7,24.1,23.6,91,80,69,1010.6,1008.6,1005.9,17.7,12.4,7.3,2.1
2013-04-19,28.7,27.3,25.8,24.7,24.2,23.6,91,83,77,1010.5,1008.2,1005.9,15.5,11.5,7.7,9.6
2013-04-20,30.4,27.8,25.3,24.7,24.4,23.9,96,82,70,1010.9,1008.6,1006.5,12.1,6.2,0.7,1.6
2013-04-21,29.4,27.5,25.9,25.4,24.8,24.4,92,85,79,1011.1,1008.2,1005.9,15.6,9.0,4.0,9.5
2013-04-22,29.2,27.2,25.1,25.3,24.6,23.8,93,86,77,1010.8,1008.3,1005.3,12.1,5.1,0.7,13.8
2013-04-23,29.8,27.0,24.8,25.0,24.5,23.7,94,86,74,1009.4,1007.7,1006.3,15.9,11.1,7.5,6.0
2013-04-24,30.7,27.8,25.9,25.5,25.0,24.6,93,85,73,1011.1,1009.0,1006.8,12.6,8.1,2.3,3.8
2013-04-25,30.6,27.9,25.3,25.6,25.2,24.2,97,86,74,1012.6,1010.0,1007.6,15.3,8.8,4.6,10.2
2013-04-26,29.9,27.3,25.0,25.1,24.3,23.8,94,84,70,1013.5,1010.8,1007.8,13.3,7.1,1.3,1.4
2013-04-27,30.5,27.8,26.5,25.2,24.8,24.5,90,84,71,1010.5,1008.6,1005.4,18.9,14.4,10.4,5.8
2013-04-28,29.3,27.4,25.8,25.1,24.8,24.4,95,86,76,1010.9,1008.5,1006.1,11.9,6.3,1.8,5.0
2013-04-29,29.8,27.9,26.0,25.1,24.8,24.6,94,83,73,1010.0,1008.5,1006.8,12.7,9.1,4.3,2.7
2013-04-30,29.9,27.4,25.9,25.7,24.8,24.2,94,86,76,1011.0,1009.3,1007.8,18.6,11.3,7.1,16.0
2013-05-01,28.1,26.4,24.9,24.9,24.2,23.7,94,88,78,1013.8,1010.8,1008.8,11.6,7.1,3.4,12.7
2013-05-02,30.1,27.1,24.4,24.4,23.8,23.2,96,83,67,1011.2,1008.9,1006.8,13.6,6.8,0.8,0.0
2013-05-03,30.3,28.0,26.3,25.1,24.6,24.2,91,82,70,1010.1,1008.1,1006.3,17.6,14.1,8.7,0.1
2013-05-04,29.6,27.8,26.4,25.5,25.0,24.7,92,85,76,1009.8,1008.4,1006.6,16.6,12.8,6.9,3.4
2013-05-05,30.0,27.3,25.3,25.3,24.7,23.9,94,86,76,1011.5,1009.8,1008.1,13.5,9.2,2.6,5.8
2013-05-06,29.4,27.5,26.1,25.2,24.8,24.1,92,85,76,1012.9,1010.6,1008.9,10.9,8.8,3.4,1.2
2013-05-07,30.0,27.8,26.2,24.9,24.5,24.1,92,83,72,1012.9,1011.2,1009.1,16.1,9.7,3.3,0.7
2013-05-08,29.4,27.7,26.3,24.9,24.4,24.0,91,83,74,1012.8,1011.3,1009.5,16.7,10.4,3.4,2.4
2013-05-09,31.0,28.2,25.6,24.6,24.1,23.6,91,79,65,1012.4,1010.7,1008.4,16.0,9.6,3.1,0.0
2013-05-10,29.6,27.3,25.7,24.9,24.5,24.2,91,85,76,1013.3,1011.0,1009.0,16.0,13.0,7.4,8.1
2013-05-11,28.2,26.4,24.6,24.5,23.8,23.4,93,86,77,1013.7,1011.6,1009.8,15.5,8.9,2.3,11.0
2013-05-12,28.9,26.9,25.7,24.2,23.9,23.7,89,84,75,1013.0,1011.4,1009.5,13.5,9.6,5.8,6.3
2013-05-13,27.8,26.4,24.9,24.4,23.5,21.9,96,85,71,1013.5,1011.8,1009.5,15.4,8.5,1.3,3.8
2013-05-14,29.0,26.9,25.9,24.8,24.0,23.3,88,84,77,1013.1,1011.0,1008.8,11.2,6.2,0.4,8.5
2013-05-15,28.8,27.0,25.4,25.0,24.3,23.9,93,85,79,1011.7,1009.3,1007.0,14.6,8.1,0.8,1.7
2013-05-16,29.5,27.3,24.7,24.7,24.3,23.6,95,84,74,1010.4,1008.6,1006.7,12.8,7.9,3.1,1.4
2013-05-17,29.0,26.9,25.8,24.8,24.5,24.4,93,87,76,1011.1,1009.3,1007.9,16.1,11.5,5.4,16.2
2013-05-18,28.2,26.6,25.0,24.9,24.4,23.8,94,88,81,1012.8,1010.7,1009.1,14.1,9.3,3.6,13.8
2013-05-19,28.5,26.7,25.0,24.5,24.2,24.1,95,87,78,1012.6,1010.9,1009.3,9.7,6.4,2.9,1.6
2013-05-20,29.1,27.2,25.9,24.8,24.4,24.1,90,85,76,1011.6,1010.1,1008.3,16.3,12.4,7.2,1.4
2013-05-21,28.1,26.8,25.7,24.8,24.4,23.8,94,87,79,1011.9,1009.8,1007.6,11.5,8.3,4.7,8.4
2013-05-22,29.5,27.2,25.6,25.1,24.4,24.0,92,85,74,1012.5,1010.3,1008.3,16.9,10.3,5.9,2.5
2013-05-23,29.3,27.0,24.8,24.9,24.1,23.4,92,85,73,1013.6,1010.8,1008.6,11.1,7.9,2.6,6.1
2013-05-24,29.6,27.7,26.5,25.0,24.7,24.3,90,84,74,1011.9,1010.2,1008.3,14.8,10.7,2.9,1.1
2013-05-25,29.3,27.4,25.4,25.1,24.6,24.1,94,85,77,1011.3,1010.0,1007.9,17.4,13.5,8.1,4.0
2013-05-26,27.9,26.0,25.1,24.0,23.8,23.7,93,88,78,1012.3,1010.5,1008.5,13.8,9.2,3.1,11.6
2013-05-27,26.9,25.7,24.3,24.3,23.9,23.4,95,90,85,1012.3,1010.5,1008.9,16.4,9.8,4.0,8.7
2013-05-28,29.8,26.4,24.0,23.9,23.2,22.0,96,83,67,1012.3,1010.8,1009.8,15.9,12.3,9.6,2.3
2013-05-29,29.1,26.5,24.3,24.0,23.1,22.1,89,82,71,1012.2,1010.4,1008.7,15.1,8.7,1.8,0.0
2013-05-30,28.1,26.5,25.3,24.6,24.1,23.6,92,86,80,1013.6,1011.1,1009.3,14.9,10.1,2.3,1.7
2013-05-31,29.1,27.0,24.9,24.3,24.1,23.9,95,85,75,1012.3,1010.3,1008.0,13.6,8.4,1.4,0.1
2013-06-01,28.4,26.7,25.8,24.3,24.0,23.8,90,85,77,1012.4,1009.7,1007.4,15.0,9.7,3.6,5.7
2013-06-02,28.7,26.4,25.3,24.3,23.8,23.4,93,85,77,1012.3,1010.9,1009.8,14.7,10.6,5.9,9.4
2013-06-03,26.8,25.5,24.9,24.2,23.5,22.7,92,89,82,1013.5,1012.0,1010.9,13.3,10.3,6.1,12.8
2013-06-04,28.4,25.9,23.8,24.3,23.6,22.7,94,87,78,1013.5,1011.8,1009.8,16.9,12.8,9.2,9.0
2013-06-05,28.8,26.5,24.6,24.1,23.6,23.3,93,85,74,1013.5,1011.4,1009.5,17.8,13.2,3.2,4.2
2013-06-06,27.4,25.6,24.3,24.0,23.5,22.9,93,88,82,1014.4,1012.7,1011.3,13.7,9.5,7.0,10.0
2013-06-07,28.2,26.1,24.2,24.9,23.8,22.8,93,87,80,1014.7,1012.8,1010.7,15.6,9.2,3.6,1.2
2013-06-08,28.3,26.2,24.7,24.0,23.7,23.3,93,86,77,1013.3,1011.8,1009.3,14.5,11.7,7.4,2.6
2013-06-09,27.8,26.0,24.8,24.1,23.6,23.2,93,87,80,1013.0,1011.3,1009.9,17.8,12.6,4.2,3.2
2013-06-10,28.4,26.2,24.2,24.3,23.7,23.3,95,86,79,1013.1,1011.6,1009.7,15.6,9.4,1.5,3.4
2013-06-11,28.4,26.4,25.0,24.7,23.8,23.6,93,86,80,1014.6,1012.5,1010.4,13.9,9.7,6.2,4.6
2013-06-12,28.5,26.5,25.2,24.3,23.9,23.6,92,86,77,1013.2,1012.0,1010.4,19.4,15.1,8.6,1.1
2013-06-13,28.0,26.2,24.8,24.3,23.7,23.2,93,86,78,1013.0,1011.6,1010.1,20.5,15.9,12.3,2.8
2013-06-14,27.5,25.9,24.6,24.3,23.6,23.1,92,87,79,1013.3,1011.4,1010.1,17.0,13.6,10.9,3.4
2013-06-15,28.1,25.9,24.3,24.3,23.8,23.5,96,88,79,1013.2,1011.4,1009.5,13.9,10.9,8.2,3.0
2013-06-16,28.0,26.0,24.5,24.2,23.5,23.1,93,86,79,1013.4,1011.6,1010.3,14.1,8.6,2.1,5.1
2013-06-17,28.4,26.2,24.7,24.1,23.5,23.0,91,85,77,1013.6,1011.5,1009.6,18.3,12.3,6.4,4.4
2013-06-18,26.8,25.7,24.6,24.0,23.4,23.1,92,87,82,1013.0,1010.9,1009.3,18.1,14.4,11.1,13.8
2013-06-19,27.8,25.9,24.4,23.9,23.3,23.0,93,86,76,1012.7,1010.7,1009.1,22.2,15.3,9.9,4.6
2013-06-20,27.1,25.8,24.3,24.1,23.2,22.5,92,86,80,1013.0,1011.3,1010.0,19.8,14.0,9.2,2.4
2013-06-21,27.4,25.6,24.2,24.6,23.4,22.4,93,88,83,1013.2,1011.9,1010.3,16.4,13.1,10.4,10.9
2013-06-22,27.9,26.2,25.0,24.2,23.4,22.9,90,85,79,1014.0,1011.8,1009.3,17.3,14.5,10.8,0.9
2013-06-23,28.0,26.2,24.9,23.5,22.8,22.2,89,82,75,1013.7,1011.5,1009.5,20.4,16.9,13.8,1.6
2013-06-24,28.2,26.3,25.0,22.3,21.9,21.6,85,77,68,1013.0,1011.7,1010.2,23.2,16.9,12.9,0.3
2013-06-25,28.4,26.2,24.7,22.5,22.0,21.6,85,78,67,1013.9,1012.3,1010.9,16.2,13.3,11.0,0.1
2013-06-26,28.6,26.4,24.8,23.0,22.6,22.3,87,80,70,1013.4,1011.8,1009.8,17.4,13.5,10.0,0.0
2013-06-27,28.1,25.9,24.9,23.4,22.9,22.6,90,84,72,1013.6,1012.1,1010.7,20.6,17.9,14.3,5.9
2013-06-28,26.4,25.1,23.9,24.4,23.1,22.6,93,89,84,1013.8,1012.0,1010.6,17.1,12.7,7.5,18.9
2013-06-29,26.4,24.7,23.7,24.2,23.0,22.1,95,90,86,1014.1,1012.1,1010.8,12.5,8.1,3.2,15.4
2013-06-30,25.7,24.7,23.6,23.3,22.9,22.4,94,89,85,1014.0,1012.3,1011.0,14.6,11.0,8.6,8.1
2013-07-01,27.3,25.4,24.1,22.9,22.6,22.3,90,84,77,1014.6,1012.9,1011.4,16.0,12.3,9.4,1.3
2013-07-02,27.2,25.5,24.2,23.1,22.5,21.8,91,84,78,1013.9,1012.3,1010.4,19.2,14.4,10.0,0.4
2013-07-03,26.5,25.2,24.4,23.1,22.5,22.2,88,85,81,1013.3,1011.7,1010.0,21.1,17.3,14.7,5.9
2013-07-04,26.6,25.2,24.3,22.8,22.5,22.2,91,85,79,1012.6,1011.3,1010.1,20.7,15.0,10.5,0.9
2013-07-05,25.7,24.0,23.1,22.7,22.3,21.8,94,90,84,1013.2,1011.4,1010.0,22.0,16.4,9.6,61.2
2013-07-06,26.2,24.3,23.3,23.2,22.4,22.0,94,89,83,1014.3,1012.6,1010.8,18.4,14.4,10.5,11.9
2013-07-07,26.7,24.7,23.2,22.9,22.3,21.9,94,87,78,1014.5,1012.8,1011.2,14.2,12.5,10.9,5.1
2013-07-08,26.2,24.3,23.1,23.2,22.4,21.9,95,89,82,1015.7,1013.6,1012.3,14.0,11.7,8.4,14.7
2013-07-09,27.0,24.8,23.3,23.4,22.5,22.1,94,87,78,1015.8,1014.0,1011.6,15.3,10.9,8.1,2.7
2013-07-10,27.3,25.1,23.6,22.8,22.5,22.2,93,85,75,1014.5,1012.5,1009.9,17.9,14.6,12.7,1.3
2013-07-11,26.5,24.8,23.5,23.4,22.6,22.2,95,88,80,1013.7,1011.8,1010.2,18.1,13.3,9.7,5.2
2013-07-12,26.7,24.8,23.2,23.4,22.6,22.2,94,88,80,1014.9,1012.9,1011.6,15.3,10.3,5.5,5.5
2013-07-13,27.4,25.0,23.6,23.7,22.7,21.9,93,87,80,1015.3,1013.4,1011.6,14.8,11.4,6.9,3.8
2013-07-14,26.9,24.9,23.7,23.2,22.6,22.3,93,87,80,1014.3,1012.6,1010.7,16.5,12.8,9.9,3.8
2013-07-15,26.6,24.7,23.2,23.3,22.6,22.2,94,88,81,1014.7,1013.1,1011.9,15.3,10.7,7.1,3.3
2013-07-16,27.2,25.1,23.6,23.6,22.8,22.5,94,87,80,1015.9,1014.1,1012.5,16.5,11.4,7.8,3.1
2013-07-17,26.4,24.9,23.8,23.3,22.6,22.0,91,87,81,1016.0,1013.9,1011.8,16.6,13.5,10.4,5.6
2013-07-18,26.4,24.7,23.6,23.3,22.6,22.1,94,88,83,1014.9,1013.2,1011.9,14.6,13.2,11.5,4.2
2013-07-19,26.7,24.7,23.4,23.0,22.3,22.0,93,87,80,1015.0,1012.7,1010.6,17.3,13.0,9.4,1.0
2013-07-20,25.9,24.5,23.6,23.0,22.3,21.7,91,87,82,1014.5,1012.3,1010.4,17.7,14.1,8.4,5.4
2013-07-21,26.2,24.5,23.3,23.4,22.3,21.6,92,88,84,1014.7,1012.2,1010.4,15.8,13.0,7.3,14.5
2013-07-22,26.6,24.8,23.2,22.4,22.2,22.1,95,86,77,1013.5,1011.6,1009.2,17.1,14.3,8.0,0.9
2013-07-23,26.4,24.8,23.5,22.9,22.4,22.0,93,86,81,1012.5,1010.8,1008.7,21.1,18.0,14.7,7.7
2013-07-24,25.9,24.4,23.6,22.7,22.4,22.1,92,88,82,1014.7,1012.5,1011.3,23.5,18.0,14.2,2.9
2013-07-25,25.9,24.2,23.4,23.0,22.4,22.0,93,89,84,1017.0,1014.9,1013.3,15.9,12.9,8.7,3.9
2013-07-26,26.6,24.6,23.2,22.4,22.1,21.9,93,86,76,1017.0,1014.8,1012.3,17.3,15.4,12.1,0.9
2013-07-27,26.4,24.7,23.6,22.9,22.2,21.8,91,86,79,1014.7,1012.9,1011.2,20.2,17.4,14.1,0.4
2013-07-28,25.8,24.4,23.8,22.7,22.1,21.8,90,87,82,1014.4,1012.8,1011.7,20.4,17.9,15.6,5.0
2013-07-29,25.9,24.4,23.6,22.4,21.9,21.6,90,86,81,1016.1,1014.4,1013.4,19.4,16.7,12.2,1.9
2013-07-30,26.5,24.6,23.2,22.1,21.9,21.8,93,86,75,1017.2,1014.9,1013.2,16.6,13.7,11.3,0.3
2013-07-31,26.6,24.6,23.2,22.4,22.1,21.8,92,86,76,1015.7,1013.6,1011.3,19.7,15.9,12.2,1.3
2013-08-01,26.5,24.6,23.5,22.1,21.8,21.6,91,84,75,1015.2,1013.6,1012.1,22.0,17.9,14.3,0.5
2013-08-02,26.1,24.5,23.3,22.1,21.8,21.5,90,85,79,1016.7,1014.1,1012.2,19.3,16.8,11.5,1.0
2013-08-03,26.5,24.6,23.2,22.0,21.8,21.6,92,85,75,1015.3,1013.4,1011.7,16.9,14.4,11.7,0.1
2013-08-04,25.8,24.5,23.4,22.0,21.6,21.2,90,84,76,1015.1,1012.7,1010.8,18.3,16.1,12.5,0.5
2013-08-05,26.7,24.7,23.6,22.2,21.8,21.5,90,84,76,1013.7,1012.1,1010.6,21.1,17.6,13.1,1.8
2013-08-06,26.5,24.6,23.3,22.4,21.9,21.6,94,85,75,1013.0,1011.0,1008.4,21.4,18.5,14.8,1.0
2013-08-07,25.9,24.4,23.6,22.0,21.8,21.5,90,85,77,1011.9,1010.0,1008.1,22.3,19.3,16.3,3.4
2013-08-08,26.9,24.5,23.0,21.9,21.5,21.2,92,84,71,1012.2,1010.4,1009.0,21.8,19.0,12.3,1.9
2013-08-09,26.5,24.4,23.1,21.8,21.5,21.2,92,84,73,1013.3,1011.5,1010.0,19.1,15.8,12.3,0.4
2013-08-10,26.3,24.2,22.7,21.7,21.3,20.9,93,85,73,1013.8,1012.0,1010.1,17.9,15.3,12.1,0.0
2013-08-11,26.2,24.1,22.6,21.8,21.3,20.7,94,85,73,1014.0,1011.9,1010.3,18.3,15.7,12.2,0.3
2013-08-12,25.9,24.2,23.0,21.8,21.3,21.0,91,84,75,1014.6,1012.8,1011.4,21.7,18.0,12.1,1.3
2013-08-13,26.5,24.3,22.8,21.4,20.9,20.6,90,82,71,1015.1,1013.2,1011.8,18.4,15.4,12.3,0.6
2013-08-14,25.9,24.0,22.7,20.8,20.3,19.7,88,80,71,1014.8,1012.9,1010.7,18.4,16.1,12.2,0.0
2013-08-15,25.0,24.1,23.3,21.8,21.0,20.4,86,83,81,1013.6,1011.8,1010.6,24.5,21.0,13.8,2.5
2013-08-16,25.8,24.2,23.1,21.7,21.4,20.9,89,85,78,1013.6,1011.7,1010.5,17.1,15.0,13.5,0.9
2013-08-17,26.3,24.3,22.9,21.8,21.5,21.3,92,85,74,1014.2,1012.0,1010.3,18.7,16.3,12.2,0.9
2013-08-18,26.0,24.5,23.3,22.0,21.6,21.2,90,84,77,1014.0,1011.9,1010.1,17.7,14.1,10.2,1.1
2013-08-19,26.7,24.7,23.1,22.3,22.1,21.9,93,86,76,1013.8,1011.4,1009.8,17.1,13.5,10.4,0.6
2013-08-20,27.1,25.1,23.6,22.6,22.2,21.9,91,84,76,1013.4,1011.5,1009.8,22.1,17.1,13.8,0.7
2013-08-21,27.0,25.0,23.8,22.8,22.3,21.6,91,85,75,1013.6,1011.7,1010.3,23.0,18.5,12.3,1.7
2013-08-22,27.4,24.9,23.0,22.5,22.0,21.6,94,85,71,1014.1,1011.4,1009.0,18.4,15.7,12.5,0.7
2013-08-23,27.1,24.9,23.6,22.6,22.2,22.0,93,85,76,1012.7,1011.3,1009.8,17.8,15.2,10.8,3.2
2013-08-24,26.9,24.9,23.6,22.7,22.3,22.1,92,86,77,1013.9,1011.8,1009.8,17.1,13.1,10.2,1.3
2013-08-25,26.8,24.8,23.5,22.7,22.3,21.8,92,86,78,1012.7,1011.1,1009.6,17.3,14.1,11.8,5.0
2013-08-26,27.3,25.0,23.5,22.5,22.3,22.0,94,85,74,1013.9,1011.4,1009.5,14.9,13.0,11.2,0.7
2013-08-27,27.4,25.2,23.7,22.7,22.4,22.2,93,85,75,1013.9,1011.8,1009.8,15.8,12.3,9.4,0.5
2013-08-28,26.8,25.1,23.9,23.0,22.5,22.2,92,86,79,1014.2,1012.2,1010.5,17.2,14.4,11.1,3.9
2013-08-29,26.0,24.5,23.5,23.2,22.5,22.1,92,89,82,1015.0,1013.1,1011.7,19.2,14.8,11.3,14.8
2013-08-30,26.2,24.7,23.9,22.7,22.3,22.1,90,87,80,1015.0,1012.7,1010.9,20.6,15.1,11.8,3.5
2013-08-31,26.3,24.7,23.7,22.9,22.4,22.1,91,87,81,1013.7,1011.5,1008.9,21.7,16.8,12.1,4.7
2013-09-01,26.3,24.3,23.1,23.5,22.5,21.9,94,90,85,1013.4,1011.2,1009.4,17.7,15.2,11.5,8.2
2013-09-02,26.3,24.5,23.3,23.1,22.4,22.1,93,88,81,1014.3,1012.0,1010.3,14.0,11.8,6.9,3.4
2013-09-03,27.1,25.0,23.4,23.1,22.6,22.3,94,87,78,1015.0,1012.7,1011.3,12.5,10.5,7.6,0.5
2013-09-04,26.5,24.9,23.9,23.5,22.8,22.6,93,88,82,1015.1,1012.7,1011.0,16.1,13.1,9.1,5.3
2013-09-05,25.9,24.7,23.9,23.6,22.6,22.0,92,88,84,1014.5,1012.2,1010.3,21.1,15.5,10.8,7.0
2013-09-06,27.1,24.8,23.4,22.4,22.2,21.7,94,86,75,1014.2,1012.3,1010.8,17.5,13.4,8.7,2.8
2013-09-07,27.6,25.2,23.4,23.4,22.8,22.3,94,87,78,1014.2,1012.2,1009.9,16.4,11.7,7.8,2.3
2013-09-08,25.4,24.4,23.3,23.0,22.7,22.3,95,90,86,1014.5,1012.2,1011.0,14.8,10.8,6.1,11.9
2013-09-09,25.5,24.3,23.4,23.3,22.7,22.4,95,91,86,1013.9,1012.1,1010.4,19.6,12.2,4.0,17.8
2013-09-10,26.8,24.8,23.6,23.5,22.7,22.0,92,88,82,1013.9,1011.6,1009.1,19.4,15.9,11.6,8.9
2013-09-11,25.9,24.5,23.2,23.3,22.4,21.8,94,89,79,1013.1,1011.1,1008.7,19.6,15.1,12.7,5.6
2013-09-12,26.6,24.8,23.2,23.0,22.3,22.0,94,87,80,1013.0,1011.2,1009.7,17.0,14.5,11.6,1.4
2013-09-13,27.5,25.0,23.7,23.2,22.3,21.7,89,85,77,1014.3,1012.4,1011.0,17.2,12.6,9.1,5.2
2013-09-14,26.2,24.7,23.9,23.4,22.7,22.2,91,89,84,1014.9,1013.0,1011.8,14.5,11.6,8.0,17.9
2013-09-15,26.7,25.1,23.9,23.9,23.0,22.4,92,88,82,1015.0,1013.0,1011.0,15.7,11.8,9.0,2.4
2013-09-16,27.5,25.5,24.1,23.9,23.0,22.6,91,86,80,1014.8,1012.6,1010.5,17.2,11.7,5.9,0.5
2013-09-17,27.7,25.4,23.9,23.9,23.0,22.6,93,87,79,1014.4,1012.1,1010.5,15.5,12.7,9.2,3.6
2013-09-18,27.7,25.7,24.1,23.9,23.4,23.0,93,87,79,1013.7,1011.3,1008.9,15.8,12.2,7.4,0.9
2013-09-19,27.6,25.7,24.4,24.2,23.7,23.4,94,89,82,1012.1,1010.0,1007.7,19.9,14.9,9.4,1.5
2013-09-20,27.6,25.6,24.7,24.1,23.5,23.1,93,88,81,1012.9,1010.4,1008.8,17.7,13.6,9.7,5.1
2013-09-21,27.4,25.3,24.1,24.1,23.3,22.9,94,89,82,1013.2,1011.1,1009.3,16.4,11.7,5.1,7.0
2013-09-22,27.0,25.3,24.3,23.3,22.9,22.6,91,87,79,1013.1,1011.2,1009.5,19.6,15.8,12.7,1.9
2013-09-23,26.0,24.8,24.1,23.8,23.0,22.5,93,90,86,1013.7,1011.8,1010.2,23.8,18.0,14.0,17.1
2013-09-24,25.6,24.5,23.5,23.4,22.8,22.2,94,90,86,1015.4,1013.0,1011.5,15.9,12.6,10.0,10.4
2013-09-25,27.3,25.4,24.0,22.6,22.4,22.1,91,84,74,1015.2,1013.2,1011.5,14.5,12.3,10.3,0.9
2013-09-26,27.8,25.5,23.9,23.8,22.8,22.4,92,85,79,1015.2,1012.5,1010.2,17.3,11.8,7.0,0.6
2013-09-27,26.1,24.8,24.1,23.5,22.8,22.5,92,89,85,1014.2,1012.0,1010.6,15.6,12.0,3.1,10.3
2013-09-28,26.6,25.0,23.7,24.2,23.2,22.3,94,90,85,1015.1,1012.8,1011.4,14.3,9.0,6.0,2.4
2013-09-29,27.8,25.4,23.6,23.3,23.0,22.7,95,87,75,1014.7,1012.3,1009.9,17.3,11.7,6.4,0.8
2013-09-30,27.5,25.7,24.3,23.5,23.1,22.7,92,86,78,1013.3,1011.0,1007.9,17.4,13.7,10.1,0.8
2013-10-01,27.8,25.7,24.4,23.9,23.3,23.0,93,87,79,1013.4,1010.8,1008.6,17.6,13.7,9.7,1.5
2013-10-02,27.3,25.6,24.2,23.5,23.2,23.1,94,87,78,1012.6,1010.5,1007.4,16.3,12.7,9.8,1.4
2013-10-03,27.8,25.4,24.7,24.0,23.2,22.6,91,87,80,1012.8,1010.7,1009.0,17.1,14.2,11.2,8.2
2013-10-04,24.5,24.0,23.4,23.3,22.9,22.5,95,93,91,1014.4,1012.2,1010.6,12.6,7.0,0.8,29.2
2013-10-05,26.5,25.1,23.9,23.5,23.1,22.9,95,89,82,1013.7,1011.7,1009.6,13.3,10.4,5.8,3.1
2013-10-06,27.1,25.5,24.5,24.0,23.2,22.8,91,87,82,1013.9,1011.7,1010.3,12.4,8.9,0.8,4.1
2013-10-07,28.2,25.5,23.3,23.5,23.0,22.5,96,86,74,1013.6,1011.7,1009.8,10.5,5.4,1.0,0.5
2013-10-08,26.7,25.2,23.9,24.3,23.3,22.7,95,90,82,1014.0,1011.6,1009.3,14.5,9.0,4.0,8.3
2013-10-09,27.6,25.3,23.3,24.1,23.1,22.7,97,88,81,1013.7,1011.4,1009.5,14.8,9.4,5.7,5.4
2013-10-10,27.9,25.3,23.9,23.8,23.1,22.7,95,88,79,1013.9,1011.6,1009.1,18.3,13.2,8.9,5.5
2013-10-11,28.0,25.2,23.5,23.9,23.1,22.3,94,88,77,1014.2,1011.9,1009.9,10.1,7.8,5.9,6.0
2013-10-12,28.8,26.0,23.9,23.8,23.6,23.2,98,87,74,1013.5,1011.7,1009.8,15.3,8.7,2.5,0.2
2013-10-13,27.9,26.1,24.7,23.7,23.5,23.3,93,86,78,1012.8,1010.7,1008.4,17.6,14.0,9.9,0.7
2013-10-14,27.4,25.6,24.5,23.9,23.2,22.7,92,87,79,1012.1,1010.3,1008.4,14.1,10.5,7.1,12.7
2013-10-15,27.2,25.3,23.6,24.2,23.3,22.4,95,89,82,1013.8,1011.7,1009.9,11.9,6.8,1.4,5.6
2013-10-16,28.6,25.9,23.7,23.8,23.2,22.8,96,86,73,1013.6,1011.6,1009.0,12.6,6.9,3.5,2.5
2013-10-17,28.3,26.1,24.6,24.4,23.7,23.2,92,86,79,1012.7,1010.9,1008.1,13.6,9.6,5.8,3.9
2013-10-18,28.9,26.4,24.6,24.8,23.9,23.5,94,87,79,1013.0,1010.7,1008.3,11.5,9.5,6.8,2.1
2013-10-19,28.7,26.1,25.0,24.8,23.9,23.1,93,88,77,1012.2,1010.5,1008.4,18.1,12.7,9.5,4.8
2013-10-20,28.2,26.3,24.8,24.8,24.1,23.7,94,88,82,1012.2,1010.5,1008.5,14.8,11.5,9.4,2.1
2013-10-21,28.1,25.9,24.8,24.7,23.7,23.1,94,88,82,1012.4,1010.6,1008.5,13.4,10.6,6.7,5.0
2013-10-22,28.5,26.2,24.4,24.5,23.5,23.3,94,85,78,1012.4,1010.7,1008.4,12.2,9.7,6.8,4.5
2013-10-23,29.1,26.4,24.9,24.4,23.5,23.2,90,85,75,1013.4,1010.9,1009.5,13.7,9.8,7.1,1.9
2013-10-24,28.8,26.3,24.9,24.3,23.6,23.4,92,86,77,1013.0,1010.9,1009.3,15.5,12.0,9.4,2.6
2013-10-25,28.2,26.2,25.2,24.6,23.9,23.5,92,87,80,1012.6,1010.8,1009.0,13.0,10.8,7.7,1.4
2013-10-26,28.5,26.3,25.1,24.6,23.9,23.5,91,86,79,1012.9,1010.7,1008.4,13.8,10.4,7.1,2.1
2013-10-27,29.0,26.6,25.0,24.5,23.8,23.5,92,85,76,1012.9,1011.1,1009.0,15.6,11.7,8.0,1.6
2013-10-28,28.6,26.4,24.8,24.5,23.8,23.1,92,86,76,1014.1,1011.6,1009.2,15.3,10.0,5.1,2.2
2013-10-29,27.0,25.9,24.4,24.6,24.0,23.5,95,89,86,1013.1,1010.9,1008.2,12.3,7.4,3.7,10.0
2013-10-30,28.9,26.5,24.9,24.5,23.9,23.5,93,86,76,1012.1,1009.7,1007.0,12.6,8.7,4.9,0.8
2013-10-31,29.2,26.5,24.6,25.0,24.1,23.3,94,87,78,1010.6,1008.7,1006.2,13.3,8.6,5.9,5.4
2013-11-01,27.9,25.7,24.4,24.9,23.8,23.2,94,89,84,1011.0,1008.8,1007.3,10.5,6.9,4.8,9.1
2013-11-02,28.7,26.5,24.7,24.8,24.1,23.6,94,87,79,1011.0,1008.6,1006.1,10.0,7.4,4.6,3.1
2013-11-03,29.0,26.9,24.8,24.6,24.1,23.8,94,85,76,1010.3,1008.4,1006.5,12.5,7.8,3.1,2.5
2013-11-04,29.0,26.8,24.9,25.6,24.5,24.1,96,88,78,1011.7,1009.4,1007.8,14.5,9.5,5.8,0.8
2013-11-05,28.9,26.7,25.4,24.8,24.3,23.8,93,87,78,1013.3,1011.0,1009.2,14.6,10.8,8.3,2.5
2013-11-06,28.5,26.5,24.7,25.1,24.4,23.6,93,88,82,1012.7,1010.8,1009.0,11.6,8.6,6.4,4.1
2013-11-07,28.5,26.6,25.2,25.1,24.3,23.8,92,87,82,1013.0,1010.7,1008.5,11.8,8.2,4.2,2.2
2013-11-08,28.6,26.6,25.0,25.1,24.2,23.9,94,87,79,1011.7,1010.0,1008.4,13.6,8.9,4.1,4.5
2013-11-09,28.3,26.5,25.5,25.1,24.2,23.7,91,88,83,1011.9,1010.2,1008.4,13.6,10.9,8.2,6.4
2013-11-10,29.4,26.9,25.1,25.4,24.3,23.8,93,86,79,1011.8,1009.6,1007.7,13.0,10.2,7.4,1.3
2013-11-11,28.1,26.7,25.7,25.2,24.2,23.6,92,87,79,1010.3,1008.5,1006.8,15.8,11.3,7.9,0.7
2013-11-12,29.1,26.8,25.4,24.8,24.1,23.8,93,85,77,1010.7,1008.6,1006.2,16.8,12.6,8.7,1.1
2013-11-13,28.9,26.6,24.5,24.7,23.9,23.1,93,86,75,1011.4,1009.3,1007.1,19.7,13.4,7.7,4.7
2013-11-14,28.9,26.6,25.5,24.5,23.8,23.6,90,85,76,1011.1,1009.4,1007.6,16.2,12.9,10.5,4.5
2013-11-15,28.8,26.6,25.3,25.2,24.2,23.8,92,87,81,1011.3,1009.4,1007.2,12.9,8.8,4.8,7.8
2013-11-16,29.2,26.6,24.4,25.4,24.3,23.7,96,87,79,1011.8,1009.8,1007.8,13.4,9.3,5.1,2.5
2013-11-17,29.1,26.6,25.1,24.8,24.0,23.6,93,86,76,1010.7,1008.8,1006.7,12.5,9.8,5.0,5.9
2013-11-18,28.7,26.8,25.3,25.0,24.3,23.9,92,86,80,1010.2,1008.1,1005.8,14.4,9.9,6.0,2.4
2013-11-19,29.0,26.6,25.9,24.7,24.1,23.5,91,86,76,1010.2,1008.3,1006.8,16.6,11.3,3.6,7.5
2013-11-20,28.3,26.8,25.6,24.9,24.1,23.7,91,86,80,1010.9,1009.1,1007.6,11.0,8.7,6.4,6.3
2013-11-21,28.5,26.6,25.5,25.4,24.2,23.7,92,87,80,1010.2,1008.2,1006.5,15.8,11.6,8.4,3.8
2013-11-22,28.6,26.8,25.3,24.7,24.2,23.9,92,86,79,1010.0,1007.9,1005.8,15.2,11.0,7.7,0.6
2013-11-23,27.7,26.1,25.0,24.4,23.7,23.1,93,87,82,1011.4,1009.5,1007.7,14.8,12.4,9.7,5.2
2013-11-24,28.8,26.5,24.7,24.8,23.7,23.1,91,85,79,1012.0,1009.7,1006.9,18.9,12.4,7.2,1.6
2013-11-25,28.1,26.5,25.1,25.1,24.1,23.7,93,87,80,1010.7,1008.6,1006.5,11.8,8.8,5.5,1.9
2013-11-26,28.7,26.5,24.1,25.1,24.2,23.3,96,87,80,1009.3,1007.7,1005.5,15.0,9.9,5.5,3.1
2013-11-27,28.1,26.4,24.6,24.5,23.9,23.4,96,87,81,1011.0,1008.7,1006.7,11.6,8.3,3.7,1.6
2013-11-28,29.7,27.2,25.1,25.4,24.5,23.9,93,86,78,1011.0,1008.7,1006.5,12.5,6.2,2.6,0.3
2013-11-29,30.1,27.6,25.3,25.2,24.6,24.1,95,84,71,1009.7,1007.9,1006.1,16.3,9.4,3.2,0.2
2013-11-30,29.7,27.6,26.1,25.1,24.8,24.5,92,85,75,1009.4,1007.4,1005.7,18.6,14.9,11.7,2.3
2013-12-01,29.5,27.2,26.1,25.3,24.6,24.0,91,86,78,1010.3,1008.2,1006.5,16.9,13.3,8.6,2.9
2013-12-02,28.7,27.1,25.9,25.1,24.6,24.3,91,86,80,1012.1,1009.8,1008.1,9.3,7.6,4.1,1.5
2013-12-03,28.6,26.7,25.6,24.8,24.3,23.9,93,87,80,1013.0,1010.8,1009.1,13.7,9.4,4.0,5.1
2013-12-04,29.7,27.4,25.6,24.6,24.1,23.8,92,83,71,1012.9,1011.0,1008.9,15.5,12.4,7.2,0.2
2013-12-05,28.9,26.9,25.6,24.4,24.2,24.0,92,85,75,1011.6,1009.8,1007.7,18.1,14.7,11.6,2.0
2013-12-06,29.1,27.0,25.5,24.5,24.2,23.5,92,85,75,1011.4,1009.5,1007.5,16.6,14.1,10.3,2.1
2013-12-07,28.1,26.5,25.0,24.4,24.0,23.5,92,86,79,1011.7,1009.8,1008.3,15.4,11.2,5.7,3.7
2013-12-08,28.1,26.3,24.8,24.8,24.0,23.5,94,87,79,1011.8,1010.1,1008.3,9.7,7.5,3.6,8.1
2013-12-09,28.9,26.5,24.8,25.0,24.1,23.6,95,87,79,1011.6,1010.0,1007.4,15.8,8.5,1.4,2.9
2013-12-10,29.3,26.8,25.2,25.1,24.2,23.8,92,86,77,1012.4,1010.3,1008.4,16.1,10.7,7.1,4.9
2013-12-11,28.7,26.5,24.3,24.2,23.7,22.8,91,85,76,1013.3,1011.0,1008.8,20.8,15.8,9.8,3.9
2013-12-12,29.2,26.6,24.6,24.3,23.8,23.2,92,85,75,1012.8,1011.2,1009.1,16.6,13.3,9.5,4.4
2013-12-13,27.7,26.1,24.2,24.6,23.9,23.1,94,88,83,1012.9,1010.8,1007.9,15.2,9.6,1.8,2.5
2013-12-14,28.7,26.3,24.3,24.0,23.1,21.8,92,83,66,1013.0,1010.9,1009.1,11.3,8.5,5.7,2.4
2013-12-15,29.1,26.3,23.5,23.6,22.9,21.7,96,82,64,1013.9,1011.2,1008.8,10.2,7.8,3.9,0.2
2013-12-16,28.7,26.0,23.5,23.2,21.3,18.0,95,77,53,1013.5,1010.9,1008.2,12.8,8.3,4.0,0.0
2013-12-17,29.1,25.7,21.7,21.7,18.8,15.3,93,68,44,1012.5,1009.9,1007.0,14.5,8.7,1.6,0.0
2013-12-18,29.4,25.3,21.3,21.1,18.9,15.7,92,70,45,1011.7,1009.1,1006.7,12.2,8.1,1.6,0.0
2013-12-19,29.5,25.4,21.6,21.9,19.9,17.3,91,73,49,1010.6,1008.2,1006.4,10.1,6.5,2.5,0.0
2013-12-20,29.5,25.5,21.4,22.8,21.7,20.6,96,80,60,1010.4,1008.0,1005.6,9.0,6.5,2.2,0.0
2013-12-21,30.2,26.4,23.0,23.1,22.3,20.9,96,79,58,1011.8,1009.0,1007.2,11.9,6.9,1.0,0.0
2013-12-22,30.7,26.9,23.2,23.8,23.1,22.3,95,80,61,1011.5,1009.1,1006.8,14.0,8.7,4.3,0.0
2013-12-23,30.5,27.1,24.1,24.4,23.5,22.4,96,82,62,1010.8,1008.6,1006.5,14.7,8.8,2.9,0.0
2013-12-24,30.3,27.3,25.3,24.5,24.1,23.3,94,83,67,1011.3,1009.0,1007.4,14.5,11.2,8.9,0.8
2013-12-25,31.0,27.4,25.6,24.8,24.2,23.0,94,83,63,1011.9,1009.8,1008.2,15.8,10.7,6.9,0.0
2013-12-26,30.8,27.4,25.6,24.9,24.3,22.9,95,84,63,1011.9,1009.6,1007.4,16.2,9.5,3.3,0.0
2013-12-27,30.3,27.5,25.4,24.8,24.1,23.2,94,83,66,1012.6,1010.3,1008.4,12.0,10.2,6.5,0.5
2013-12-28,30.7,27.7,26.0,24.9,24.3,23.4,94,83,66,1012.7,1010.4,1008.0,14.9,11.0,6.8,0.1
2013-12-29,30.8,27.7,25.7,25.2,24.5,23.5,94,84,68,1011.8,1009.7,1007.7,16.6,11.9,7.6,0.3
2013-12-30,30.3,27.5,26.0,25.2,24.4,23.2,93,84,67,1012.1,1009.7,1007.6,17.4,12.7,9.6,0.8
2013-12-31,29.2,26.9,24.9,24.6,24.1,23.5,92,85,73,1012.2,1009.5,1007.5,17.2,13.1,7.9,1.8
2014-01-01,28.8,26.7,25.0,24.4,24.1,23.6,94,86,75,1011.6,1009.5,1007.5,16.6,10.1,4.8,1.8
2014-01-02,29.8,27.0,24.7,24.5,24.0,23.3,96,84,69,1010.7,1008.7,1006.4,10.7,5.9,1.8,0.3
2014-01-03,30.9,27.4,25.1,24.7,23.8,21.9,95,82,59,1011.6,1009.0,1007.0,14.0,8.7,1.1,0.0
2014-01-04,31.1,27.3,24.6,24.6,23.5,20.5,97,81,53,1012.0,1009.4,1007.4,13.4,9.7,3.1,0.0
2014-01-05,30.3,27.4,25.4,24.5,23.9,23.0,93,82,67,1010.8,1009.1,1007.5,13.7,10.8,7.9,0.2
2014-01-06,30.5,27.4,25.7,24.6,24.1,23.2,93,83,65,1010.8,1008.4,1006.2,15.7,10.7,5.1,1.1
2014-01-07,29.6,27.3,25.7,24.8,24.2,23.4,93,84,72,1010.6,1008.6,1006.4,14.2,10.3,6.4,0.4
2014-01-08,30.1,27.3,25.0,24.8,24.1,23.2,95,83,67,1010.8,1008.7,1006.4,15.5,9.8,4.1,1.1
2014-01-09,29.5,27.1,25.5,24.8,24.4,23.8,95,86,75,1011.4,1009.0,1006.7,13.2,9.4,4.0,0.7
2014-01-10,29.8,27.3,25.6,24.6,23.8,22.6,93,82,65,1012.1,1009.6,1007.2,16.2,10.3,4.2,0.8
2014-01-11,30.5,27.3,25.4,24.7,23.8,22.2,95,82,61,1012.7,1010.2,1007.9,15.1,8.3,0.4,0.2
2014-01-12,31.1,27.5,25.4,24.7,23.8,21.9,94,81,58,1013.8,1011.2,1008.9,14.8,9.7,1.8,0.0
2014-01-13,31.3,27.7,25.5,24.8,23.9,21.9,94,81,57,1013.6,1011.1,1008.7,16.8,10.7,3.0,0.0
2014-01-14,30.3,27.5,25.7,25.0,24.2,22.9,94,83,65,1012.0,1009.8,1007.4,15.5,11.4,8.3,0.9
2014-01-15,29.4,27.0,24.2,25.0,24.1,23.0,93,85,71,1012.6,1010.1,1008.1,15.5,11.2,5.4,2.7
2014-01-16,30.1,27.5,25.5,24.9,24.5,23.6,94,84,69,1013.1,1010.4,1008.3,15.7,10.5,5.9,1.3
2014-01-17,28.4,26.9,26.0,25.0,24.3,23.5,92,86,77,1013.2,1010.9,1008.9,13.5,10.1,7.0,5.6
2014-01-18,29.8,27.1,25.8,24.8,24.3,23.8,92,85,74,1013.0,1010.7,1008.6,17.3,13.6,10.4,0.6
2014-01-19,30.8,27.4,25.0,25.3,24.2,23.2,92,83,64,1012.9,1010.4,1007.8,18.4,12.3,6.8,0.0
2014-01-20,29.7,27.5,26.2,25.5,25.1,24.5,94,87,76,1012.4,1010.3,1008.7,16.7,11.9,7.0,0.4
2014-01-21,30.6,27.7,25.9,25.1,24.7,24.0,95,84,69,1011.7,1009.4,1007.8,15.5,11.2,5.7,0.7
2014-01-22,30.3,27.7,26.2,25.0,24.6,24.0,92,84,70,1010.3,1008.7,1006.6,17.1,13.7,10.3,1.1
2014-01-23,29.1,27.2,25.7,24.9,24.5,23.8,91,85,76,1010.0,1008.3,1006.2,19.1,13.3,9.0,3.1
2014-01-24,30.6,27.5,25.9,25.4,24.6,24.2,92,84,71,1010.1,1008.1,1005.7,15.8,12.1,6.2,2.0
2014-01-25,30.0,27.6,26.1,25.3,24.9,24.5,92,86,75,1009.7,1008.1,1006.1,16.2,12.8,7.2,1.3
2014-01-26,28.5,27.2,25.9,25.1,24.5,23.9,92,85,77,1011.1,1008.8,1007.0,16.4,13.1,9.6,2.3
2014-01-27,30.1,27.4,25.7,25.0,24.6,24.3,93,85,74,1010.3,1008.1,1006.0,17.4,13.9,8.5,1.4
2014-01-28,30.5,27.8,26.1,24.9,24.6,24.1,92,83,71,1009.1,1007.0,1004.6,16.9,13.7,9.6,1.0
2014-01-29,30.1,27.4,26.3,24.9,24.7,23.9,91,85,73,1009.4,1007.6,1005.9,21.7,15.2,11.3,2.8
2014-01-30,28.0,26.6,25.8,24.8,24.1,23.1,91,86,78,1010.3,1008.2,1006.3,20.9,13.5,8.6,8.3
2014-01-31,28.3,26.7,25.2,24.8,24.1,23.6,94,86,77,1011.4,1009.1,1007.0,12.7,9.9,4.0,5.4
2014-02-01,28.9,26.9,25.2,24.8,24.2,23.8,94,86,74,1011.3,1009.1,1006.8,16.9,8.8,3.3,2.3
2014-02-02,30.7,27.1,24.6,24.9,21.6,16.8,95,74,44,1009.9,1008.2,1005.9,10.9,6.8,1.8,1.6
2014-02-03,30.3,26.6,23.6,24.1,22.5,21.5,92,79,60,1009.5,1008.0,1006.7,15.5,7.4,1.6,0.0
2014-02-04,30.5,27.2,24.9,24.5,24.1,23.4,96,84,67,1009.5,1007.9,1006.7,15.1,6.8,1.5,0.3
2014-02-05,30.7,27.6,25.6,24.8,24.1,23.2,93,82,65,1010.4,1008.0,1005.9,15.3,10.8,5.0,0.7
2014-02-06,31.3,27.8,25.7,25.0,24.3,22.4,95,83,59,1009.8,1007.9,1005.9,17.1,11.1,4.0,0.0
2014-02-07,30.8,27.8,25.9,24.9,24.2,23.0,94,82,63,1011.3,1009.2,1007.6,16.0,13.4,10.5,1.1
2014-02-08,31.2,28.0,26.1,25.1,24.5,23.9,91,82,67,1011.4,1009.1,1006.9,14.2,11.1,5.7,0.4
2014-02-09,30.8,27.8,26.1,25.2,24.7,24.1,94,84,69,1010.7,1008.7,1006.8,18.5,12.5,7.6,0.7
2014-02-10,30.4,27.7,26.0,24.9,24.6,24.2,91,84,70,1011.0,1009.0,1007.5,14.7,11.5,6.1,1.4
2014-02-11,29.9,27.5,26.1,25.2,24.7,24.3,92,85,73,1010.7,1008.8,1006.9,17.1,13.1,8.0,2.3
2014-02-12,28.9,27.2,26.2,25.1,24.5,23.6,92,86,77,1010.2,1008.4,1006.5,15.4,11.1,4.7,2.3
2014-02-13,29.4,27.1,25.0,24.9,24.5,24.0,96,86,73,1009.7,1007.8,1006.4,16.3,8.8,1.1,1.9
2014-02-14,29.6,27.2,25.6,25.2,24.8,24.0,94,87,77,1010.6,1008.6,1007.1,15.6,10.0,1.3,2.4
2014-02-15,28.8,27.0,25.9,24.7,24.3,23.4,93,86,74,1011.8,1009.1,1007.4,11.7,9.1,1.8,0.9
2014-02-16,29.9,27.4,25.9,24.7,24.4,23.5,92,84,70,1011.0,1009.0,1007.0,12.6,9.3,3.4,0.5
2014-02-17,30.8,27.5,25.5,24.7,23.7,22.2,94,81,61,1010.0,1008.3,1006.6,14.2,9.7,2.7,0.0
2014-02-18,31.1,27.6,25.4,24.0,23.2,22.0,92,78,59,1011.2,1009.2,1007.3,16.2,12.5,9.4,0.0
2014-02-19,31.8,28.1,25.9,24.1,23.3,22.0,90,76,56,1011.9,1009.8,1007.6,16.1,13.8,11.8,0.0
2014-02-20,31.2,28.1,26.0,25.1,23.9,23.2,89,79,64,1011.2,1008.9,1006.8,15.6,13.5,10.6,0.2
2014-02-21,31.7,28.2,26.2,25.2,24.6,23.8,93,82,64,1010.2,1007.8,1005.5,16.5,13.0,8.6,0.5
2014-02-22,32.0,28.4,26.2,25.6,24.8,23.8,94,82,63,1009.4,1007.3,1005.0,19.5,14.9,11.2,0.0
2014-02-23,31.9,28.4,26.5,25.8,25.0,24.0,94,83,63,1009.2,1007.3,1005.4,18.5,14.8,10.8,0.6
2014-02-24,30.5,28.0,26.7,25.4,24.8,24.1,91,83,71,1009.6,1007.1,1005.0,19.5,16.7,12.1,1.9
2014-02-25,31.0,27.9,26.3,25.2,24.7,24.0,91,83,69,1010.0,1007.2,1005.0,18.2,15.7,10.2,3.2
2014-02-26,30.5,27.7,25.7,25.2,24.2,23.4,91,82,68,1010.1,1008.0,1006.2,17.6,13.8,7.9,0.9
2014-02-27,31.4,28.3,26.5,24.4,23.8,22.9,87,77,61,1009.9,1008.2,1005.9,19.1,13.9,10.5,0.0
2014-02-28,31.6,28.1,25.1,24.8,23.8,22.4,92,78,58,1010.9,1008.8,1005.4,23.0,14.2,3.3,0.4
2014-03-01,28.3,27.2,26.4,25.0,24.3,23.6,90,85,77,1011.0,1008.7,1006.5,13.8,11.1,7.2,10.8
2014-03-02,30.1,27.4,26.2,25.4,24.9,24.2,94,86,76,1010.4,1008.3,1006.8,20.5,10.5,0.8,5.9
2014-03-03,29.8,27.7,26.1,24.9,24.5,24.1,91,83,72,1010.6,1008.5,1006.5,13.1,9.9,6.6,0.3
2014-03-04,30.3,27.7,25.9,24.7,24.2,23.5,92,82,68,1010.0,1007.9,1005.7,16.4,11.7,7.2,0.3
2014-03-05,31.0,28.0,26.1,25.4,24.4,23.8,91,82,67,1009.8,1008.1,1005.8,14.4,11.1,4.5,0.7
2014-03-06,30.2,27.6,25.8,25.2,24.4,23.9,92,83,71,1010.7,1008.5,1005.7,16.4,10.8,4.0,5.8
2014-03-07,30.3,27.5,26.3,24.9,24.6,24.0,92,85,71,1010.1,1007.8,1006.3,13.5,11.1,8.5,7.2
2014-03-08,30.8,27.9,26.4,25.4,24.6,23.8,91,83,70,1010.4,1008.4,1006.3,20.0,14.9,9.4,1.3
2014-03-09,30.0,27.9,26.8,25.3,24.9,24.3,91,84,74,1010.7,1008.3,1006.0,22.5,18.7,15.1,1.1
2014-03-10,30.8,28.0,26.6,25.3,24.7,24.1,90,83,70,1011.1,1008.9,1006.6,24.2,19.7,16.9,2.7
2014-03-11,28.0,26.4,24.4,24.6,23.8,23.1,92,86,77,1012.9,1009.9,1007.7,20.5,12.7,8.0,10.1
2014-03-12,30.1,27.7,26.0,25.0,24.6,24.1,91,83,74,1012.9,1010.5,1008.2,11.5,9.7,7.5,4.2
2014-03-13,30.3,28.0,25.9,24.7,24.3,24.0,92,81,70,1011.6,1009.3,1007.3,17.2,12.1,8.6,0.6
2014-03-14,30.8,28.4,26.7,24.7,24.3,23.9,87,79,68,1010.6,1008.7,1006.7,14.5,12.9,10.7,0.7
2014-03-15,31.3,28.3,26.7,25.2,24.7,24.2,89,81,68,1010.3,1008.1,1005.7,17.7,14.0,9.9,2.0
2014-03-16,30.5,27.8,26.9,25.3,25.0,24.7,91,85,73,1009.5,1007.4,1005.3,19.1,15.9,11.8,5.9
2014-03-17,30.3,28.1,26.6,25.1,24.8,24.5,90,83,72,1010.5,1008.4,1005.9,19.6,15.5,11.8,1.1
2014-03-18,30.5,28.0,26.3,24.8,24.5,24.1,90,82,70,1011.2,1008.9,1007.2,19.4,15.7,11.9,1.8
2014-03-19,30.8,28.3,26.4,25.2,24.6,24.2,89,81,69,1011.0,1009.0,1007.1,15.4,12.8,9.9,0.8
2014-03-20,30.5,27.9,26.8,25.4,24.9,24.3,91,84,73,1011.7,1009.1,1007.4,16.2,12.7,9.1,1.5
2014-03-21,30.9,28.0,26.6,25.2,24.7,24.3,88,82,70,1010.5,1008.4,1007.1,16.9,14.5,11.0,4.6
2014-03-22,31.1,28.3,26.5,25.5,25.0,24.5,91,83,70,1009.6,1007.7,1005.1,18.2,16.3,14.2,3.7
2014-03-23,29.0,27.4,26.1,25.4,24.5,23.9,93,85,74,1010.2,1007.8,1005.6,19.4,16.0,9.3,7.9
2014-03-24,29.9,27.5,26.1,24.7,24.4,24.1,92,84,72,1010.7,1009.3,1007.7,14.0,9.8,5.1,2.7
2014-03-25,30.2,27.8,26.2,25.2,24.8,24.5,91,84,73,1010.9,1009.1,1007.1,13.6,9.3,4.4,0.9
2014-03-26,30.8,28.2,26.4,25.0,24.7,24.3,91,82,71,1010.5,1008.7,1006.9,18.3,16.1,12.2,0.9
2014-03-27,31.0,28.2,26.8,25.1,24.9,24.4,90,83,70,1010.6,1008.4,1006.3,20.0,16.3,12.1,3.3
2014-03-28,29.5,27.2,26.3,25.1,24.7,23.8,92,86,75,1010.8,1008.5,1006.4,17.8,14.0,8.4,10.9
2014-03-29,30.1,27.7,26.6,24.9,24.5,24.0,90,83,72,1011.8,1009.8,1007.9,16.6,12.5,7.6,3.3
2014-03-30,30.0,27.8,26.4,24.9,24.7,24.3,90,83,73,1011.3,1009.2,1006.5,17.9,13.3,8.4,1.9
2014-03-31,29.1,27.3,25.0,25.2,24.5,23.7,93,85,75,1012.1,1009.3,1007.5,13.7,8.9,0.5,0.1
2014-04-01,30.8,28.1,26.4,25.1,24.7,24.1,91,82,68,1011.5,1009.2,1007.4,16.1,12.4,9.6,0.0
2014-04-02,30.5,28.1,26.5,25.4,24.8,24.0,90,83,70,1010.6,1008.5,1006.4,20.0,16.9,13.2,1.6
2014-04-03,29.5,27.4,26.3,25.3,24.8,23.9,92,86,76,1011.9,1009.2,1007.6,19.9,14.5,7.2,4.0
2014-04-04,30.6,27.9,25.9,24.7,24.2,23.7,91,80,67,1011.7,1009.5,1008.2,17.0,12.2,5.4,0.1
2014-04-05,30.6,28.2,26.7,24.5,24.2,23.8,87,79,68,1012.2,1010.1,1008.1,18.6,15.3,12.7,1.5
2014-04-06,31.3,28.6,26.7,24.9,24.1,23.3,88,78,63,1012.3,1009.8,1007.9,18.1,15.7,10.2,0.6
2014-04-07,32.1,28.7,26.3,25.0,24.5,23.7,93,79,61,1012.0,1009.9,1007.8,20.0,14.9,10.5,1.2
2014-04-08,30.1,27.5,25.9,25.0,24.5,23.7,94,84,71,1013.6,1010.6,1008.4,18.3,12.2,4.6,7.8
2014-04-09,31.0,28.0,25.9,24.9,24.4,23.8,91,81,68,1013.1,1010.3,1007.5,17.1,11.6,7.7,5.0
2014-04-10,29.8,27.3,25.9,24.9,24.3,23.6,93,84,70,1011.0,1009.2,1006.6,17.6,13.2,7.9,3.2
2014-04-11,29.7,28.1,26.6,24.1,23.7,23.2,86,78,68,1011.6,1009.4,1007.0,16.1,13.2,8.9,0.0
2014-04-12,30.7,28.2,26.3,24.1,23.6,22.9,87,76,64,1010.8,1008.7,1006.1,17.9,12.9,8.8,0.0
2014-04-13,28.3,26.8,25.7,24.2,23.7,23.4,91,83,76,1012.2,1009.8,1008.2,19.1,10.8,1.8,9.3
2014-04-14,30.5,27.5,25.0,24.3,23.7,23.1,94,80,65,1011.9,1010.1,1008.6,15.8,7.6,0.8,0.0
2014-04-15,30.7,28.0,26.1,24.7,24.0,23.7,89,79,66,1012.0,1009.5,1007.4,13.1,8.8,4.0,0.4
2014-04-16,31.4,28.7,26.5,24.6,24.0,23.0,89,76,61,1010.9,1008.6,1006.3,16.6,13.2,7.4,0.0
2014-04-17,31.2,28.5,26.8,24.9,24.6,24.2,88,80,68,1009.8,1007.6,1005.6,16.5,12.9,8.7,4.3
2014-04-18,31.0,28.4,26.7,25.0,24.5,24.0,88,80,69,1010.9,1008.1,1005.5,15.1,10.9,3.9,5.1
2014-04-19,31.2,28.4,25.9,25.1,24.6,24.0,94,81,68,1010.8,1009.3,1007.8,12.9,7.7,1.4,0.3
2014-04-20,31.2,28.3,26.8,25.2,25.0,24.5,89,82,70,1010.9,1008.6,1005.9,14.5,9.3,2.8,5.4
2014-04-21,29.5,27.3,24.8,25.2,24.5,23.7,94,85,75,1010.4,1008.1,1006.1,16.2,9.7,2.2,12.9
2014-04-22,28.7,27.1,25.8,25.5,24.8,24.5,93,87,83,1011.1,1009.0,1007.6,12.8,10.3,7.1,10.3
2014-04-23,29.5,27.4,25.7,25.8,25.0,24.5,95,87,80,1011.0,1009.2,1007.2,14.9,12.6,6.9,7.3
2014-04-24,29.6,27.7,26.1,25.1,24.6,24.3,91,84,74,1010.2,1008.6,1006.5,17.6,12.5,6.7,3.3
2014-04-25,30.1,28.0,26.7,25.1,24.7,24.4,89,82,73,1010.4,1008.4,1006.3,16.6,10.0,5.4,0.9
2014-04-26,30.1,28.1,26.4,25.0,24.7,24.2,92,82,73,1011.8,1009.2,1007.0,14.2,8.9,4.7,2.4
2014-04-27,30.6,28.0,25.7,24.8,24.4,24.0,92,81,68,1011.3,1009.0,1006.2,13.4,7.6,1.1,2.0
2014-04-28,30.8,28.3,26.7,25.2,24.7,24.2,90,81,72,1011.5,1008.7,1006.5,13.0,7.7,2.3,4.6
2014-04-29,29.8,27.3,25.5,24.9,24.5,24.1,93,85,75,1011.2,1009.1,1007.0,11.3,4.9,1.5,5.0
2014-04-30,29.9,27.5,25.4,25.1,24.7,24.5,95,85,74,1010.6,1008.5,1005.9,14.7,10.2,5.4,5.5
2014-05-01,31.0,27.7,25.8,25.2,24.6,24.0,93,84,66,1011.0,1008.6,1005.7,14.5,8.4,1.5,1.8
2014-05-02,30.4,27.9,26.5,25.2,24.9,24.5,91,84,74,1011.3,1008.8,1006.7,10.9,6.7,1.6,2.6
2014-05-03,30.8,27.9,26.2,25.5,24.8,24.3,92,84,71,1010.8,1008.6,1006.4,13.4,8.1,4.9,6.0
2014-05-04,30.9,28.4,26.3,25.6,25.3,24.7,95,84,71,1009.6,1007.6,1004.8,12.5,6.3,0.5,1.0
2014-05-05,30.9,28.3,26.8,25.5,25.2,24.3,91,83,68,1009.4,1007.6,1004.8,17.0,13.5,8.3,8.9
2014-05-06,27.5,25.3,24.4,25.3,24.2,23.5,97,94,88,1012.0,1009.7,1008.2,11.3,6.3,2.5,169.1
2014-05-07,28.8,26.5,24.8,24.9,24.3,23.8,95,88,79,1011.5,1009.7,1007.0,14.3,8.0,0.5,7.6
2014-05-08,27.7,26.8,25.5,25.6,24.7,24.1,94,88,85,1011.9,1010.0,1007.7,9.2,5.6,0.8,12.7
2014-05-09,29.4,27.3,26.0,24.8,24.4,24.1,92,84,73,1012.4,1010.0,1008.2,13.1,9.1,2.9,3.2
2014-05-10,30.8,27.9,25.2,25.3,24.7,24.3,95,83,71,1011.0,1009.2,1006.6,11.8,7.9,4.5,0.3
2014-05-11,28.7,26.5,24.2,24.8,24.2,23.5,96,87,77,1010.9,1008.8,1005.9,17.3,7.3,0.4,17.2
2014-05-12,30.5,28.2,26.1,25.4,25.0,24.8,93,83,74,1010.4,1008.6,1006.1,12.8,9.0,5.6,1.4
2014-05-13,30.2,27.3,25.2,25.0,24.6,23.9,93,85,73,1012.3,1010.0,1008.2,14.4,10.1,4.2,20.1
2014-05-14,28.7,26.3,24.9,25.2,24.3,23.6,93,89,80,1013.0,1011.3,1009.8,11.2,8.2,4.3,24.3
2014-05-15,27.7,26.3,25.0,24.5,24.1,23.2,95,88,76,1012.6,1009.9,1007.0,10.0,6.8,2.0,3.3
2014-05-16,29.3,27.6,25.8,24.6,24.3,23.9,92,82,74,1010.1,1008.6,1007.0,13.8,10.4,6.0,1.4
2014-05-17,29.8,27.6,25.4,24.7,24.4,24.2,94,83,73,1010.0,1008.7,1007.2,13.4,10.1,5.4,0.2
2014-05-18,30.5,28.1,25.8,25.4,24.7,24.5,93,82,73,1011.4,1009.4,1007.7,12.6,9.4,5.8,0.2
2014-05-19,30.8,27.8,25.7,25.0,24.6,24.2,94,83,70,1012.1,1010.0,1008.2,12.2,8.8,3.9,3.5
2014-05-20,29.5,27.6,26.0,25.1,24.6,24.2,92,84,74,1012.0,1009.8,1007.6,11.1,7.1,1.1,3.2
2014-05-21,30.0,27.9,26.7,25.2,24.6,24.4,88,83,75,1010.5,1009.2,1007.6,16.7,11.9,6.6,2.8
2014-05-22,29.6,27.2,25.6,25.0,24.6,24.2,92,86,76,1011.4,1009.9,1008.3,15.3,12.6,5.7,6.6
2014-05-23,27.9,26.7,25.3,24.9,24.5,24.2,95,88,81,1012.0,1010.1,1008.5,11.0,9.0,5.9,8.6
2014-05-24,29.5,27.7,25.8,24.7,24.6,24.4,93,83,75,1011.3,1009.8,1007.8,15.9,9.4,3.6,0.6
2014-05-25,30.2,28.0,26.0,25.0,24.6,24.3,91,82,72,1011.8,1009.8,1007.9,12.9,8.7,2.2,0.8
2014-05-26,30.5,27.9,26.5,25.8,24.9,24.7,90,84,76,1011.9,1010.0,1007.8,15.5,11.8,6.5,3.5
2014-05-27,28.5,26.7,26.1,24.8,24.5,24.0,92,88,80,1012.7,1010.0,1008.2,14.3,11.7,4.1,17.6
2014-05-28,29.6,26.8,24.8,25.0,24.2,23.6,95,86,76,1011.4,1009.4,1007.8,16.7,10.3,3.1,6.4
2014-05-29,27.6,25.5,24.5,25.1,24.0,23.3,94,91,86,1012.4,1010.8,1009.4,13.5,8.0,3.1,20.0
2014-05-30,27.0,25.8,24.4,24.9,24.1,23.0,96,90,85,1012.6,1010.6,1009.2,12.6,6.2,0.5,14.6
2014-05-31,29.1,26.7,24.5,24.8,24.2,23.9,96,87,77,1011.5,1009.9,1008.0,15.7,10.3,4.7,5.3
2014-06-01,27.9,26.2,25.0,25.4,24.2,23.6,93,89,85,1010.4,1009.2,1008.3,13.0,8.8,4.4,12.2
2014-06-02,29.0,26.8,24.5,24.7,24.3,23.8,97,87,77,1010.9,1009.4,1007.4,11.3,5.6,1.3,3.7
2014-06-03,29.3,27.0,25.2,25.5,24.5,23.9,93,87,80,1010.9,1008.7,1006.6,12.7,7.1,2.5,6.9
2014-06-04,28.2,26.4,25.1,24.5,24.0,23.7,92,87,79,1010.0,1008.4,1006.7,17.1,10.0,4.0,8.1
2014-06-05,26.9,25.6,24.7,25.0,24.1,23.5,95,91,87,1010.6,1009.0,1007.3,17.0,10.7,3.3,14.7
2014-06-06,28.6,26.2,24.4,24.6,23.8,23.1,94,87,79,1012.1,1010.1,1008.8,11.8,6.4,3.3,7.5
2014-06-07,27.9,25.8,24.5,24.2,23.8,23.5,96,89,78,1012.2,1010.6,1009.5,9.8,6.2,1.6,3.8
2014-06-08,29.2,27.0,25.1,24.4,23.7,23.4,91,83,73,1011.8,1010.2,1009.0,15.6,10.3,5.9,2.8
2014-06-09,29.2,26.9,25.6,25.1,24.3,24.0,92,86,76,1011.3,1009.9,1008.1,15.9,11.7,6.3,8.3
2014-06-10,27.5,26.0,24.7,24.4,23.9,23.5,95,88,81,1013.1,1010.9,1009.2,16.0,12.7,7.4,9.4
2014-06-11,29.3,26.6,25.0,25.3,24.1,23.2,92,86,76,1013.7,1011.6,1010.1,12.5,8.3,2.3,2.8
2014-06-12,28.5,26.3,24.9,24.7,23.8,23.3,92,86,80,1013.7,1011.8,1009.7,14.5,10.7,6.8,6.6
2014-06-13,27.1,26.1,24.9,24.6,23.8,23.5,93,87,82,1013.2,1011.6,1009.7,15.6,10.2,5.8,8.0
2014-06-14,28.5,26.0,24.6,24.5,23.7,23.2,92,87,78,1013.5,1012.1,1010.4,16.3,12.2,7.9,12.1
2014-06-15,28.9,26.4,24.4,24.4,23.8,23.4,94,86,77,1014.7,1012.3,1009.6,17.1,11.7,6.6,3.7
2014-06-16,28.1,26.3,25.1,24.9,24.0,23.6,94,88,82,1013.7,1011.9,1010.5,12.6,10.8,7.4,1.9
2014-06-17,25.9,25.4,24.8,24.0,23.7,23.4,93,91,88,1014.3,1012.3,1010.5,14.6,11.2,7.5,26.0
2014-06-18,26.6,25.3,24.3,24.8,23.8,23.2,95,91,86,1015.6,1013.6,1012.5,16.3,11.8,8.0,26.8
2014-06-19,27.9,25.9,24.2,24.6,23.9,23.5,96,89,82,1014.4,1013.3,1011.6,14.7,9.9,4.3,5.1
2014-06-20,28.2,26.0,24.5,25.1,24.0,23.5,94,89,82,1013.8,1012.1,1010.7,16.4,12.4,8.2,5.1
2014-06-21,28.5,26.2,24.6,24.6,23.9,23.3,94,87,79,1014.0,1012.2,1010.1,18.5,13.3,8.7,2.3
2014-06-22,27.7,26.0,24.8,24.4,23.7,23.3,92,87,80,1014.3,1012.7,1011.6,16.0,11.1,1.8,5.4
2014-06-23,28.3,26.0,24.3,24.1,23.5,22.9,93,86,78,1015.4,1013.7,1011.8,17.7,11.0,4.0,5.1
2014-06-24,27.3,25.9,25.0,24.4,23.7,23.3,91,88,84,1015.2,1013.0,1010.8,17.6,13.0,8.0,9.2
2014-06-25,27.1,25.4,23.9,24.1,23.4,22.7,94,89,84,1014.4,1012.4,1010.4,14.8,10.5,7.3,14.4
2014-06-26,27.5,25.6,24.4,24.7,23.5,22.9,92,89,84,1013.6,1012.0,1010.5,14.5,10.2,7.1,10.9
2014-06-27,26.8,25.5,24.2,23.7,23.2,22.9,92,88,82,1015.1,1012.7,1010.7,15.3,12.7,9.1,12.1
2014-06-28,28.3,26.0,24.4,24.5,23.5,23.0,93,86,80,1014.1,1012.5,1010.8,16.4,11.8,8.0,3.7
2014-06-29,27.0,25.4,24.3,23.7,23.2,22.4,91,88,81,1014.4,1012.2,1009.8,14.5,9.9,7.1,9.5
2014-06-30,27.6,25.5,24.0,23.7,23.2,22.6,95,87,78,1013.1,1011.5,1009.3,14.8,10.0,1.9,9.6
2014-07-01,26.9,25.4,23.9,24.0,23.2,22.9,94,88,82,1013.7,1011.8,1010.4,12.5,7.6,2.9,7.2
2014-07-02,26.5,25.0,23.8,23.4,23.2,22.7,95,90,82,1015.1,1013.2,1011.8,13.3,7.7,1.4,15.4
2014-07-03,28.1,25.7,24.2,24.0,23.5,23.2,94,88,78,1015.5,1013.4,1011.6,16.9,11.7,6.1,4.5
2014-07-04,26.6,25.1,24.2,24.7,23.4,22.9,95,91,86,1014.7,1013.2,1011.2,19.6,12.0,7.6,46.7
2014-07-05,26.6,24.9,23.6,24.2,23.1,22.6,95,90,84,1015.2,1013.5,1011.9,15.6,11.5,8.2,10.4
2014-07-06,25.9,24.9,24.0,23.8,23.0,22.5,94,89,86,1015.3,1013.5,1012.2,18.8,13.9,8.9,5.6
2014-07-07,27.0,25.4,24.4,23.2,22.3,21.7,87,83,79,1016.5,1014.8,1013.4,20.0,18.0,14.8,4.1
2014-07-08,27.0,25.5,23.8,22.6,22.1,21.7,90,82,76,1017.5,1015.6,1014.2,18.6,14.9,10.9,0.7
2014-07-09,27.1,25.6,24.5,22.8,22.4,21.9,87,83,75,1016.0,1014.3,1013.1,15.2,12.1,8.6,0.7
2014-07-10,27.6,25.8,24.5,23.5,22.8,22.5,89,84,78,1015.8,1014.0,1012.2,15.8,12.8,9.5,2.2
2014-07-11,27.6,25.8,24.2,23.3,22.8,22.5,93,84,77,1016.1,1014.1,1012.6,17.8,15.1,13.5,0.8
2014-07-12,27.6,25.9,24.5,23.3,22.9,22.5,90,84,77,1015.4,1013.5,1011.7,17.9,14.4,12.5,2.8
2014-07-13,26.9,25.5,24.4,24.1,23.3,23.0,92,88,82,1014.9,1013.3,1011.4,16.9,13.8,9.7,4.8
2014-07-14,27.2,25.5,24.2,24.0,23.2,22.5,93,87,82,1014.6,1012.9,1011.5,16.2,13.0,9.9,4.3
2014-07-15,28.0,25.9,24.3,24.3,23.3,22.9,92,86,80,1014.3,1012.4,1010.1,20.6,14.9,12.2,1.0
2014-07-16,26.7,25.2,24.3,23.4,23.1,22.7,93,88,82,1014.7,1012.9,1011.5,22.6,17.4,13.4,8.7
2014-07-17,25.3,24.4,23.5,23.3,22.7,22.2,94,91,87,1016.0,1014.2,1012.9,19.4,15.7,13.0,19.1
2014-07-18,25.0,24.2,23.2,22.9,22.6,22.1,95,91,87,1016.8,1014.9,1013.3,21.6,14.1,8.9,13.6
2014-07-19,27.4,25.4,24.2,22.9,22.7,22.5,91,85,75,1016.1,1014.2,1012.1,19.2,16.0,11.2,1.4
2014-07-20,26.7,25.2,24.1,23.3,22.8,22.4,92,86,81,1015.9,1014.1,1012.7,16.9,14.6,12.0,1.3
2014-07-21,26.6,25.0,24.0,23.9,22.8,22.3,91,88,84,1016.3,1014.5,1013.0,19.5,15.7,12.5,2.7
2014-07-22,26.4,24.9,23.9,22.6,22.3,22.1,91,86,79,1016.2,1014.3,1012.9,20.1,16.7,13.6,2.3
2014-07-23,26.4,25.0,24.0,22.3,22.1,22.0,89,84,77,1016.2,1014.5,1012.7,18.6,15.9,11.8,1.9
2014-07-24,27.2,25.2,24.0,23.0,22.4,21.9,89,85,77,1015.7,1013.9,1011.4,19.9,16.0,13.3,2.3
2014-07-25,27.1,25.0,23.3,23.7,22.8,22.0,95,88,81,1015.3,1013.6,1012.2,17.4,13.5,10.4,6.4
2014-07-26,27.4,25.2,24.1,23.6,22.8,22.5,92,87,77,1014.7,1012.8,1010.8,16.3,12.7,10.1,5.1
2014-07-27,25.5,24.5,23.9,23.4,22.8,22.1,94,90,86,1013.8,1012.0,1010.7,15.7,13.0,9.4,20.3
2014-07-28,25.0,24.3,23.7,23.2,22.7,22.3,95,91,87,1014.4,1012.5,1011.0,14.0,12.5,9.8,28.2
2014-07-29,27.1,25.1,23.9,23.7,22.8,22.3,92,87,78,1014.2,1012.2,1010.3,15.6,12.5,10.3,1.6
2014-07-30,26.2,25.1,24.2,23.5,22.9,22.7,91,88,84,1014.5,1012.7,1011.5,19.2,15.6,11.7,1.5
2014-07-31,27.1,25.1,24.2,23.7,23.0,22.5,91,88,80,1015.2,1013.3,1011.2,19.9,16.1,12.7,9.2
2014-08-01,27.1,24.6,23.7,23.4,22.6,21.9,93,89,78,1014.9,1013.7,1012.4,20.9,17.0,12.0,7.0
2014-08-02,26.1,24.6,23.9,22.9,22.5,22.1,92,88,81,1014.9,1013.2,1011.6,20.1,17.3,14.3,5.0
2014-08-03,27.0,25.0,23.8,23.1,22.4,22.1,92,86,79,1015.6,1013.8,1012.0,16.5,14.5,11.6,1.7
2014-08-04,26.8,24.7,23.8,23.8,22.9,22.3,93,89,83,1015.4,1013.6,1012.1,18.4,14.2,11.0,7.1
2014-08-05,26.6,24.4,23.4,23.6,22.6,22.2,93,90,84,1015.1,1013.0,1010.9,24.6,19.5,15.0,15.3
2014-08-06,26.6,24.6,23.2,23.3,22.5,21.9,94,88,80,1014.8,1013.0,1011.3,20.1,17.9,15.1,5.3
2014-08-07,25.9,24.6,23.7,23.2,22.4,21.9,90,88,84,1014.9,1012.9,1011.4,17.6,14.9,12.4,8.7
2014-08-08,26.4,24.6,23.5,23.1,22.3,21.8,92,87,82,1014.9,1012.9,1011.1,18.1,15.6,13.0,3.7
2014-08-09,27.2,24.8,23.3,22.2,22.0,21.9,93,85,73,1015.5,1013.2,1011.7,18.1,16.3,13.0,1.0
2014-08-10,26.9,24.7,23.3,22.3,21.9,21.7,91,85,75,1015.6,1013.4,1011.9,19.4,15.0,10.0,0.4
2014-08-11,26.4,24.6,23.3,22.3,21.8,21.6,90,85,78,1015.0,1013.2,1010.9,22.9,18.7,13.0,1.1
2014-08-12,26.9,24.7,23.8,22.7,22.0,21.6,88,85,77,1013.4,1011.8,1010.5,22.1,19.4,16.4,3.7
2014-08-13,26.3,24.7,23.7,22.6,22.0,21.6,89,85,78,1014.3,1012.8,1011.4,21.7,18.4,14.8,1.2
2014-08-14,26.1,24.3,22.8,22.0,21.6,21.4,92,85,77,1015.6,1013.3,1011.2,17.2,14.4,11.4,0.1
2014-08-15,24.7,23.9,23.5,22.7,22.1,21.8,94,89,86,1015.1,1012.9,1011.0,20.6,17.3,14.7,7.7
2014-08-16,26.0,24.5,23.6,22.4,21.9,21.7,89,86,81,1014.2,1012.5,1011.1,19.6,17.0,11.2,2.0
2014-08-17,26.8,24.8,23.3,22.6,22.1,21.7,92,85,75,1014.8,1012.8,1010.6,16.9,13.1,10.5,0.3
2014-08-18,26.8,24.6,23.4,22.5,22.2,21.8,93,87,75,1014.6,1012.5,1010.5,16.8,14.1,11.5,0.0
2014-08-19,25.5,23.7,22.5,23.7,22.6,22.0,97,93,90,1014.1,1012.3,1010.8,14.7,11.2,9.1,39.3
2014-08-20,26.0,24.3,23.4,22.8,22.5,22.2,94,89,81,1014.2,1012.5,1010.7,17.1,12.4,8.8,9.1
2014-08-21,26.4,24.5,23.3,23.8,22.6,22.2,94,89,83,1016.4,1013.6,1011.8,18.3,15.5,12.2,11.6
2014-08-22,26.5,24.3,23.4,22.8,22.3,22.0,93,89,79,1015.4,1013.0,1011.4,22.1,17.0,12.9,9.5
2014-08-23,26.5,24.5,23.3,23.3,22.5,22.1,94,89,81,1014.2,1012.4,1010.5,17.8,15.3,8.5,6.1
2014-08-24,27.0,24.8,23.3,23.2,22.7,22.3,94,88,79,1014.8,1012.3,1010.1,15.6,11.2,7.0,0.9
2014-08-25,26.8,25.1,23.9,23.2,22.8,22.4,93,87,79,1013.5,1011.6,1009.3,23.5,18.4,13.6,0.4
2014-08-26,24.5,24.0,23.6,23.1,22.6,22.3,93,92,90,1013.8,1011.5,1010.1,23.8,19.2,12.2,14.3
2014-08-27,27.4,24.9,23.2,23.7,22.7,22.0,94,88,78,1015.0,1013.0,1011.1,14.9,10.5,6.2,3.0
2014-08-28,27.4,25.1,23.6,23.3,22.7,22.2,93,87,77,1014.0,1011.6,1008.2,15.5,13.6,10.8,0.3
2014-08-29,25.9,24.7,24.1,23.9,23.2,22.7,94,91,88,1012.8,1011.1,1009.6,19.0,15.7,11.8,4.9
2014-08-30,26.9,25.0,24.0,23.5,23.0,22.7,94,88,81,1013.9,1011.7,1010.3,18.4,15.9,13.5,0.2
2014-08-31,26.7,24.8,23.8,23.3,22.6,22.0,92,88,81,1014.4,1011.8,1010.0,18.7,16.3,15.0,4.4
2014-09-01,26.3,24.6,23.9,22.9,22.3,22.0,91,87,80,1014.6,1012.1,1010.5,21.0,17.7,15.3,4.8
2014-09-02,26.8,24.8,23.7,22.8,22.2,21.6,92,85,78,1014.4,1012.6,1010.9,21.6,17.7,11.6,1.5
2014-09-03,27.1,24.8,23.3,23.1,22.4,22.1,94,87,79,1015.2,1012.4,1009.6,20.4,13.7,10.6,0.7
2014-09-04,26.4,24.4,23.7,23.6,22.7,22.2,93,90,84,1013.8,1011.7,1009.7,18.4,14.0,11.4,8.6
2014-09-05,25.4,24.5,23.9,22.8,22.5,22.1,93,89,86,1013.6,1011.4,1009.5,19.9,15.9,11.1,8.9
2014-09-06,26.6,24.6,23.2,23.4,22.6,21.8,93,89,83,1013.8,1011.6,1009.8,13.6,11.1,7.9,4.2
2014-09-07,26.7,24.8,23.3,23.0,22.6,22.2,94,88,79,1015.1,1013.0,1011.1,18.4,13.3,8.3,1.8
2014-09-08,26.8,24.9,23.8,23.2,22.7,22.2,93,87,80,1015.7,1013.4,1011.0,19.0,15.0,10.6,1.4
2014-09-09,26.3,24.6,23.7,23.4,22.4,21.7,91,88,83,1014.3,1012.3,1010.1,16.5,12.2,8.6,3.3
2014-09-10,26.7,24.8,23.6,23.0,22.4,22.0,92,87,79,1014.0,1011.9,1010.0,16.3,12.8,6.2,1.9
2014-09-11,27.3,25.1,23.6,23.1,22.6,22.3,93,86,76,1013.9,1011.6,1009.3,16.6,12.2,5.9,2.4
2014-09-12,26.2,24.8,23.5,23.2,22.8,22.3,94,89,83,1012.5,1010.8,1009.3,13.1,10.7,6.8,11.2
2014-09-13,27.3,25.4,24.0,23.5,22.9,22.6,92,86,80,1013.4,1011.7,1010.5,16.9,12.4,8.2,0.9
2014-09-14,26.7,25.1,23.7,23.6,22.9,22.6,94,88,78,1013.9,1012.1,1010.4,15.3,11.2,6.2,4.4
2014-09-15,27.5,25.2,23.8,23.6,22.9,22.3,92,87,78,1013.8,1012.0,1010.0,16.4,12.2,7.6,5.0
2014-09-16,26.4,24.9,24.1,23.7,22.9,22.5,93,89,85,1013.7,1011.8,1010.0,17.1,13.9,10.6,9.5
2014-09-17,26.1,24.5,23.2,23.2,22.7,22.2,95,90,82,1014.0,1011.8,1009.8,15.0,12.2,9.3,10.1
2014-09-18,27.4,24.9,23.2,23.9,22.8,22.2,96,88,81,1014.3,1012.0,1009.8,17.6,13.4,10.7,5.6
2014-09-19,27.0,25.1,23.7,23.9,23.0,22.6,94,88,82,1014.2,1011.9,1009.7,18.9,12.4,5.4,0.9
2014-09-20,27.0,24.9,23.4,23.6,22.7,22.0,93,88,79,1014.7,1012.4,1010.2,15.3,10.0,5.2,9.0
2014-09-21,27.2,25.3,23.2,23.5,23.0,22.6,96,87,79,1014.8,1012.5,1010.2,14.0,9.8,5.4,1.9
2014-09-22,27.2,25.1,23.2,23.1,22.9,22.7,97,88,77,1014.3,1011.6,1009.0,16.5,9.4,2.4,1.2
2014-09-23,27.4,25.2,23.7,23.9,23.1,22.5,94,88,79,1013.5,1011.5,1009.9,15.6,10.7,6.4,8.2
2014-09-24,26.8,25.2,24.0,23.6,23.0,22.6,93,88,82,1014.3,1012.3,1010.9,17.5,13.6,10.0,6.8
2014-09-25,28.3,25.8,24.0,23.8,23.1,22.6,92,85,75,1014.1,1012.2,1010.0,15.6,12.5,8.8,0.8
2014-09-26,27.4,25.5,23.9,24.0,23.2,22.4,94,87,81,1014.3,1012.2,1010.0,19.5,13.5,7.3,5.4
2014-09-27,26.5,24.7,23.2,23.9,22.9,22.3,96,90,81,1014.5,1012.1,1010.4,16.5,10.4,6.2,22.5
2014-09-28,26.9,25.1,23.7,23.6,23.0,22.5,95,88,81,1014.3,1012.5,1010.9,14.5,10.7,7.8,7.1
2014-09-29,26.5,25.0,23.5,23.9,23.1,22.3,95,90,84,1015.0,1012.0,1009.3,17.3,11.5,3.6,9.0
2014-09-30,27.4,25.2,23.6,24.0,22.9,22.5,94,87,80,1012.9,1011.3,1009.7,16.6,11.9,6.1,12.6
2014-10-01,26.4,24.7,23.5,23.5,22.8,22.2,94,89,83,1014.9,1012.1,1009.6,17.3,12.3,7.0,10.7
2014-10-02,28.3,25.3,23.6,24.0,23.1,22.3,94,88,78,1015.3,1012.8,1010.0,15.3,10.4,6.5,5.7
2014-10-03,27.1,25.1,23.6,23.7,22.9,22.5,94,88,80,1015.1,1012.2,1009.5,12.2,8.2,5.4,8.4
2014-10-04,27.7,25.3,23.2,23.8,23.0,22.4,96,88,77,1013.0,1010.9,1008.2,14.5,7.8,2.6,7.6
2014-10-05,28.0,25.9,23.8,23.4,23.2,22.9,95,85,75,1013.2,1010.9,1009.4,15.0,9.1,2.8,1.6
2014-10-06,28.0,25.8,24.1,24.6,23.6,23.0,94,87,82,1013.5,1011.3,1009.2,15.0,9.7,6.1,2.1
2014-10-07,27.8,25.9,24.1,24.1,23.5,23.0,95,87,78,1013.2,1011.1,1008.9,13.2,9.4,6.2,4.6
2014-10-08,28.4,26.1,24.0,24.5,23.7,23.3,96,87,75,1012.6,1010.6,1008.1,13.4,10.5,7.6,1.4
2014-10-09,28.7,26.5,25.0,24.5,23.7,23.5,91,85,77,1011.9,1010.1,1008.3,16.3,13.0,10.2,1.8
2014-10-10,28.6,26.3,24.9,24.2,23.7,23.5,92,86,76,1012.0,1009.7,1007.5,14.8,11.9,8.4,5.6
2014-10-11,27.0,25.6,24.6,24.5,23.7,22.7,92,89,85,1012.3,1010.6,1009.2,12.7,10.5,5.4,17.2
2014-10-12,28.0,25.2,23.9,23.6,23.2,23.0,96,89,76,1013.4,1011.5,1009.6,16.4,8.9,1.8,14.4
2014-10-13,27.6,25.7,24.4,24.6,23.5,23.0,92,88,83,1014.2,1012.1,1010.1,16.7,11.3,6.4,7.9
2014-10-14,28.4,25.8,24.5,23.9,23.3,22.8,93,86,77,1014.5,1012.6,1010.9,15.4,11.9,8.4,6.1
2014-10-15,28.7,26.4,24.6,24.0,23.5,23.1,92,84,74,1013.9,1011.9,1009.9,16.0,12.3,10.3,0.2
2014-10-16,28.8,26.5,25.0,24.1,23.8,23.5,93,85,74,1013.0,1010.8,1008.3,16.1,12.8,10.4,1.6
2014-10-17,29.2,26.4,25.0,24.8,23.9,23.5,94,86,76,1011.9,1010.1,1008.3,17.7,13.5,9.8,7.2
2014-10-18,27.9,25.8,24.7,24.9,23.8,23.5,94,89,82,1012.7,1010.8,1009.1,15.5,8.4,0.8,16.5
2014-10-19,26.5,25.1,23.3,23.8,23.2,22.7,96,90,83,1012.7,1011.0,1009.5,17.1,10.1,1.9,13.8
2014-10-20,27.7,25.8,24.3,24.1,23.7,23.3,96,88,77,1013.1,1011.1,1008.7,15.9,6.9,1.4,1.1
2014-10-21,28.8,26.5,24.5,24.2,23.6,23.1,95,85,73,1012.2,1010.6,1008.8,17.1,12.4,6.6,0.5
2014-10-22,28.5,26.3,25.0,24.8,23.9,23.5,93,87,80,1013.5,1011.3,1008.9,17.8,12.7,10.2,0.9
2014-10-23,27.2,25.9,25.1,24.5,23.6,23.2,91,87,80,1013.9,1011.4,1009.5,11.7,9.2,7.4,13.4
2014-10-24,28.4,26.1,24.4,24.4,23.6,22.9,95,86,77,1013.4,1010.7,1008.4,14.5,9.2,4.9,1.7
2014-10-25,27.4,25.4,23.8,23.7,23.4,22.7,97,89,79,1012.1,1010.2,1008.4,10.1,7.0,3.1,13.6
2014-10-26,28.2,25.7,24.4,24.7,23.9,23.4,95,90,79,1012.8,1010.9,1009.3,15.3,7.9,2.4,11.7
2014-10-27,28.7,26.2,24.3,24.7,23.9,23.3,94,87,77,1012.9,1010.9,1009.1,13.0,9.8,6.6,3.5
2014-10-28,29.1,26.6,25.1,24.7,24.0,23.7,93,86,76,1011.9,1009.8,1008.1,11.6,9.3,4.4,4.2
2014-10-29,29.0,26.8,25.0,24.9,24.0,23.6,94,85,77,1010.4,1008.7,1006.6,13.5,8.7,1.8,4.6
2014-10-30,28.9,26.6,24.8,24.7,23.9,23.4,95,85,78,1011.4,1009.6,1008.3,13.3,9.4,5.6,5.0
2014-10-31,28.2,26.4,25.1,24.5,23.9,23.5,93,86,80,1013.0,1010.5,1008.6,13.5,10.3,5.6,2.7
2014-11-01,28.5,26.5,25.1,24.5,23.9,23.5,94,86,78,1011.7,1010.0,1008.3,14.8,11.8,9.8,3.0
2014-11-02,28.8,26.6,24.7,24.6,23.8,23.4,93,85,78,1011.7,1009.8,1007.7,13.8,9.9,6.6,1.2
2014-11-03,27.7,26.1,24.3,24.8,24.0,23.5,95,88,82,1011.8,1009.6,1007.5,12.8,7.2,2.6,9.4
2014-11-04,28.4,26.0,24.5,24.8,24.0,23.6,95,89,81,1013.8,1011.0,1009.0,9.7,6.1,0.7,15.1
2014-11-05,26.6,25.4,24.4,24.3,23.8,23.4,96,91,86,1015.5,1012.4,1010.9,12.2,7.9,1.6,8.9
2014-11-06,28.9,26.1,24.1,23.8,23.4,23.1,96,86,71,1014.8,1013.1,1011.3,9.9,6.7,2.4,0.9
2014-11-07,28.8,26.6,24.4,24.0,23.7,23.5,95,84,74,1013.6,1011.2,1008.4,14.0,7.9,0.8,0.0
2014-11-08,29.1,26.5,24.6,25.0,24.1,23.5,94,87,79,1011.6,1009.7,1008.0,11.8,8.8,6.6,1.1
2014-11-09,29.4,26.8,25.3,25.3,24.3,23.8,92,86,79,1010.9,1009.0,1007.4,14.0,10.6,7.6,4.0
2014-11-10,27.5,25.8,24.8,24.4,23.9,23.3,94,89,81,1010.8,1009.1,1006.4,13.0,10.3,6.6,15.6
2014-11-11,28.2,26.2,24.7,25.0,24.1,23.6,94,88,83,1011.4,1009.5,1007.7,11.3,8.4,2.1,3.9
2014-11-12,28.4,26.4,25.0,24.5,23.8,23.5,92,86,79,1011.2,1009.3,1008.0,11.3,8.9,5.5,3.3
2014-11-13,29.1,26.8,25.2,24.8,23.9,23.7,92,85,75,1010.8,1009.0,1007.6,13.5,10.5,7.3,1.2
2014-11-14,28.0,26.5,25.5,25.0,24.1,23.7,91,87,82,1011.9,1009.8,1008.1,13.3,10.2,6.4,0.6
2014-11-15,28.9,26.8,24.7,25.5,24.5,23.9,95,87,81,1011.2,1009.2,1007.3,12.5,8.9,5.1,0.1
2014-11-16,29.0,27.0,25.4,25.4,24.5,24.1,93,87,81,1010.4,1008.3,1006.3,13.6,11.0,7.3,1.1
2014-11-17,28.8,26.8,25.7,24.9,24.3,24.0,91,86,79,1011.3,1008.4,1006.7,17.1,14.7,12.5,4.0
2014-11-18,27.8,26.3,25.3,24.4,23.9,23.6,93,87,81,1012.4,1010.4,1008.4,14.7,10.2,3.1,10.6
2014-11-19,28.5,26.4,24.3,25.1,24.3,23.7,96,88,81,1013.3,1010.9,1008.7,12.8,6.9,1.4,2.4
2014-11-20,28.9,26.8,25.3,25.3,24.4,23.9,93,87,80,1012.5,1010.6,1009.0,11.8,8.5,6.1,0.6
2014-11-21,29.2,26.8,24.7,24.4,23.9,23.3,94,85,75,1012.6,1010.5,1008.3,12.5,7.4,4.8,1.4
2014-11-22,28.8,26.8,25.4,25.0,24.2,23.8,92,86,76,1013.1,1010.6,1008.7,9.4,6.5,2.0,2.0
2014-11-23,30.1,27.4,24.9,25.2,24.7,24.1,95,86,74,1012.2,1010.3,1008.8,11.7,8.4,3.1,1.1
2014-11-24,29.0,27.0,25.5,25.6,24.8,24.5,94,88,81,1012.4,1010.1,1007.9,15.6,10.6,6.8,0.7
2014-11-25,28.8,27.1,25.7,25.0,24.4,24.0,92,85,77,1012.1,1010.2,1008.3,14.7,10.8,8.0,0.8
2014-11-26,28.2,26.5,25.2,24.4,23.9,23.4,92,86,78,1012.1,1010.0,1008.1,13.0,9.5,6.5,2.1
2014-11-27,28.2,26.5,24.4,24.3,23.8,23.3,94,85,78,1012.0,1009.8,1008.1,13.2,7.5,1.8,2.8
2014-11-28,29.0,26.8,24.6,25.0,24.2,23.7,94,86,79,1011.7,1009.9,1007.9,11.8,7.9,4.6,0.7
2014-11-29,29.6,27.3,24.9,24.4,24.0,23.6,94,83,71,1011.2,1009.5,1008.0,11.9,7.6,2.0,0.6
2014-11-30,30.0,27.5,25.5,24.5,24.2,23.7,93,83,70,1012.7,1010.1,1008.4,13.6,10.2,5.0,0.0
2014-12-01,30.2,27.6,26.0,24.7,24.4,24.0,90,83,71,1011.0,1009.3,1007.4,19.3,12.0,7.4,0.7
2014-12-02,30.3,27.7,25.9,25.1,24.3,23.5,91,83,67,1011.0,1008.8,1006.4,19.1,13.1,8.9,0.8
2014-12-03,29.3,27.2,25.7,25.3,24.7,24.0,92,86,77,1010.3,1008.3,1006.5,15.8,12.0,7.6,1.5
2014-12-04,28.5,26.7,25.5,25.0,24.4,23.9,92,87,79,1011.7,1009.6,1007.9,14.3,9.7,4.5,1.7
2014-12-05,28.7,26.8,25.0,24.7,24.2,23.9,94,86,79,1012.7,1010.4,1008.4,11.0,6.9,2.2,0.4
2014-12-06,29.9,27.2,25.1,25.0,24.3,24.1,94,84,75,1012.3,1009.8,1007.8,15.2,10.1,4.8,0.9
2014-12-07,29.8,27.4,25.6,24.7,24.3,23.8,93,84,71,1011.2,1009.1,1007.7,16.0,12.6,9.7,1.6
2014-12-08,30.3,27.6,25.6,24.7,24.3,23.7,93,83,68,1011.4,1009.3,1007.3,17.4,14.0,10.5,1.1
2014-12-09,29.5,27.2,25.3,24.6,24.4,24.0,93,85,74,1011.2,1009.1,1007.4,14.8,12.0,8.9,2.2
2014-12-10,29.5,27.1,25.1,24.9,24.4,23.9,93,86,76,1011.4,1009.1,1007.2,17.5,12.5,7.6,1.9
2014-12-11,29.5,27.2,25.1,24.7,24.3,23.8,94,84,75,1012.3,1009.9,1007.7,14.8,11.4,6.5,2.1
2014-12-12,28.4,26.2,24.3,24.3,23.9,23.1,95,87,76,1011.5,1009.3,1007.3,12.8,7.8,1.0,7.3
2014-12-13,28.2,26.5,25.0,24.9,24.2,23.5,95,88,78,1011.4,1009.2,1007.2,9.5,5.9,0.7,5.5
2014-12-14,30.4,27.4,25.6,24.7,24.0,22.9,92,83,64,1011.7,1009.8,1008.0,15.5,9.3,4.0,0.0
2014-12-15,29.7,27.2,25.7,24.7,24.1,23.1,92,84,68,1012.6,1010.9,1009.0,14.7,10.1,6.6,0.2
2014-12-16,30.2,27.3,25.9,24.7,24.1,23.0,93,83,66,1013.3,1010.9,1008.2,12.2,8.7,3.1,0.0
2014-12-17,30.7,27.5,25.6,24.7,24.1,23.2,94,82,64,1013.0,1010.5,1008.3,13.6,9.5,4.6,0.0
2014-12-18,30.8,27.5,25.5,24.3,23.6,22.6,92,80,62,1012.8,1010.6,1008.4,14.2,9.6,2.7,0.0
2014-12-19,30.2,27.3,24.6,24.3,23.8,23.0,94,81,67,1012.5,1010.8,1009.4,13.9,9.6,6.2,0.7
2014-12-20,30.2,27.3,25.4,24.5,23.9,22.8,93,82,65,1013.0,1011.0,1009.3,15.2,11.6,4.0,0.6
2014-12-21,30.6,27.5,25.6,24.6,24.1,23.3,92,82,66,1012.7,1010.8,1008.8,14.3,10.1,4.4,0.3
2014-12-22,29.3,27.1,26.0,24.7,24.2,23.2,92,84,71,1012.2,1010.2,1008.6,12.3,8.8,1.5,0.9
2014-12-23,29.6,27.0,25.3,24.6,24.1,22.9,95,85,67,1013.4,1011.0,1009.2,11.7,7.9,3.3,0.6
2014-12-24,31.1,27.0,24.5,24.5,22.5,18.4,97,79,47,1013.9,1011.4,1008.9,14.1,8.6,2.3,0.0
2014-12-25,31.4,27.1,23.9,23.9,22.3,18.5,96,77,47,1014.9,1012.0,1010.2,12.2,8.1,2.1,0.0
2014-12-26,31.2,27.0,24.2,24.0,22.6,19.1,96,79,49,1013.2,1011.1,1009.1,13.7,9.7,2.1,0.0
2014-12-27,31.2,26.9,23.8,23.7,22.4,19.7,96,78,51,1012.1,1009.8,1007.6,14.6,9.0,0.5,0.0
2014-12-28,31.8,27.2,23.9,23.3,21.8,18.7,94,75,47,1012.6,1010.4,1008.6,13.5,8.7,0.8,0.0
2014-12-29,31.6,27.3,23.4,23.7,22.6,20.6,96,77,52,1013.1,1010.9,1009.2,16.1,9.0,3.1,0.0
2014-12-30,30.9,27.5,25.4,24.2,23.3,21.5,93,79,57,1013.1,1010.9,1008.4,16.6,11.2,5.9,0.1
2014-12-31,32.6,28.0,25.1,24.4,22.1,17.9,93,73,42,1012.7,1009.8,1006.8,14.4,9.5,2.3,0.6
2015-01-01,32.2,27.3,22.9,23.5,21.6,18.1,96,73,44,1012.7,1010.3,1007.6,15.2,9.5,1.5,0.0
2015-01-02,31.0,27.3,24.6,24.0,22.5,20.5,93,77,53,1013.5,1011.0,1009.0,15.1,9.3,0.7,0.0
2015-01-03,31.7,27.5,24.7,24.3,23.1,20.6,95,78,52,1014.6,1012.2,1010.1,14.8,8.7,2.2,0.0
2015-01-04,31.5,26.9,23.3,24.3,18.9,10.9,97,67,29,1015.1,1012.5,1009.8,12.7,9.2,2.7,0.0
2015-01-05,31.2,26.0,22.0,21.2,13.6,6.4,90,52,22,1014.6,1012.0,1009.9,11.9,8.9,2.6,0.0
2015-01-06,30.8,25.5,20.5,19.4,13.6,6.6,84,53,23,1013.7,1011.4,1009.2,12.1,7.7,2.1,0.0
2015-01-07,31.4,25.6,20.0,19.0,14.9,8.3,84,56,25,1013.9,1011.1,1009.0,13.7,8.7,1.1,0.0
2015-01-08,31.4,25.8,20.4,20.4,17.1,11.9,89,63,31,1014.5,1012.0,1010.0,11.0,7.5,2.5,0.0
2015-01-09,31.6,26.2,20.6,21.3,16.2,9.5,92,60,27,1015.5,1012.6,1010.5,13.4,8.7,3.1,0.0
2015-01-10,31.3,25.4,21.0,19.9,12.7,6.6,85,50,24,1015.6,1012.6,1009.6,13.0,9.4,3.4,0.0
2015-01-11,30.5,25.2,19.4,19.6,13.1,6.3,90,53,22,1016.2,1013.1,1010.1,13.8,8.5,2.9,0.0
2015-01-12,31.6,25.6,20.2,19.0,11.1,4.2,82,45,19,1014.1,1011.4,1008.1,17.4,10.9,4.0,0.0
2015-01-13,30.7,24.9,20.6,19.1,11.5,4.2,84,48,20,1014.1,1011.1,1008.3,14.8,10.2,5.4,0.0
2015-01-14,30.5,24.9,20.1,20.3,13.7,7.2,85,55,24,1013.2,1011.0,1009.0,13.1,10.6,5.0,0.0
2015-01-15,30.8,25.2,19.8,21.5,18.3,14.6,92,69,39,1013.9,1011.3,1009.6,13.6,8.5,3.6,0.0
2015-01-16,30.9,25.6,21.1,22.0,20.5,18.6,95,76,48,1013.9,1011.5,1009.4,14.9,8.0,1.8,0.0
2015-01-17,31.7,26.1,22.4,22.9,21.2,18.5,95,77,46,1014.0,1011.4,1009.6,17.5,10.7,5.6,0.0
2015-01-18,31.2,26.7,24.1,23.2,22.3,20.5,94,78,53,1014.6,1011.9,1009.7,16.1,11.6,7.6,0.0
2015-01-19,30.8,26.9,24.1,24.3,22.8,21.5,92,80,58,1013.4,1010.7,1008.5,17.2,12.5,9.8,0.0
2015-01-20,30.0,26.9,25.1,24.2,23.8,23.1,94,84,67,1011.0,1009.2,1007.1,16.6,11.3,4.5,0.8
2015-01-21,30.9,27.3,24.8,24.3,23.3,22.0,94,80,60,1012.1,1010.3,1008.6,16.0,10.8,5.2,0.0
2015-01-22,31.2,27.4,24.9,24.7,23.6,22.2,94,81,60,1013.4,1010.8,1007.8,18.4,12.0,5.8,0.1
2015-01-23,31.8,27.9,25.8,25.0,24.0,22.4,94,81,58,1012.4,1010.0,1008.2,16.0,12.4,8.7,0.0
2015-01-24,30.2,27.2,25.9,25.0,24.3,23.1,94,85,66,1010.9,1008.9,1006.9,17.5,15.3,13.0,2.1
2015-01-25,29.2,26.8,25.5,24.9,24.2,23.6,95,86,73,1010.6,1008.8,1006.6,18.7,14.7,10.8,2.0
2015-01-26,29.8,27.0,25.6,24.8,24.1,23.7,91,84,72,1012.4,1009.9,1008.1,17.2,13.4,9.7,1.7
2015-01-27,30.8,27.6,25.7,24.9,24.5,23.7,94,84,68,1011.9,1009.7,1007.2,20.0,14.9,10.5,0.4
2015-01-28,29.9,27.2,25.9,25.0,24.5,24.0,93,85,72,1011.6,1009.3,1007.3,18.8,15.2,12.0,1.5
2015-01-29,29.9,27.3,25.8,24.7,24.2,23.1,93,84,68,1011.7,1009.5,1007.7,18.4,13.4,9.5,0.8
2015-01-30,29.9,27.2,25.5,24.7,24.3,23.6,94,85,72,1012.4,1010.1,1008.3,18.1,11.8,6.0,3.3
2015-01-31,30.8,27.4,25.6,24.5,24.2,23.8,92,83,68,1012.6,1010.5,1008.2,17.9,12.0,6.3,0.6
2015-02-01,31.0,27.6,25.7,25.0,24.3,23.8,91,83,68,1012.0,1009.5,1006.9,16.7,12.3,6.8,0.4
2015-02-02,30.5,27.7,26.2,25.0,24.6,24.0,92,84,70,1011.8,1009.0,1007.0,18.7,13.7,9.6,0.9
2015-02-03,30.7,27.7,26.1,25.0,24.6,24.0,92,84,69,1011.4,1009.2,1007.5,17.6,14.1,11.4,1.7
2015-02-04,31.0,27.9,25.8,25.0,24.5,23.9,93,82,67,1011.7,1009.3,1006.9,17.2,13.8,10.5,1.4
2015-02-05,30.6,27.9,26.2,25.1,24.7,24.0,92,83,69,1011.4,1008.8,1006.9,17.8,14.3,11.1,0.7
2015-02-06,30.5,27.9,26.4,25.0,24.8,24.4,91,84,72,1010.9,1008.7,1006.6,20.0,15.0,11.8,1.2
2015-02-07,31.1,27.8,26.2,24.9,24.5,23.9,91,83,67,1011.5,1009.1,1006.7,19.6,14.8,10.8,0.6
2015-02-08,30.9,28.1,26.4,25.3,24.6,24.0,90,82,67,1010.9,1008.8,1007.1,19.4,15.5,12.8,0.7
2015-02-09,31.3,28.2,26.3,25.4,24.7,23.7,93,82,64,1010.1,1008.3,1006.6,19.5,15.6,12.1,0.1
2015-02-10,31.3,28.2,26.4,25.0,24.4,23.6,91,81,64,1011.1,1008.6,1006.4,16.1,12.8,9.2,0.8
2015-02-11,31.5,28.3,26.6,25.1,24.8,24.0,91,82,65,1011.0,1008.6,1007.0,15.9,13.6,10.3,1.2
2015-02-12,30.2,27.4,26.4,24.8,24.4,23.9,91,84,69,1012.1,1010.1,1008.4,21.9,16.1,12.4,4.0
2015-02-13,30.4,27.8,26.0,24.9,24.4,24.1,89,82,72,1013.9,1011.2,1008.8,18.9,15.8,9.7,2.1
2015-02-14,29.5,27.7,26.3,24.9,24.5,24.0,91,83,72,1013.1,1011.1,1009.0,19.0,14.5,11.0,1.8
2015-02-15,30.6,27.9,26.3,24.7,24.5,24.1,90,82,69,1012.6,1010.3,1008.0,19.8,14.5,11.4,0.9
2015-02-16,31.5,28.2,26.3,24.8,24.2,23.3,90,80,62,1012.1,1009.9,1007.3,19.9,14.2,9.8,0.1
2015-02-17,30.7,28.0,26.6,25.1,24.6,24.0,89,82,69,1010.9,1008.6,1006.0,16.6,14.9,12.6,5.1
2015-02-18,28.7,26.8,25.5,25.0,24.1,23.5,91,85,75,1011.4,1008.3,1005.6,19.4,14.6,8.7,12.3
2015-02-19,29.8,27.1,25.1,23.9,23.6,23.0,92,81,70,1010.1,1008.2,1006.5,16.6,11.9,6.6,2.0
2015-02-20,29.5,27.2,25.0,24.5,24.0,23.3,91,83,72,1009.5,1007.6,1005.0,16.1,12.2,8.6,4.1
2015-02-21,30.8,27.7,25.8,24.9,24.4,24.0,93,83,68,1009.7,1007.8,1005.7,17.6,13.6,9.1,0.1
2015-02-22,29.6,26.7,24.2,24.9,23.8,23.0,94,85,70,1011.9,1009.0,1006.2,17.2,12.5,3.1,7.6
2015-02-23,29.8,27.2,25.6,25.4,24.6,23.9,92,86,77,1012.4,1010.0,1008.5,17.6,11.4,3.4,2.3
2015-02-24,31.2,27.6,25.0,25.3,24.3,23.2,96,83,62,1012.7,1009.5,1006.1,17.2,7.6,0.4,0.0
2015-02-25,30.8,28.0,26.4,25.5,24.9,23.4,94,84,66,1010.5,1007.9,1004.9,19.3,14.2,10.9,0.5
2015-02-26,30.0,27.8,25.7,25.5,24.8,24.4,93,84,74,1010.2,1008.0,1005.9,19.9,15.7,11.6,2.0
2015-02-27,27.9,26.6,25.4,24.7,23.9,23.0,90,85,77,1011.9,1009.2,1007.3,15.1,11.1,4.2,8.1
2015-02-28,30.3,27.6,25.5,24.5,24.0,23.4,91,81,70,1011.7,1009.5,1007.1,13.6,7.7,1.8,0.4
2015-03-01,30.4,27.7,25.8,25.0,24.4,23.9,91,83,69,1011.2,1008.9,1006.5,16.9,11.8,8.7,3.9
2015-03-02,30.7,27.9,26.2,25.1,24.7,23.7,93,83,67,1010.7,1008.5,1006.5,17.5,12.5,7.6,0.9
2015-03-03,30.0,27.7,26.5,25.3,24.9,24.3,93,85,75,1011.1,1008.9,1007.4,15.9,11.5,6.2,0.1
2015-03-04,29.4,27.3,25.5,24.8,24.6,24.0,95,85,76,1011.7,1009.7,1007.8,13.7,10.1,6.8,4.1
2015-03-05,31.1,27.9,26.0,25.0,24.5,23.8,91,82,67,1011.4,1009.0,1006.3,15.1,10.4,5.4,0.1
2015-03-06,30.9,28.2,26.5,25.1,24.9,24.4,91,83,70,1011.5,1008.8,1006.9,16.3,13.0,8.1,0.2
2015-03-07,30.9,28.0,26.3,25.2,24.8,23.8,92,83,68,1011.3,1008.7,1006.8,19.0,13.3,9.2,0.6
2015-03-08,30.9,27.7,26.3,25.2,24.8,24.0,93,84,69,1010.4,1008.2,1005.9,18.9,15.4,12.7,2.0
2015-03-09,30.5,28.0,26.6,25.5,25.1,24.9,91,85,73,1010.5,1008.4,1006.5,17.9,14.6,11.8,3.8
2015-03-10,30.4,28.0,26.4,25.5,25.1,24.7,94,85,73,1011.3,1009.0,1006.8,18.9,15.3,11.7,1.0
2015-03-11,30.6,28.3,26.8,25.6,25.2,24.7,92,84,72,1011.9,1009.6,1007.8,15.5,12.9,8.7,3.6
2015-03-12,31.2,28.4,26.7,25.6,25.2,24.8,93,84,69,1010.2,1007.9,1005.4,16.8,12.2,8.7,0.5
2015-03-13,30.5,27.8,26.4,25.4,24.7,24.3,91,84,70,1009.1,1007.2,1005.6,14.2,11.2,8.0,5.0
2015-03-14,30.9,27.9,26.0,25.2,24.7,24.5,92,83,70,1008.5,1006.4,1004.8,14.7,11.2,6.9,3.4
2015-03-15,30.3,28.2,26.7,25.8,25.3,24.8,92,84,75,1009.4,1006.8,1004.8,18.5,14.3,10.8,3.4
2015-03-16,29.9,27.9,26.8,26.0,25.7,25.1,94,88,80,1010.1,1008.1,1006.4,22.7,13.8,5.1,7.0
2015-03-17,30.0,27.6,26.4,25.8,25.2,24.4,95,87,74,1010.6,1008.6,1007.0,16.5,13.0,9.3,0.2
2015-03-18,31.2,27.8,26.0,25.2,24.7,24.0,93,84,67,1009.9,1007.5,1005.3,16.6,13.5,10.7,0.7
2015-03-19,31.0,28.0,26.4,25.3,24.8,24.0,93,83,69,1009.4,1006.6,1004.3,18.2,13.9,10.4,1.2
2015-03-20,30.5,28.2,26.4,25.6,24.9,24.1,93,83,69,1008.6,1006.6,1004.4,17.3,15.1,12.0,0.2
2015-03-21,28.8,27.4,26.4,25.3,24.7,23.8,92,85,77,1011.5,1008.0,1005.9,15.8,12.3,5.5,5.0
2015-03-22,30.7,28.1,26.0,25.0,24.3,23.6,90,81,66,1010.8,1008.4,1007.0,20.7,11.6,1.8,0.0
2015-03-23,31.1,28.5,26.5,25.1,24.5,23.9,90,79,66,1010.1,1008.0,1006.4,17.4,12.8,8.0,0.1
2015-03-24,30.8,28.1,26.5,25.5,24.8,24.1,92,83,68,1010.0,1007.7,1005.0,18.4,16.3,12.8,3.1
2015-03-25,28.3,26.8,25.8,25.3,24.4,23.9,94,87,77,1010.8,1008.5,1006.6,17.9,13.3,7.8,8.8
2015-03-26,29.1,27.3,26.2,25.4,24.8,24.3,93,87,78,1012.8,1010.2,1008.0,11.9,8.9,1.8,7.3
2015-03-27,30.5,27.8,25.3,25.2,24.7,24.0,93,84,71,1013.8,1011.4,1009.7,19.2,16.4,12.6,9.1
2015-03-28,30.6,28.1,27.0,25.4,24.8,24.5,89,83,72,1012.7,1010.5,1008.1,19.3,17.0,13.4,0.7
2015-03-29,29.2,27.4,26.2,25.2,24.8,24.2,91,85,79,1011.8,1009.7,1007.5,18.9,14.3,10.5,5.4
2015-03-30,28.6,26.9,25.4,24.6,24.3,23.9,92,86,78,1012.4,1009.5,1006.6,18.8,12.7,7.4,7.4
2015-03-31,27.9,25.9,24.6,25.0,23.9,23.4,94,89,81,1012.5,1010.4,1008.8,11.7,6.8,1.5,13.2
2015-04-01,27.6,26.0,24.7,24.3,24.0,23.7,95,89,80,1012.8,1010.7,1008.9,10.3,7.3,4.8,0.6
2015-04-02,30.9,27.4,24.3,24.8,24.0,23.0,96,83,63,1012.4,1010.0,1007.7,16.0,8.4,1.8,0.0
2015-04-03,30.1,27.7,26.1,25.0,24.5,24.1,91,83,70,1010.6,1008.7,1007.1,17.1,12.4,7.3,1.1
2015-04-04,30.1,27.7,26.2,25.1,24.6,23.9,93,84,70,1010.5,1008.4,1006.5,17.7,14.0,11.5,0.9
2015-04-05,29.9,27.4,26.1,25.1,24.6,24.2,93,85,73,1010.5,1008.6,1007.0,17.8,14.2,6.9,2.3
2015-04-06,30.5,27.4,25.7,24.9,24.5,24.1,93,84,71,1010.6,1008.8,1006.9,15.4,11.2,7.9,3.3
2015-04-07,30.2,27.3,26.1,25.1,24.6,24.3,92,85,72,1011.1,1009.5,1008.2,15.5,11.4,5.5,5.8
2015-04-08,30.0,27.8,26.2,25.1,24.5,24.2,89,83,72,1011.8,1009.2,1007.5,14.5,11.9,7.9,1.3
2015-04-09,29.9,27.8,26.4,25.1,24.7,24.3,93,84,72,1011.2,1009.2,1007.4,16.3,14.0,11.3,0.6
2015-04-10,29.1,27.3,26.5,24.9,24.7,24.3,90,86,78,1011.3,1009.5,1007.5,17.9,12.4,4.1,8.3
2015-04-11,29.3,27.4,26.3,25.5,24.7,24.3,90,85,79,1011.8,1009.7,1007.5,16.3,11.2,5.5,4.5
2015-04-12,29.3,26.9,25.8,25.0,24.4,23.8,93,87,78,1012.8,1011.1,1009.5,11.8,6.9,1.8,10.0
2015-04-13,30.2,27.7,25.4,24.7,24.4,23.9,94,83,69,1013.2,1011.0,1009.3,13.0,8.8,2.7,1.5
2015-04-14,30.7,27.9,25.9,25.5,24.8,24.1,92,83,68,1011.6,1009.4,1007.3,19.2,10.7,4.8,0.5
2015-04-15,30.7,28.0,26.3,25.4,25.0,24.4,93,84,70,1010.9,1008.9,1006.5,19.8,15.0,11.6,1.0
2015-04-16,30.2,27.9,26.3,25.3,24.9,24.4,91,84,72,1012.4,1009.9,1008.2,18.1,13.5,10.5,1.1
2015-04-17,30.9,28.2,26.7,25.4,25.0,24.7,91,83,73,1012.2,1010.2,1008.0,16.0,12.8,9.4,1.6
2015-04-18,30.6,28.1,26.7,25.3,25.0,24.7,92,83,71,1012.1,1009.9,1008.1,15.6,12.2,9.2,1.5
2015-04-19,30.7,28.2,26.6,25.0,24.8,24.1,90,82,71,1011.1,1009.1,1007.1,18.1,13.6,10.8,1.6
2015-04-20,31.0,28.3,26.7,25.2,25.0,24.5,90,82,69,1011.2,1009.0,1007.7,16.3,14.0,9.9,1.8
2015-04-21,30.5,28.4,26.7,25.1,24.6,23.9,90,80,68,1010.9,1008.8,1007.6,17.5,15.0,13.0,1.2
2015-04-22,31.4,28.4,27.0,25.2,24.8,24.5,88,81,69,1011.2,1009.4,1007.8,19.0,14.0,10.5,2.7
2015-04-23,30.5,28.4,26.8,25.4,24.8,24.4,89,81,70,1011.0,1009.5,1008.2,17.3,15.1,10.0,0.4
2015-04-24,30.6,28.2,26.9,25.3,24.9,24.5,90,83,70,1012.2,1010.1,1008.3,18.9,15.6,12.1,1.6
2015-04-25,30.7,27.9,26.8,25.1,24.9,24.5,90,84,71,1012.5,1010.8,1009.3,18.1,14.4,11.0,2.2
2015-04-26,30.5,28.2,26.8,25.1,24.6,24.3,90,81,70,1013.2,1010.9,1009.5,15.2,12.7,4.4,0.7
2015-04-27,30.9,28.2,26.1,24.9,24.1,23.1,91,79,63,1012.0,1009.9,1008.2,13.4,8.9,4.7,0.0
2015-04-28,31.5,28.7,26.8,25.1,24.4,23.6,89,78,63,1011.6,1009.4,1007.5,18.1,13.9,10.5,0.2
2015-04-29,30.2,28.4,27.0,25.1,24.8,24.5,88,81,73,1011.5,1009.3,1007.3,17.7,14.6,8.7,1.9
2015-04-30,30.4,28.3,27.0,25.0,24.7,24.3,87,81,72,1010.2,1008.6,1006.7,18.2,13.4,10.2,3.8
2015-05-01,31.0,28.8,27.2,25.2,24.6,24.1,86,78,67,1010.4,1008.1,1006.2,18.0,14.2,7.1,0.3
2015-05-02,31.3,28.8,26.9,25.2,24.5,23.6,89,78,64,1010.0,1008.1,1006.3,17.1,13.7,9.2,0.4
2015-05-03,30.9,28.2,26.6,24.9,24.6,24.3,90,81,68,1010.9,1008.8,1007.1,17.4,13.8,6.2,6.9
2015-05-04,30.1,27.5,26.5,25.6,24.9,24.6,91,86,76,1010.5,1008.6,1006.9,16.0,12.3,6.8,10.5
2015-05-05,28.8,26.8,25.7,25.6,24.5,24.2,93,87,81,1012.2,1010.4,1009.0,11.5,7.3,2.1,13.7
2015-05-06,29.3,27.1,25.4,25.0,24.6,24.0,94,87,76,1011.6,1010.1,1008.7,11.5,8.5,5.4,3.6
2015-05-07,30.6,28.3,26.7,25.3,24.9,24.6,90,82,72,1012.1,1009.7,1007.9,18.6,14.8,10.1,0.3
2015-05-08,30.3,28.1,26.6,25.3,25.0,24.9,92,84,73,1012.7,1010.9,1009.6,18.8,15.0,8.8,3.2
2015-05-09,29.8,27.8,26.1,25.3,24.9,24.5,95,85,77,1012.9,1010.8,1008.7,17.5,11.8,6.1,2.4
2015-05-10,30.1,27.6,25.7,24.9,24.6,24.2,92,84,73,1012.1,1010.3,1008.8,15.3,11.8,7.7,8.1
2015-05-11,30.2,28.0,25.4,25.0,24.5,24.1,95,82,70,1012.1,1010.1,1008.2,14.6,11.3,6.9,1.9
2015-05-12,30.0,27.8,26.1,25.2,24.8,24.1,91,84,74,1012.0,1010.4,1008.8,14.1,10.6,6.7,13.4
2015-05-13,29.7,27.7,26.4,26.1,25.3,24.9,92,87,81,1012.3,1009.7,1007.4,12.3,9.9,5.3,10.0
2015-05-14,28.7,27.2,25.6,25.4,24.9,24.0,93,87,80,1011.7,1009.2,1007.4,11.0,8.5,3.3,17.5
2015-05-15,29.5,27.3,25.2,26.1,25.0,24.5,97,87,78,1011.9,1009.8,1007.7,8.2,4.7,1.5,8.5
2015-05-16,30.9,28.3,26.4,25.7,25.0,24.5,91,82,70,1012.2,1010.3,1008.4,15.5,9.7,4.6,0.3
2015-05-17,29.2,27.8,27.0,25.5,25.2,24.9,90,86,79,1012.3,1010.2,1008.4,15.3,12.0,9.2,12.9
2015-05-18,29.9,27.7,26.6,25.8,25.2,24.4,92,86,78,1012.1,1010.2,1008.3,15.4,13.1,7.4,9.0
2015-05-19,29.7,27.6,26.2,25.0,24.6,24.3,92,84,74,1012.2,1010.7,1009.1,15.1,12.0,8.2,2.9
2015-05-20,29.1,27.2,25.3,25.0,24.5,24.2,94,85,76,1013.1,1010.6,1008.3,12.5,8.4,3.5,1.7
2015-05-21,30.4,28.2,26.5,25.2,24.6,24.2,89,81,72,1013.1,1011.4,1010.1,14.7,11.5,8.1,0.8
2015-05-22,29.5,27.6,26.0,25.1,24.9,24.7,93,85,76,1013.0,1011.2,1009.3,17.4,11.3,5.1,2.7
2015-05-23,27.7,26.4,25.2,25.0,24.1,23.6,92,88,80,1013.7,1011.5,1008.4,16.1,11.6,0.8,20.3
2015-05-24,29.5,27.0,24.8,24.4,24.0,23.4,94,84,73,1013.4,1011.9,1010.3,17.1,10.7,3.6,5.9
2015-05-25,29.9,27.8,26.0,24.7,24.2,24.0,90,81,71,1012.8,1010.7,1008.6,16.8,11.3,7.6,0.0
2015-05-26,29.2,27.4,26.3,25.0,24.5,24.1,90,84,76,1011.5,1010.0,1008.3,18.2,15.0,12.1,4.4
2015-05-27,29.2,26.7,25.3,25.1,24.5,24.1,94,88,79,1012.2,1010.4,1008.4,16.5,12.7,9.4,6.0
2015-05-28,28.7,26.7,25.1,25.6,24.4,23.5,93,87,79,1012.8,1010.2,1007.4,20.1,10.1,3.1,7.5
2015-05-29,27.5,26.5,25.7,24.3,24.1,24.0,92,87,82,1011.7,1009.8,1008.0,17.6,10.8,5.1,8.1
2015-05-30,29.0,26.8,25.1,24.6,24.1,23.9,94,86,76,1011.9,1010.3,1008.8,19.2,12.7,6.8,12.7
2015-05-31,27.3,25.9,24.6,24.6,24.1,23.5,97,90,84,1013.3,1010.9,1009.3,13.3,7.4,1.9,23.7
2015-06-01,28.6,26.6,25.4,24.7,24.3,24.1,93,88,78,1012.0,1010.2,1008.3,18.4,12.6,7.2,4.3
2015-06-02,28.0,26.1,25.0,25.1,23.9,23.2,93,88,81,1012.5,1010.3,1008.8,15.3,11.8,6.6,5.9
2015-06-03,26.5,25.7,24.9,24.0,23.6,23.2,92,88,85,1013.7,1011.6,1010.2,12.9,8.4,3.6,11.2
2015-06-04,28.2,25.9,24.7,24.3,23.8,23.5,94,88,79,1013.3,1011.8,1010.2,14.3,11.0,7.1,14.5
2015-06-05,27.9,26.1,24.9,24.2,23.8,23.5,92,87,80,1012.6,1011.0,1009.6,15.5,9.8,3.3,3.5
2015-06-06,27.9,26.0,24.8,24.0,23.6,23.4,93,87,78,1012.8,1011.1,1009.2,17.2,10.6,5.4,4.5
2015-06-07,27.4,25.7,24.6,23.9,23.5,22.9,91,87,81,1012.8,1011.3,1010.1,13.0,9.3,3.2,16.1
2015-06-08,27.3,25.5,24.4,24.6,23.8,23.1,96,90,85,1013.2,1011.3,1009.1,15.9,8.1,0.8,11.7
2015-06-09,26.6,25.4,24.8,24.3,23.7,23.2,92,91,87,1012.9,1011.3,1009.6,16.5,9.3,4.7,17.9
2015-06-10,28.0,25.8,24.3,24.3,23.6,23.2,94,87,80,1014.2,1012.3,1011.1,15.0,9.8,3.9,4.0
2015-06-11,28.4,26.4,24.9,24.2,23.6,23.3,91,85,78,1013.6,1012.1,1010.1,17.7,15.2,11.5,0.9
2015-06-12,28.0,26.3,24.9,24.1,23.8,23.4,94,87,78,1013.3,1012.0,1010.8,16.4,12.0,5.9,1.3
2015-06-13,27.7,26.2,25.2,23.9,23.6,23.3,91,86,78,1013.5,1011.7,1010.6,16.9,13.3,8.5,3.4
2015-06-14,27.4,25.4,24.0,24.3,23.4,22.7,94,89,82,1014.3,1011.9,1010.4,11.9,9.6,6.6,7.1
2015-06-15,27.6,25.9,24.6,24.6,23.5,23.0,92,87,80,1014.1,1012.3,1010.7,19.2,12.3,6.4,3.3
2015-06-16,28.0,26.1,25.0,23.8,23.2,22.6,88,84,78,1013.7,1011.9,1010.2,20.6,15.3,12.0,3.4
2015-06-17,28.2,26.3,24.9,24.1,23.4,22.8,90,85,77,1012.8,1010.9,1008.4,18.9,15.6,12.2,4.4
2015-06-18,28.2,26.0,24.7,24.1,23.7,23.3,92,87,78,1011.9,1010.7,1009.5,19.1,15.3,11.8,6.3
2015-06-19,27.8,25.9,24.6,24.1,23.4,22.8,91,86,80,1013.4,1011.8,1010.6,18.4,15.5,12.7,4.9
2015-06-20,27.4,25.6,24.5,24.0,23.3,22.7,92,87,80,1014.6,1012.9,1011.9,16.3,13.6,11.0,16.5
2015-06-21,27.5,25.2,24.2,24.1,23.3,22.8,94,89,81,1015.4,1014.0,1012.8,14.5,11.7,8.7,8.9
2015-06-22,27.2,25.4,24.2,24.1,23.1,22.3,92,87,82,1016.5,1014.7,1013.5,16.1,13.4,10.0,6.8
2015-06-23,28.3,26.2,24.9,23.5,22.9,22.5,88,82,75,1016.4,1014.7,1012.8,19.7,15.4,11.4,3.7
2015-06-24,27.7,26.0,24.7,23.5,22.9,22.5,89,83,77,1016.8,1015.1,1013.2,20.9,16.9,12.2,3.2
2015-06-25,26.9,25.6,24.1,24.0,23.0,21.9,93,86,80,1018.1,1016.1,1014.5,18.4,15.9,10.9,4.8
2015-06-26,26.8,25.5,24.3,23.4,22.9,22.6,91,86,81,1017.6,1015.1,1012.6,17.8,14.4,9.4,10.6
2015-06-27,27.4,25.2,23.9,24.2,23.2,22.7,94,89,81,1015.5,1013.8,1011.7,16.3,12.7,8.2,14.4
2015-06-28,25.8,24.5,23.8,24.4,23.4,23.0,96,94,90,1015.6,1014.1,1012.9,16.3,11.1,6.2,69.7
2015-06-29,26.4,25.0,24.2,23.9,23.2,22.8,95,90,84,1016.4,1014.1,1012.3,15.6,13.0,9.8,25.5
2015-06-30,27.2,25.3,24.1,23.9,23.1,22.8,93,88,82,1015.8,1013.7,1012.3,19.5,15.8,11.5,8.8
2015-07-01,27.9,25.8,24.2,23.7,23.1,22.7,91,85,76,1014.7,1012.9,1011.1,19.3,16.6,13.7,1.5
2015-07-02,27.3,25.3,24.4,24.1,23.3,22.7,93,89,80,1014.0,1012.6,1011.0,19.1,14.3,10.7,11.8
2015-07-03,25.3,24.6,24.0,24.1,23.4,23.1,96,93,91,1014.5,1012.8,1011.3,15.8,12.7,8.6,47.3
2015-07-04,27.0,25.3,24.1,24.0,23.3,22.9,95,89,82,1015.3,1013.2,1011.3,15.5,12.5,8.8,5.3
2015-07-05,26.7,25.2,24.3,24.1,23.2,23.0,93,89,84,1014.0,1012.1,1010.1,12.2,9.4,4.8,3.3
2015-07-06,27.8,25.8,24.1,24.2,23.4,22.9,93,87,80,1013.2,1011.4,1009.7,13.8,9.1,3.7,0.9
2015-07-07,27.3,25.7,24.3,24.1,23.4,23.2,93,88,80,1014.0,1011.4,1009.5,13.2,8.6,5.4,4.5
2015-07-08,27.4,25.8,24.3,24.3,23.6,23.3,94,88,81,1013.6,1011.4,1009.4,10.9,9.4,6.4,5.4
2015-07-09,28.3,26.0,24.5,24.7,23.9,23.7,95,89,81,1014.0,1011.7,1009.8,16.7,12.8,9.2,1.6
2015-07-10,27.4,25.7,24.7,24.1,23.7,23.3,92,89,81,1014.6,1012.6,1010.8,18.6,12.5,4.0,4.6
2015-07-11,28.0,26.1,24.9,24.1,23.7,23.4,92,87,77,1014.8,1013.2,1011.6,16.9,10.6,5.2,1.6
2015-07-12,27.3,25.7,24.8,24.2,23.7,23.3,94,89,82,1014.6,1012.9,1010.9,16.8,12.3,9.5,6.2
2015-07-13,27.7,25.7,24.3,24.1,23.4,23.1,93,88,81,1014.4,1012.3,1011.0,16.6,13.8,9.7,1.1
2015-07-14,27.5,25.7,24.7,24.1,23.4,23.1,91,87,81,1013.4,1011.8,1009.8,19.1,14.7,11.0,3.7
2015-07-15,27.0,25.3,24.3,24.0,23.3,22.5,92,88,83,1013.5,1011.8,1010.1,17.5,14.1,11.6,6.6
2015-07-16,25.7,24.8,23.8,23.5,22.9,22.5,93,89,86,1015.4,1013.0,1011.4,16.1,12.9,6.9,10.7
2015-07-17,27.4,25.4,23.9,23.5,23.0,22.6,93,87,80,1014.8,1012.7,1010.7,13.8,10.2,6.7,1.1
2015-07-18,27.3,25.6,24.5,24.0,23.4,23.2,92,88,81,1014.4,1012.5,1010.7,18.4,14.8,11.8,0.4
2015-07-19,27.3,25.4,24.1,23.7,23.1,22.8,93,87,81,1014.0,1012.1,1010.0,23.5,17.1,13.6,4.3
2015-07-20,27.1,25.0,23.8,23.3,22.7,22.2,92,87,79,1013.7,1012.4,1011.1,27.2,20.6,15.0,5.4
2015-07-21,27.0,25.0,23.6,23.1,22.6,22.3,93,87,78,1015.6,1013.6,1012.4,19.6,16.0,13.0,0.5
2015-07-22,27.0,25.2,23.7,22.4,22.1,21.8,91,83,73,1015.2,1013.6,1012.0,17.0,15.5,13.3,0.1
2015-07-23,26.8,25.2,24.0,22.6,22.3,22.0,91,84,76,1015.2,1013.2,1011.3,20.4,17.3,15.1,1.0
2015-07-24,26.6,24.9,24.1,22.8,22.3,22.0,90,85,80,1014.8,1013.1,1011.2,19.4,16.8,13.2,2.5
2015-07-25,27.3,25.1,23.5,22.8,22.1,21.9,92,84,74,1014.8,1013.0,1011.2,18.4,15.0,11.6,1.6
2015-07-26,27.3,25.1,23.6,22.1,22.0,21.7,92,83,72,1015.0,1013.0,1010.5,21.9,19.1,16.5,0.2
2015-07-27,26.5,24.9,24.0,22.2,21.9,21.5,89,83,77,1014.4,1012.7,1011.3,23.8,19.8,15.9,0.8
2015-07-28,26.3,24.8,23.9,21.6,21.3,20.9,86,81,75,1015.2,1013.6,1012.2,22.2,19.7,16.6,0.4
2015-07-29,26.3,24.6,23.3,21.6,21.2,20.9,87,81,74,1016.6,1014.4,1012.3,18.4,15.7,12.3,0.7
2015-07-30,26.2,24.6,23.6,22.4,21.8,21.6,89,85,80,1015.7,1013.7,1012.0,19.2,17.2,15.1,5.0
2015-07-31,26.9,24.9,23.5,22.1,21.8,21.6,89,83,75,1015.1,1013.0,1010.8,19.8,16.3,11.2,0.3
2015-08-01,27.1,24.8,23.7,22.9,22.3,22.0,91,86,76,1014.6,1012.4,1010.3,20.1,15.6,10.9,5.4
2015-08-02,27.3,25.1,23.7,22.6,22.3,22.1,91,85,74,1014.5,1012.5,1010.8,17.8,14.8,11.3,0.4
2015-08-03,26.8,24.7,23.6,23.2,22.7,22.5,94,89,81,1015.0,1013.2,1012.1,18.0,14.0,10.5,4.1
2015-08-04,26.7,24.7,23.5,22.9,22.5,22.3,94,88,80,1014.8,1013.0,1010.7,18.7,15.1,11.3,0.8
2015-08-05,27.5,25.1,23.8,23.2,22.5,22.2,91,86,77,1014.6,1012.5,1010.2,18.4,14.8,11.5,0.6
2015-08-06,26.7,25.1,23.8,22.8,22.6,22.4,92,86,78,1013.5,1011.5,1008.7,15.5,13.9,11.5,1.9
2015-08-07,27.0,25.1,23.9,23.1,22.7,22.4,92,87,79,1013.5,1011.5,1010.0,16.9,14.6,8.2,2.0
2015-08-08,26.8,25.0,23.7,23.1,22.5,21.9,92,86,79,1014.0,1012.1,1010.3,14.7,11.2,8.7,3.2
2015-08-09,26.4,24.9,23.8,23.3,22.8,22.3,93,88,81,1014.4,1012.2,1010.0,17.6,13.7,10.0,5.9
2015-08-10,26.3,24.8,23.7,23.4,22.6,22.2,92,88,83,1013.4,1011.4,1009.4,20.2,16.0,12.4,3.8
2015-08-11,27.2,25.0,23.7,22.6,22.4,22.2,92,86,75,1014.2,1012.3,1010.7,18.6,15.3,12.6,0.4
2015-08-12,27.1,24.9,23.7,23.3,22.6,22.3,93,88,77,1015.6,1013.8,1011.9,17.9,14.9,10.5,8.8
2015-08-13,26.2,24.9,23.8,22.9,22.6,22.4,94,88,81,1014.7,1013.4,1011.8,16.3,13.5,10.5,0.4
2015-08-14,26.8,25.0,24.0,23.3,22.8,22.5,92,88,79,1014.5,1012.6,1011.1,17.9,13.7,11.4,2.4
2015-08-15,26.7,24.9,23.8,23.1,22.7,22.4,93,88,79,1014.6,1012.7,1011.4,17.7,14.3,10.0,2.5
2015-08-16,26.8,24.9,23.7,23.0,22.8,22.6,94,88,79,1015.5,1013.6,1011.0,15.9,13.4,10.8,0.5
2015-08-17,27.3,24.9,23.9,23.4,23.0,22.8,94,89,79,1014.7,1012.9,1010.4,19.0,15.5,13.5,2.1
2015-08-18,26.7,25.0,23.7,23.5,22.9,22.2,94,88,83,1013.8,1012.0,1010.4,17.0,14.5,12.7,3.9
2015-08-19,27.1,25.1,23.8,23.1,22.9,22.6,95,87,79,1013.4,1011.5,1009.9,16.7,13.1,9.7,0.7
2015-08-20,25.9,24.5,23.9,23.2,22.7,22.4,92,90,84,1013.4,1011.2,1009.5,18.3,13.9,10.5,11.8
2015-08-21,26.0,24.5,23.5,23.3,22.7,22.3,94,90,85,1013.5,1011.7,1010.3,17.3,15.4,11.8,18.9
2015-08-22,27.0,25.1,23.5,23.7,22.9,22.5,94,88,80,1014.2,1012.1,1010.5,17.4,13.6,6.9,1.1
2015-08-23,26.9,25.1,24.3,23.1,22.8,22.5,91,87,79,1013.0,1011.1,1008.0,18.0,14.5,7.7,2.8
2015-08-24,26.5,25.2,24.3,23.3,23.1,22.9,92,88,82,1013.6,1011.5,1010.4,19.6,13.2,9.7,0.4
2015-08-25,26.4,24.8,23.8,23.4,22.8,22.3,93,89,82,1014.4,1012.5,1011.0,16.6,14.0,10.3,4.9
2015-08-26,27.4,25.2,24.1,23.8,23.0,22.5,92,88,79,1014.8,1012.5,1010.1,16.4,12.9,10.6,1.8
2015-08-27,26.9,25.2,24.0,23.4,22.8,22.4,92,87,79,1013.4,1011.4,1009.3,18.4,15.3,11.4,3.4
2015-08-28,26.5,24.8,23.6,23.5,22.7,22.0,92,88,83,1013.6,1011.5,1009.8,17.1,14.3,11.2,7.1
2015-08-29,26.9,24.9,23.8,23.4,22.6,22.1,93,87,77,1015.8,1013.5,1011.6,17.1,13.4,11.5,1.8
2015-08-30,27.3,25.2,23.6,23.1,22.5,22.2,93,85,77,1016.4,1014.2,1012.0,18.2,14.2,10.1,0.6
2015-08-31,26.6,25.0,24.0,22.7,22.4,22.2,90,86,78,1015.6,1013.2,1011.2,21.9,18.0,14.3,1.6
2015-09-01,24.6,24.2,23.9,23.1,22.6,22.2,93,90,88,1014.9,1013.0,1011.1,19.6,16.6,11.2,19.2
2015-09-02,26.7,24.8,23.5,23.1,22.5,22.2,92,87,81,1015.4,1013.2,1011.8,19.2,15.3,12.7,1.1
2015-09-03,27.0,25.1,23.8,22.9,22.5,22.2,91,85,76,1015.3,1013.0,1010.4,17.1,13.3,9.2,0.7
2015-09-04,27.1,25.3,24.0,23.1,22.8,22.6,92,86,78,1014.6,1012.6,1010.3,16.5,12.5,8.7,0.6
2015-09-05,26.0,25.0,24.2,23.0,22.8,22.7,91,88,83,1014.3,1012.4,1010.9,17.7,14.8,10.9,3.5
2015-09-06,26.5,25.1,24.3,23.7,22.9,22.6,91,88,84,1015.3,1013.5,1012.2,19.9,15.9,12.7,3.8
2015-09-07,27.6,25.2,24.0,23.1,22.8,22.6,92,87,76,1015.2,1013.1,1010.8,18.3,15.1,9.7,1.3
2015-09-08,25.9,24.5,23.4,23.7,22.8,22.4,94,90,85,1013.1,1011.3,1009.2,16.6,14.2,10.7,3.3
2015-09-09,27.4,25.4,24.2,22.9,22.6,22.2,91,85,76,1013.7,1011.5,1009.5,16.3,13.3,10.2,1.1
2015-09-10,27.4,25.3,23.9,23.2,22.9,22.5,93,86,76,1013.6,1011.6,1009.6,14.8,11.6,8.0,0.2
2015-09-11,26.8,25.1,24.1,23.3,23.0,22.7,94,89,80,1014.4,1011.6,1009.3,13.7,10.7,3.3,4.1
2015-09-12,27.6,25.4,23.3,23.5,23.2,22.6,96,88,78,1012.2,1010.8,1009.1,14.1,9.4,4.7,0.6
2015-09-13,26.3,25.1,24.4,23.5,23.0,22.6,92,88,83,1013.8,1011.8,1010.0,19.0,14.1,9.0,2.5
2015-09-14,27.2,25.5,24.1,23.1,23.0,22.9,94,86,77,1014.2,1012.7,1010.8,20.8,15.1,10.2,1.0
2015-09-15,26.3,25.0,23.9,23.1,22.8,22.6,93,88,82,1015.0,1012.7,1010.6,21.8,17.4,12.2,3.2
2015-09-16,26.5,25.2,24.1,23.0,22.7,22.4,92,87,80,1014.2,1012.0,1009.8,20.7,17.2,12.3,2.1
2015-09-17,27.7,25.2,24.4,23.9,23.1,22.4,92,88,78,1013.1,1010.7,1008.2,20.4,16.7,10.1,2.9
2015-09-18,27.2,25.4,24.3,23.8,23.2,22.8,93,88,81,1012.9,1011.0,1009.7,17.8,14.1,9.1,2.0
2015-09-19,27.4,25.2,24.4,23.9,23.1,22.6,93,88,81,1015.3,1012.6,1011.3,14.0,10.3,7.1,5.0
2015-09-20,26.9,25.1,23.9,24.0,23.3,22.6,94,89,82,1015.7,1013.5,1011.9,12.6,7.7,3.0,5.0
2015-09-21,26.5,25.0,23.4,23.9,23.1,22.6,96,90,84,1015.3,1012.8,1010.7,12.9,8.0,2.5,2.6
2015-09-22,27.3,25.2,23.8,23.7,22.9,22.6,93,88,78,1014.7,1012.4,1010.0,14.6,10.4,4.6,2.2
2015-09-23,28.1,25.7,24.1,24.2,23.4,22.8,93,87,79,1014.3,1011.8,1009.6,15.3,12.3,8.6,0.5
2015-09-24,26.8,25.3,24.3,23.9,23.3,22.6,92,89,84,1014.0,1011.8,1010.0,15.3,13.2,7.3,5.3
2015-09-25,25.8,24.7,23.9,23.8,23.2,22.9,95,92,84,1013.8,1011.9,1010.6,15.5,11.6,6.8,69.5
2015-09-26,27.9,25.6,24.2,24.5,23.7,23.1,95,89,80,1013.6,1011.1,1008.8,15.7,10.0,6.8,2.4
2015-09-27,28.5,25.9,24.3,23.9,23.4,23.1,94,86,76,1012.5,1010.0,1007.9,15.4,12.4,9.1,1.5
2015-09-28,27.0,25.5,24.4,24.1,23.4,22.7,91,88,82,1012.8,1010.0,1007.3,15.3,11.8,7.5,8.0
2015-09-29,26.9,25.3,24.2,23.7,23.4,22.9,95,89,82,1012.2,1010.3,1008.6,18.1,14.1,8.9,12.8
2015-09-30,26.3,25.0,23.9,23.9,23.2,22.7,95,90,86,1012.5,1010.5,1008.9,14.3,11.1,7.8,8.4
2015-10-01,27.8,25.8,24.4,23.7,23.3,23.2,93,86,78,1011.7,1010.1,1008.1,17.8,12.7,8.2,0.7
2015-10-02,27.7,25.8,24.4,24.1,23.4,23.0,93,87,79,1011.3,1009.5,1007.3,15.1,13.1,8.3,1.3
2015-10-03,27.1,25.3,24.2,24.0,23.4,23.1,95,89,83,1012.7,1010.6,1008.8,16.1,11.0,3.3,6.8
2015-10-04,26.8,25.2,23.8,23.9,23.4,22.7,94,90,83,1014.3,1012.1,1010.0,13.7,10.4,7.0,16.2
2015-10-05,28.5,26.2,24.9,24.6,23.6,23.0,91,86,78,1014.0,1012.2,1010.1,15.8,10.6,5.8,0.2
2015-10-06,28.6,26.3,24.7,24.3,23.7,23.3,92,86,76,1013.6,1011.8,1009.3,16.4,9.6,5.8,1.3
2015-10-07,27.1,25.5,24.1,24.2,23.5,22.9,94,89,82,1013.1,1011.5,1009.5,16.6,8.7,3.0,11.2
2015-10-08,28.6,25.9,24.0,24.7,23.8,23.0,95,88,79,1014.0,1011.8,1009.9,11.9,8.3,4.0,9.5
2015-10-09,28.3,26.0,24.3,24.0,23.5,23.2,94,86,75,1014.1,1011.9,1009.7,13.5,9.4,3.7,4.0
2015-10-10,29.0,26.2,24.5,24.5,23.7,23.3,95,86,75,1014.0,1011.7,1009.7,13.4,9.0,4.0,3.9
2015-10-11,28.6,26.3,24.0,24.6,23.8,23.3,96,87,78,1014.2,1012.0,1009.7,11.9,7.9,3.6,1.8
2015-10-12,29.0,26.6,24.9,24.3,23.9,23.3,96,86,73,1014.8,1012.1,1010.1,13.0,7.6,2.3,1.1
2015-10-13,29.1,26.7,25.1,25.0,24.2,24.0,94,87,78,1013.5,1011.3,1009.0,15.8,11.6,8.2,4.1
2015-10-14,28.9,26.4,25.1,25.2,24.0,23.7,93,87,76,1012.4,1010.7,1008.6,12.9,8.8,2.3,3.4
2015-10-15,29.1,26.5,24.8,25.1,24.2,23.7,94,88,78,1012.8,1010.5,1008.4,9.2,5.8,0.8,3.6
2015-10-16,28.9,26.3,25.1,25.2,24.2,23.9,93,88,80,1012.3,1010.4,1008.8,13.1,10.6,7.9,9.6
2015-10-17,28.5,26.5,25.2,25.0,24.2,23.7,94,87,79,1013.0,1011.0,1009.6,14.1,11.2,7.4,1.1
2015-10-18,28.2,26.4,25.1,24.9,24.1,23.7,93,87,80,1014.2,1011.9,1010.0,12.8,10.4,7.9,3.5
2015-10-19,28.9,26.5,24.7,24.6,24.1,23.8,95,87,77,1013.7,1011.7,1010.0,15.0,11.2,4.3,8.7
2015-10-20,28.9,26.2,24.5,25.1,24.1,23.5,95,89,78,1013.5,1011.3,1008.9,15.1,8.3,4.0,7.8
2015-10-21,27.3,25.7,24.3,24.3,23.8,23.3,95,89,84,1012.6,1010.6,1008.7,11.1,8.4,6.4,9.8
2015-10-22,28.9,26.7,24.4,24.5,24.0,23.5,96,85,76,1012.9,1011.2,1009.5,14.1,10.3,7.4,2.5
2015-10-23,29.1,26.6,25.0,24.5,24.1,23.8,94,86,75,1013.9,1011.5,1008.8,14.0,9.6,6.6,1.4
2015-10-24,29.1,26.8,25.6,25.0,24.3,24.0,91,87,78,1013.7,1011.1,1008.9,14.5,12.1,9.4,4.3
2015-10-25,28.0,26.4,25.6,24.8,24.1,23.8,92,87,80,1013.7,1011.4,1009.6,13.5,10.1,6.1,7.2
2015-10-26,29.1,26.7,24.6,24.5,24.0,23.7,95,86,74,1013.4,1011.1,1008.3,12.9,10.3,8.1,2.3
2015-10-27,29.0,26.3,24.8,24.7,24.2,23.5,94,88,78,1013.2,1011.2,1009.2,11.9,7.8,3.0,11.9
2015-10-28,27.8,25.9,24.8,24.8,24.0,23.7,94,89,81,1012.5,1010.6,1008.9,9.4,6.3,1.6,12.5
2015-10-29,27.9,25.9,24.1,25.2,24.1,23.7,98,90,84,1012.6,1010.4,1008.2,10.1,6.6,4.9,5.7
2015-10-30,28.9,26.3,24.4,25.4,24.2,23.7,96,88,76,1011.3,1009.4,1007.4,8.3,5.2,2.1,4.8
2015-10-31,29.4,26.4,24.4,25.1,24.2,23.5,97,88,77,1012.2,1009.8,1007.5,12.6,7.0,3.5,10.8
2015-11-01,29.1,26.0,24.1,24.4,23.6,23.2,96,87,73,1012.5,1010.7,1008.2,9.1,6.1,0.8,12.3
2015-11-02,26.2,25.3,24.7,24.3,23.8,23.4,94,91,86,1013.4,1010.9,1009.4,10.7,5.9,0.7,12.3
2015-11-03,28.9,26.4,24.1,24.2,23.8,23.4,96,86,74,1012.3,1010.4,1008.4,13.3,9.5,4.4,0.9
2015-11-04,29.2,27.3,25.3,25.3,24.4,24.1,94,85,76,1012.5,1010.5,1008.3,15.6,10.8,6.5,0.3
2015-11-05,29.3,26.7,24.6,24.9,24.0,23.4,93,85,77,1012.5,1010.9,1009.3,14.4,8.8,2.4,3.9
2015-11-06,28.8,26.5,25.0,25.1,24.2,23.5,94,88,78,1012.8,1010.8,1008.3,14.3,7.7,1.4,3.1
2015-11-07,29.1,26.4,24.0,24.4,23.8,23.1,95,86,73,1012.5,1010.5,1008.1,9.9,6.8,1.9,7.9
2015-11-08,28.4,26.6,25.5,25.2,24.2,23.7,91,87,81,1014.1,1011.5,1009.6,11.3,8.2,5.4,10.1
2015-11-09,28.5,26.4,24.9,24.8,24.0,23.5,93,87,80,1015.0,1012.5,1010.1,12.0,8.7,5.2,5.9
2015-11-10,28.5,26.4,24.6,24.4,23.9,23.6,94,86,78,1013.5,1011.7,1009.2,9.2,7.4,5.2,5.9
2015-11-11,29.4,27.0,24.7,25.5,24.6,23.8,95,87,79,1012.4,1009.9,1007.2,11.0,7.0,2.9,1.0
2015-11-12,30.1,27.3,25.3,25.6,24.7,24.2,93,86,77,1011.5,1009.4,1007.1,13.2,8.2,4.0,1.5
2015-11-13,29.8,27.4,25.6,25.1,24.7,24.6,94,86,74,1013.2,1010.5,1008.7,15.3,10.3,4.5,1.0
2015-11-14,29.8,27.5,25.6,25.3,24.6,23.9,94,84,70,1012.8,1010.8,1009.0,16.4,11.8,7.0,0.2
2015-11-15,29.5,27.4,25.9,25.0,24.6,24.0,91,85,76,1012.6,1010.7,1008.5,16.6,13.3,10.2,1.0
2015-11-16,28.7,26.9,24.7,25.2,24.5,23.9,96,87,75,1011.5,1009.5,1007.4,10.9,7.5,2.6,3.5
2015-11-17,28.7,27.1,25.4,24.7,24.3,23.9,93,85,77,1011.3,1009.1,1007.0,11.3,7.5,2.9,1.2
2015-11-18,29.7,27.3,25.3,24.9,24.3,23.8,94,84,71,1011.1,1008.4,1005.9,13.6,8.2,1.1,0.1
2015-11-19,29.7,27.4,25.4,24.7,24.3,23.7,93,84,71,1010.7,1008.8,1006.6,12.4,8.8,5.4,0.8
2015-11-20,29.9,27.5,25.9,25.5,24.9,24.4,93,86,77,1011.6,1009.4,1007.1,12.6,9.7,4.9,0.8
2015-11-21,29.1,27.3,25.3,25.4,24.8,24.3,95,86,75,1010.3,1008.1,1005.6,13.4,9.1,4.3,0.5
2015-11-22,29.2,27.4,25.9,25.2,24.7,24.2,93,85,74,1009.4,1007.7,1005.7,12.7,9.0,5.7,2.5
2015-11-23,29.5,27.5,26.4,25.2,24.8,24.1,91,85,78,1010.7,1008.4,1006.6,13.8,9.7,6.5,4.9
2015-11-24,29.3,27.2,25.7,25.6,24.8,24.3,92,87,80,1012.6,1010.4,1008.5,14.8,10.3,1.8,2.6
2015-11-25,29.7,27.5,25.7,25.5,24.9,24.6,96,86,75,1012.0,1009.7,1007.3,14.1,8.6,2.3,0.9
2015-11-26,29.0,27.4,26.3,25.4,24.8,24.2,91,86,77,1011.1,1008.7,1006.5,14.4,11.4,6.3,0.5
2015-11-27,29.8,27.6,25.9,25.2,24.5,24.0,91,83,74,1011.2,1009.1,1007.1,14.7,11.8,9.4,0.3
2015-11-28,30.1,27.6,26.0,25.1,24.8,24.4,92,85,74,1012.5,1010.0,1008.1,13.5,9.7,4.2,1.5
2015-11-29,29.3,27.4,25.6,25.1,24.8,24.4,95,86,78,1013.3,1011.1,1009.4,13.0,10.0,6.8,1.2
2015-11-30,30.7,27.7,25.2,25.1,24.6,23.9,96,84,68,1013.7,1011.6,1009.6,14.1,9.5,5.2,0.5
2015-12-01,30.4,27.7,25.7,25.0,24.7,24.2,95,84,70,1012.8,1011.2,1009.2,14.5,9.7,4.5,2.1
2015-12-02,28.8,27.1,25.6,24.9,24.6,24.2,95,86,78,1013.4,1011.2,1009.2,10.5,6.9,1.5,2.6
2015-12-03,29.3,27.0,25.1,24.8,24.0,22.9,95,84,70,1013.4,1011.2,1009.4,10.0,7.1,0.7,2.6
2015-12-04,31.1,27.2,24.4,23.2,20.5,16.0,93,69,40,1014.0,1011.3,1009.0,11.7,7.0,0.8,0.0
2015-12-05,30.7,27.0,23.3,22.6,20.5,17.2,92,70,45,1013.0,1011.1,1009.0,11.6,6.9,3.6,0.0
2015-12-06,31.6,27.2,23.3,22.9,20.9,17.8,92,71,45,1013.8,1011.4,1009.3,11.2,7.7,2.9,0.0
2015-12-07,31.9,27.3,23.7,23.4,20.1,15.3,94,68,37,1014.3,1011.5,1008.6,11.8,7.5,1.1,0.0
2015-12-08,31.6,27.0,23.6,22.5,18.0,13.9,91,61,35,1013.5,1011.0,1007.9,12.7,9.4,4.0,0.0
2015-12-09,31.1,26.6,22.2,22.6,20.0,15.5,92,70,40,1014.1,1011.6,1009.3,12.7,6.9,1.1,0.0
2015-12-10,31.5,26.8,23.0,23.1,20.6,17.0,92,71,43,1014.0,1011.4,1009.4,12.3,8.0,2.3,0.0
2015-12-11,31.8,27.1,23.4,23.1,21.4,18.8,93,73,46,1014.7,1012.1,1009.8,12.4,7.3,2.3,0.0
2015-12-12,31.7,27.0,23.3,22.8,20.1,15.2,94,69,38,1013.9,1011.7,1009.4,14.0,9.6,2.7,0.0
2015-12-13,31.6,26.8,23.0,22.8,20.0,16.1,93,69,40,1013.4,1011.1,1008.4,12.6,8.6,3.9,0.0
2015-12-14,31.7,26.8,22.0,22.1,20.1,16.7,95,69,41,1013.1,1010.8,1008.5,11.3,8.0,4.0,0.0
2015-12-15,32.3,26.8,22.4,21.8,16.3,9.8,90,58,26,1013.6,1010.8,1008.5,14.1,10.2,1.1,0.0
2015-12-16,31.2,25.9,21.7,20.4,14.3,8.6,86,53,26,1014.0,1011.4,1008.8,12.6,9.9,2.1,0.0
2015-12-17,31.0,26.0,21.3,19.6,14.1,6.9,81,53,23,1013.2,1011.3,1009.5,13.0,9.7,2.6,0.0
2015-12-18,32.5,27.0,22.1,19.3,14.1,7.6,78,49,22,1014.0,1011.8,1009.7,13.5,9.8,3.6,0.0
2015-12-19,32.3,27.3,22.5,20.3,15.9,8.5,76,54,24,1014.2,1011.8,1009.5,12.1,8.0,1.0,0.0
2015-12-20,32.3,27.1,22.8,21.3,16.1,9.1,87,55,25,1014.2,1011.8,1009.2,10.9,8.8,4.0,0.0
2015-12-21,32.5,27.4,22.9,20.3,15.9,9.9,79,53,27,1013.9,1011.3,1008.7,12.2,8.7,3.3,0.0
2015-12-22,32.7,27.2,22.5,21.1,16.6,10.6,84,57,27,1014.0,1011.4,1008.8,13.0,8.9,3.2,0.0
2015-12-23,32.1,26.5,20.9,20.5,15.8,9.2,85,57,25,1013.6,1011.1,1008.6,13.7,8.8,2.0,0.0
2015-12-24,32.0,26.7,22.0,21.1,16.0,9.2,90,57,25,1014.4,1011.7,1009.2,12.1,7.8,1.1,0.0
2015-12-25,32.4,26.5,21.5,20.4,15.0,8.3,85,55,23,1014.2,1011.5,1008.5,14.0,8.6,1.1,0.0
2015-12-26,31.8,26.2,21.1,20.4,14.1,9.6,83,51,27,1013.5,1010.6,1008.0,11.5,9.6,6.1,0.0
2015-12-27,32.0,26.2,20.6,20.7,16.4,10.5,88,59,29,1012.4,1009.8,1007.3,11.2,8.1,0.7,0.0
2015-12-28,32.3,26.2,21.1,22.7,18.2,13.2,89,65,34,1013.3,1010.7,1008.6,14.1,8.5,2.2,0.0
2015-12-29,32.0,26.3,22.3,23.0,20.5,16.0,94,74,39,1014.4,1011.8,1009.3,12.7,8.3,2.5,0.0
2015-12-30,31.6,26.4,23.2,23.7,21.9,18.0,99,79,44,1014.8,1011.8,1009.0,15.0,8.1,1.3,0.0
2015-12-31,31.9,27.0,23.7,24.0,22.7,19.7,97,80,49,1013.9,1011.4,1008.7,16.8,9.3,0.7,0.0
2016-01-01,32.0,27.2,24.1,24.0,21.8,18.1,96,75,44,1013.5,1011.1,1008.7,10.6,7.5,2.2,0.0
2016-01-02,32.0,27.1,23.2,23.1,16.7,9.5,92,58,26,1013.9,1010.9,1008.7,13.0,9.2,2.1,0.0
2016-01-03,33.0,27.1,22.4,20.9,16.0,9.8,88,56,25,1012.8,1010.2,1007.5,11.8,8.4,1.1,0.0
2016-01-04,33.3,27.1,22.3,21.2,16.3,10.5,86,56,26,1012.3,1009.7,1007.0,13.7,9.0,3.7,0.0
2016-01-05,31.9,26.5,21.7,22.5,20.0,17.6,90,70,43,1012.5,1010.2,1007.8,14.5,7.9,0.7,0.0
2016-01-06,31.9,27.0,23.0,23.4,21.7,19.3,95,75,48,1013.2,1010.4,1007.9,12.3,8.8,3.9,0.0
2016-01-07,33.8,27.8,23.6,23.9,20.5,14.9,96,69,33,1012.4,1010.1,1007.4,15.5,8.9,4.0,0.0
2016-01-08,31.8,26.8,22.8,24.5,22.6,20.7,99,79,52,1013.5,1010.9,1008.4,16.9,7.8,1.1,0.0
2016-01-09,31.5,27.5,25.3,24.5,23.3,21.2,93,79,55,1014.1,1011.7,1009.2,17.3,12.3,5.9,0.0
2016-01-10,31.8,27.7,25.3,24.9,23.7,21.9,93,80,56,1012.9,1010.6,1008.0,18.1,12.8,6.6,0.0
2016-01-11,31.5,27.7,25.7,24.9,24.0,22.4,95,82,59,1011.9,1009.7,1007.3,17.6,10.7,2.4,0.0
2016-01-12,31.5,27.7,25.4,24.9,24.0,22.2,96,82,58,1011.1,1008.7,1006.7,14.2,9.9,1.3,0.1
2016-01-13,32.0,27.9,25.9,24.9,23.9,21.7,95,81,55,1011.6,1009.1,1007.1,16.1,11.5,3.8,0.1
2016-01-14,31.9,27.9,25.7,24.8,23.8,21.5,94,80,54,1011.2,1008.9,1006.4,14.5,11.7,5.6,0.0
2016-01-15,32.7,28.2,25.6,25.4,24.1,21.3,94,80,52,1011.4,1008.9,1006.5,17.8,12.8,5.2,0.0
2016-01-16,31.9,28.1,26.2,25.6,24.7,23.1,95,83,60,1010.9,1009.4,1007.1,18.1,12.8,8.7,0.2
2016-01-17,30.8,27.8,26.2,25.6,24.8,23.4,95,84,66,1011.4,1009.4,1007.0,16.6,12.6,9.7,0.7
2016-01-18,30.2,27.5,25.7,25.4,24.5,23.4,96,84,68,1011.8,1009.5,1006.8,17.8,11.1,6.2,1.1
2016-01-19,28.8,26.9,25.8,24.8,24.4,23.7,92,86,74,1012.1,1009.8,1007.7,14.4,10.3,7.1,3.4
2016-01-20,29.5,27.1,25.3,24.7,24.3,23.8,94,85,74,1011.9,1009.2,1007.3,13.8,8.3,1.5,0.3
2016-01-21,31.5,27.8,25.6,25.0,24.0,22.1,94,81,57,1011.8,1009.4,1006.6,18.7,9.6,3.1,0.0
2016-01-22,32.0,27.9,25.6,24.8,23.8,20.8,93,80,52,1013.1,1010.4,1007.7,15.1,10.1,1.0,0.0
2016-01-23,31.7,27.8,25.5,25.3,23.7,20.6,96,80,52,1013.7,1011.3,1009.0,13.4,8.4,2.9,0.0
2016-01-24,31.9,28.1,26.0,25.4,23.8,20.8,95,79,52,1015.2,1012.9,1010.5,14.0,9.1,3.3,0.5
2016-01-25,32.0,27.3,23.9,24.9,15.3,7.3,95,54,22,1015.1,1013.0,1010.4,15.5,10.5,2.8,0.0
2016-01-26,31.5,26.8,22.0,20.6,17.6,12.8,82,60,33,1015.7,1013.4,1010.9,12.7,8.0,1.8,0.0
2016-01-27,32.0,26.6,21.9,20.4,14.9,7.1,87,55,23,1015.3,1012.1,1008.4,17.1,10.4,4.3,0.0
2016-01-28,31.8,26.4,20.7,21.0,14.7,7.1,87,55,22,1014.0,1011.1,1008.1,13.7,9.6,3.6,0.0
2016-01-29,32.7,26.9,22.1,20.6,14.2,7.3,82,50,22,1013.0,1010.2,1007.3,16.0,10.0,4.0,0.0
2016-01-30,32.0,26.3,20.5,21.1,14.8,7.5,87,55,23,1013.1,1010.6,1008.1,12.2,9.1,1.8,0.0
2016-01-31,31.7,25.9,20.4,22.7,16.8,10.3,91,62,29,1013.5,1011.1,1008.9,13.8,8.1,1.1,0.0
2016-02-01,31.4,26.1,23.5,23.4,21.7,18.6,96,79,47,1013.0,1010.3,1007.7,14.7,10.9,6.5,0.0
2016-02-02,30.6,26.1,23.7,23.6,22.2,20.2,97,81,54,1012.2,1009.7,1006.7,14.7,10.2,4.6,0.0
2016-02-03,30.9,26.5,24.1,23.8,22.5,20.6,96,81,54,1012.4,1009.8,1007.7,15.7,10.3,4.9,0.0
2016-02-04,31.4,26.9,24.5,24.1,23.0,21.6,95,81,56,1012.9,1010.3,1007.9,18.5,11.1,4.9,0.0
2016-02-05,32.4,27.4,25.0,24.6,23.3,21.1,96,80,52,1011.9,1009.8,1007.2,18.2,11.8,5.3,0.0
2016-02-06,32.7,27.6,25.3,24.7,23.4,20.7,96,80,49,1013.2,1010.6,1007.9,18.5,10.6,0.8,0.0
2016-02-07,31.5,27.4,25.0,24.5,23.5,21.6,96,81,56,1013.9,1011.6,1009.8,19.5,11.2,5.2,0.0
2016-02-08,32.0,27.6,25.0,25.0,23.6,21.7,96,80,54,1015.0,1012.2,1010.2,18.3,11.8,3.3,0.0
2016-02-09,34.0,28.3,25.3,25.1,22.9,17.9,97,76,39,1014.1,1011.4,1008.5,18.3,10.2,2.5,0.0
2016-02-10,34.4,28.1,24.3,24.7,20.8,13.9,97,70,30,1012.6,1009.7,1006.2,17.0,10.4,5.6,0.0
2016-02-11,32.5,27.4,24.2,24.2,22.3,18.5,95,77,44,1012.5,1009.7,1007.1,17.2,10.8,3.6,0.0
2016-02-12,31.8,27.3,24.6,24.7,22.9,20.5,96,79,51,1012.4,1009.8,1007.9,17.2,10.8,2.4,0.0
2016-02-13,31.6,27.6,25.2,24.6,23.3,21.3,94,79,55,1012.0,1010.0,1007.9,19.0,12.8,6.6,0.0
2016-02-14,31.8,28.1,25.6,25.3,24.0,22.4,93,79,58,1012.5,1010.1,1007.3,16.6,12.6,9.0,0.0
2016-02-15,31.5,28.3,26.2,25.4,24.6,23.3,95,82,62,1010.8,1008.6,1005.8,16.2,13.5,11.1,0.0
2016-02-16,31.8,28.4,26.4,25.7,25.0,24.0,94,83,63,1011.4,1009.2,1007.0,16.5,12.4,9.1,0.0
2016-02-17,32.0,28.5,26.5,25.7,25.1,24.1,95,83,64,1012.5,1010.0,1007.6,18.4,13.0,8.2,0.1
2016-02-18,31.7,28.3,26.6,25.7,25.1,24.0,94,84,64,1011.7,1009.4,1007.2,19.8,13.5,9.5,0.9
2016-02-19,32.1,28.5,26.5,25.6,24.7,23.3,93,81,60,1010.1,1007.5,1005.2,19.6,14.3,10.9,0.0
2016-02-20,32.3,28.8,26.9,25.9,25.2,24.1,93,82,62,1009.1,1007.1,1004.8,18.4,15.3,11.6,0.0
2016-02-21,31.3,28.4,26.5,26.1,25.3,24.3,96,84,67,1010.6,1008.1,1005.6,17.7,12.0,6.4,1.4
2016-02-22,32.0,28.6,26.8,25.9,25.2,24.8,92,83,67,1011.1,1008.4,1005.8,17.1,14.1,9.8,0.9
2016-02-23,32.1,28.7,26.5,26.0,25.3,24.1,94,83,63,1010.6,1008.1,1006.1,18.1,13.4,7.0,0.8
2016-02-24,32.7,29.0,27.0,26.0,25.2,23.7,92,81,59,1010.1,1008.0,1005.3,16.6,12.9,10.4,0.1
2016-02-25,31.6,28.6,26.9,25.9,25.1,23.8,93,82,64,1011.2,1008.6,1006.1,17.8,13.6,9.7,2.9
2016-02-26,31.9,28.7,26.9,25.8,25.1,24.0,92,81,63,1011.9,1008.8,1006.4,18.7,14.7,12.2,0.5
2016-02-27,31.9,28.6,26.9,25.7,25.3,24.6,92,83,67,1009.6,1007.6,1005.6,19.2,15.6,9.9,0.4
2016-02-28,31.8,28.5,26.6,25.6,25.1,24.2,94,83,65,1010.2,1007.9,1006.0,19.7,16.1,10.5,0.1
2016-02-29,31.3,28.4,26.8,25.7,25.2,24.4,93,83,69,1011.9,1009.1,1006.4,18.9,14.2,11.2,0.9
2016-03-01,31.1,28.5,27.1,25.5,25.2,24.4,90,82,69,1014.0,1010.7,1008.5,19.7,15.7,12.4,3.2
2016-03-02,31.2,28.6,27.0,25.5,25.0,24.6,90,81,68,1012.7,1009.7,1006.8,20.9,17.2,15.7,0.5
2016-03-03,31.6,28.7,26.8,25.6,24.4,23.2,90,79,61,1009.3,1007.4,1005.3,17.5,13.3,10.6,0.0
2016-03-04,33.0,29.2,26.9,25.8,25.0,23.7,92,79,58,1009.4,1007.4,1005.1,20.5,14.3,10.2,0.0
2016-03-05,30.3,28.4,27.5,26.0,25.5,25.2,89,85,74,1011.6,1009.4,1007.5,19.1,12.8,7.7,1.1
2016-03-06,30.8,28.5,27.2,25.8,25.3,24.6,92,83,70,1011.4,1009.5,1007.3,19.8,13.1,7.7,1.1
2016-03-07,32.7,28.9,26.8,25.9,24.8,23.1,94,79,58,1010.8,1008.1,1005.1,17.7,10.7,4.0,0.0
2016-03-08,31.3,28.6,26.5,25.3,24.8,23.7,93,80,65,1010.8,1008.5,1005.5,14.6,10.9,4.8,0.4
2016-03-09,32.6,29.0,27.0,26.0,25.1,23.9,92,81,61,1009.9,1008.1,1005.8,18.4,15.2,12.4,0.1
2016-03-10,32.1,29.0,27.3,25.9,25.3,24.2,91,81,65,1010.3,1008.3,1006.3,20.1,17.0,14.8,0.6
2016-03-11,31.2,27.9,26.5,25.9,25.1,24.4,92,85,69,1010.4,1008.7,1007.1,22.0,16.9,11.7,9.4
2016-03-12,30.9,28.2,26.2,25.3,25.0,24.6,92,83,70,1011.4,1009.5,1007.0,21.8,15.1,11.3,1.0
2016-03-13,29.5,27.2,25.0,25.4,24.8,23.9,95,87,78,1011.5,1010.3,1008.9,14.3,9.2,2.5,16.6
2016-03-14,29.2,27.1,25.5,25.2,24.7,24.1,93,87,77,1014.1,1011.3,1009.1,13.2,8.8,2.7,8.0
2016-03-15,32.1,28.6,25.6,25.8,25.2,24.6,94,82,67,1012.2,1010.3,1008.2,16.5,8.9,2.2,0.3
2016-03-16,31.3,28.3,26.0,25.5,25.1,24.5,94,83,70,1012.7,1010.5,1008.4,14.8,9.8,1.8,3.4
2016-03-17,31.1,28.2,26.1,25.8,25.3,24.4,92,85,72,1012.8,1010.3,1007.0,15.3,13.0,9.9,9.9
2016-03-18,29.0,27.3,26.2,25.3,24.9,24.7,92,87,79,1012.7,1010.4,1008.1,14.6,10.2,4.4,8.4
2016-03-19,30.1,28.0,26.9,25.8,25.3,25.0,92,85,78,1011.6,1009.9,1008.1,16.0,13.0,9.4,5.8
2016-03-20,30.3,28.2,26.8,25.8,25.4,24.9,93,85,75,1012.2,1010.4,1008.5,14.0,12.0,9.7,3.5
2016-03-21,28.9,27.2,25.9,25.7,25.1,24.5,94,89,81,1013.6,1010.9,1008.6,15.7,11.0,3.4,12.8
2016-03-22,30.4,28.2,26.6,25.2,24.9,24.5,91,83,71,1012.3,1010.2,1008.1,16.8,11.4,7.2,0.1
2016-03-23,31.3,28.5,26.9,26.4,25.5,24.9,92,84,73,1010.8,1008.7,1005.4,21.1,15.4,11.1,0.4
2016-03-24,29.9,27.2,25.7,25.8,25.0,24.3,94,88,79,1012.6,1009.1,1006.7,19.2,14.1,7.8,17.6
2016-03-25,30.7,28.1,26.4,25.8,25.3,25.0,92,85,75,1012.8,1010.6,1008.3,14.7,12.6,10.2,4.1
2016-03-26,30.5,27.9,26.7,25.7,25.4,24.9,92,87,74,1012.8,1010.8,1008.8,14.5,11.9,8.4,7.7
2016-03-27,30.2,28.1,26.8,26.5,25.8,25.4,92,88,81,1012.2,1010.0,1007.9,13.8,11.6,8.8,4.6
2016-03-28,30.6,28.3,26.9,26.3,25.9,25.7,94,87,76,1010.7,1008.7,1006.7,15.3,12.9,9.7,5.3
2016-03-29,30.9,28.5,27.4,26.6,26.1,25.4,93,87,77,1010.6,1008.2,1006.2,18.7,15.4,12.2,4.1
2016-03-30,30.3,28.4,27.3,26.5,25.9,25.0,92,87,80,1011.1,1009.2,1007.5,19.2,15.0,12.8,2.6
2016-03-31,30.5,28.1,27.0,26.0,25.6,24.9,92,87,76,1011.7,1009.9,1008.3,17.2,14.5,10.8,2.2
2016-04-01,29.8,27.5,26.6,25.7,25.2,24.8,92,87,78,1011.3,1009.2,1007.1,23.7,18.5,12.3,7.9
2016-04-02,29.9,27.7,26.1,25.8,25.1,24.3,91,86,77,1011.2,1008.9,1006.7,16.6,13.6,6.7,1.5
2016-04-03,30.4,28.2,26.6,26.1,25.7,25.4,93,87,77,1010.9,1008.9,1006.9,14.8,10.4,4.9,0.4
2016-04-04,30.7,28.4,26.9,26.0,25.8,25.5,94,86,76,1011.8,1009.2,1007.4,19.8,15.4,9.7,0.4
2016-04-05,30.8,28.2,26.7,25.9,25.5,25.0,93,86,75,1010.9,1008.7,1006.0,22.4,17.3,10.9,1.1
2016-04-06,30.1,27.5,26.2,25.7,25.1,24.7,92,87,77,1010.0,1007.9,1005.7,20.1,17.0,12.7,8.9
2016-04-07,30.0,27.6,25.5,25.7,24.8,24.0,92,85,78,1011.5,1009.4,1007.4,15.5,11.9,8.1,5.7
2016-04-08,30.7,28.0,26.3,25.7,25.2,25.0,93,85,73,1011.8,1009.5,1007.4,17.9,11.1,5.5,3.9
2016-04-09,30.6,27.8,25.9,25.7,25.2,24.6,95,86,74,1012.3,1010.1,1008.1,16.4,10.7,2.6,8.5
2016-04-10,29.6,27.5,25.9,25.5,25.1,24.8,94,87,78,1011.3,1009.3,1007.7,17.6,10.5,4.5,1.1
2016-04-11,30.3,28.0,26.7,25.6,25.4,25.2,92,86,75,1011.1,1009.2,1007.7,14.7,11.3,8.0,6.9
2016-04-12,30.4,28.2,26.8,25.7,25.3,24.8,93,85,74,1011.9,1009.4,1007.7,15.5,11.7,7.3,2.0
2016-04-13,30.5,28.4,26.8,25.8,25.3,24.9,91,84,73,1009.3,1007.8,1006.4,14.5,10.7,5.9,0.0
2016-04-14,31.0,28.5,26.8,25.9,25.6,25.1,94,84,72,1009.0,1007.1,1004.1,20.6,15.2,10.7,0.6
2016-04-15,29.8,27.7,26.0,26.0,25.6,25.2,96,88,77,1010.8,1008.7,1005.9,21.7,12.7,4.2,10.2
2016-04-16,30.4,28.2,26.8,25.7,25.3,24.8,92,84,73,1012.1,1010.0,1007.9,16.8,13.2,7.0,0.4
2016-04-17,30.6,28.4,27.0,25.9,25.4,24.9,92,84,73,1012.7,1010.5,1009.0,14.7,11.3,5.6,0.2
2016-04-18,30.7,28.4,26.7,25.8,25.2,24.7,93,83,72,1013.5,1011.3,1009.3,15.3,13.5,7.6,1.9
2016-04-19,31.2,28.7,26.9,25.7,25.3,24.8,91,82,72,1012.1,1010.1,1006.9,13.4,8.8,5.4,0.7
2016-04-20,31.4,28.9,27.3,25.6,25.4,24.9,90,82,71,1011.5,1009.3,1007.0,16.7,13.5,9.0,2.2
2016-04-21,31.6,29.0,27.3,25.7,25.4,25.0,90,81,69,1011.4,1009.3,1007.1,16.1,13.1,10.9,0.8
2016-04-22,31.2,28.9,27.3,25.8,25.4,24.8,91,82,69,1010.9,1008.9,1006.8,16.4,13.0,9.0,1.3
2016-04-23,31.4,29.1,27.4,25.8,25.2,24.3,90,80,67,1009.9,1008.1,1006.0,16.1,14.2,12.3,0.1
2016-04-24,31.9,28.7,27.5,25.8,25.5,25.0,90,83,69,1009.0,1007.4,1005.5,18.7,16.6,13.3,6.2
2016-04-25,31.4,28.7,27.3,26.1,25.6,25.3,91,83,71,1009.1,1007.2,1005.5,17.3,15.2,12.6,2.2
2016-04-26,30.9,28.0,26.8,25.9,25.4,24.8,93,86,74,1009.6,1007.7,1006.5,18.7,15.6,11.4,6.3
2016-04-27,30.5,27.9,26.6,26.2,25.5,24.8,93,87,77,1010.5,1008.6,1007.1,17.4,14.0,9.2,5.1
2016-04-28,30.2,28.0,26.8,26.0,25.3,24.7,93,85,77,1010.9,1008.7,1007.1,13.3,10.3,4.4,7.0
2016-04-29,30.7,28.3,26.1,25.1,24.8,24.4,94,82,70,1010.1,1008.3,1006.6,13.9,9.6,4.7,0.1
2016-04-30,30.1,28.1,27.1,25.5,25.2,24.9,89,85,75,1010.6,1008.6,1006.8,15.3,12.1,9.0,8.5
2016-05-01,31.0,28.1,26.9,25.8,25.3,24.9,91,85,74,1009.3,1007.6,1006.0,17.3,14.7,11.8,3.1
2016-05-02,29.7,27.8,26.7,25.9,25.3,24.7,92,86,79,1010.2,1007.9,1006.3,16.8,14.1,9.3,4.5
2016-05-03,30.3,28.0,26.5,25.3,25.0,24.8,93,84,73,1011.6,1009.4,1007.5,17.8,12.1,7.6,5.0
2016-05-04,30.0,28.1,27.0,25.5,25.1,24.5,90,84,76,1012.3,1010.3,1008.4,16.9,11.1,4.4,7.4
2016-05-05,30.2,28.1,26.4,25.3,25.0,24.7,93,84,73,1011.7,1010.1,1008.1,17.4,10.3,1.1,1.1
2016-05-06,29.8,27.6,26.4,25.9,25.1,24.6,92,86,78,1011.5,1009.9,1008.2,16.9,13.8,10.8,11.8
2016-05-07,29.8,27.8,26.4,25.7,25.1,24.7,92,86,78,1012.3,1010.1,1007.4,18.6,16.0,13.1,2.8
2016-05-08,29.5,27.4,26.4,24.9,24.7,24.4,91,85,75,1012.6,1010.8,1008.9,16.5,12.3,6.9,6.9
2016-05-09,30.2,28.0,26.0,25.6,25.0,24.5,94,84,76,1012.8,1011.0,1009.3,14.7,10.2,4.6,0.7
2016-05-10,30.5,28.2,26.5,25.4,25.0,24.8,91,83,73,1013.3,1011.0,1008.3,12.8,10.4,7.0,0.9
2016-05-11,31.0,28.6,26.9,25.4,25.0,24.7,89,81,69,1011.4,1010.0,1008.1,15.3,11.4,8.7,0.0
2016-05-12,28.3,27.2,26.2,25.6,25.1,24.4,93,88,80,1011.6,1009.7,1007.8,17.3,11.7,3.5,4.8
2016-05-13,29.7,27.6,26.1,25.3,24.9,24.5,92,85,75,1011.4,1009.8,1008.0,18.1,12.3,8.7,2.9
2016-05-14,30.2,27.2,25.7,25.6,24.7,24.2,92,87,76,1013.1,1010.9,1008.9,19.4,13.5,9.2,4.2
2016-05-15,29.6,26.9,25.3,25.7,24.6,23.9,93,87,80,1013.6,1012.3,1010.7,17.7,11.4,6.4,12.0
2016-05-16,27.2,26.2,24.9,24.9,24.3,23.4,93,90,86,1014.8,1012.5,1010.6,14.5,9.0,4.5,16.3
2016-05-17,29.3,26.7,25.0,25.1,24.4,23.9,95,87,78,1013.7,1012.3,1010.7,17.1,10.6,4.8,18.4
2016-05-18,28.2,26.3,25.3,25.3,24.6,24.1,96,90,84,1014.5,1012.1,1010.0,12.6,7.0,3.5,14.5
2016-05-19,29.5,27.0,25.0,24.6,24.4,24.2,96,86,74,1013.6,1011.7,1009.6,13.9,10.5,7.4,5.1
2016-05-20,30.2,27.7,26.3,25.3,24.7,24.2,89,84,74,1012.6,1010.5,1008.5,17.4,12.6,10.0,2.0
2016-05-21,29.0,27.0,25.8,25.2,24.7,24.4,93,87,79,1012.3,1010.4,1008.8,15.6,12.7,9.0,9.4
2016-05-22,29.1,26.6,25.3,25.4,24.6,23.9,94,89,80,1014.7,1011.8,1010.0,16.4,12.7,8.9,18.7
2016-05-23,26.1,25.6,25.2,25.0,24.4,23.5,96,93,88,1015.7,1014.0,1012.3,19.4,9.7,3.3,66.4
2016-05-24,27.5,26.1,24.4,25.5,24.4,23.7,96,91,84,1015.3,1013.6,1012.0,13.1,7.1,2.6,6.5
2016-05-25,29.2,26.9,24.7,24.9,24.3,23.9,95,86,77,1014.7,1012.5,1010.4,12.7,7.3,1.6,4.6
2016-05-26,29.2,27.1,24.9,25.3,24.6,23.7,95,87,76,1012.6,1011.0,1008.6,9.8,7.4,2.1,4.0
2016-05-27,29.2,27.3,26.0,25.1,24.7,24.5,92,86,78,1013.5,1011.7,1010.3,19.5,13.3,8.9,4.9
2016-05-28,29.0,27.1,25.7,24.8,24.5,24.2,93,86,75,1014.2,1012.7,1011.0,18.9,10.9,3.8,1.7
2016-05-29,28.1,26.1,24.9,24.9,24.2,23.9,94,89,81,1013.3,1011.9,1010.2,16.3,11.6,6.0,15.6
2016-05-30,28.4,26.0,24.7,24.6,23.9,23.4,94,89,79,1012.7,1011.2,1009.0,13.7,8.2,4.0,10.8
2016-05-31,27.4,26.3,25.1,25.5,24.6,24.0,97,91,86,1012.9,1011.2,1009.6,10.0,4.6,0.8,10.6
2016-06-01,29.6,27.3,24.5,25.4,24.6,23.9,96,86,76,1013.8,1011.8,1009.8,14.0,7.9,2.5,0.9
2016-06-02,29.6,27.3,25.5,25.1,24.5,24.0,93,85,76,1013.8,1012.0,1010.7,13.1,8.3,5.0,8.3
2016-06-03,29.1,26.7,25.1,25.3,24.5,24.2,96,88,80,1013.9,1012.2,1010.9,13.7,6.8,2.8,8.3
2016-06-04,29.4,27.1,25.2,25.3,24.5,24.0,93,86,78,1013.2,1011.2,1009.4,14.0,9.6,5.8,4.6
2016-06-05,29.0,27.3,25.2,25.2,24.6,24.1,94,85,78,1014.0,1011.3,1009.4,15.6,11.3,4.5,4.9
2016-06-06,28.9,26.9,25.2,25.2,24.6,24.2,95,88,81,1013.6,1011.3,1009.9,17.6,10.2,5.0,6.1
2016-06-07,27.6,26.5,25.2,24.6,24.3,23.7,95,88,83,1014.9,1012.0,1010.6,14.7,7.0,0.4,6.5
2016-06-08,28.5,26.5,25.0,24.7,24.4,24.1,95,88,80,1013.4,1011.7,1010.3,16.8,8.7,1.1,11.9
2016-06-09,28.3,26.3,25.3,24.7,24.3,23.7,94,89,80,1012.9,1011.5,1009.6,18.2,13.4,6.5,18.1
2016-06-10,28.6,26.7,25.5,24.9,24.1,23.7,91,86,80,1013.8,1011.9,1010.4,15.8,10.0,3.8,1.2
2016-06-11,26.9,25.7,24.9,24.2,23.8,23.4,93,89,84,1014.9,1013.0,1011.4,19.8,13.0,2.6,9.7
2016-06-12,27.3,25.8,25.0,24.4,23.7,23.0,93,89,84,1015.0,1013.7,1012.3,19.0,15.1,12.4,12.5
2016-06-13,27.6,25.8,24.6,24.9,23.7,22.8,92,88,84,1015.5,1013.7,1012.2,17.4,14.7,11.0,16.2
2016-06-14,26.8,25.5,24.6,24.0,23.4,23.1,93,88,83,1016.7,1014.5,1012.9,18.8,13.4,6.4,12.5
2016-06-15,28.2,25.7,24.3,23.6,23.2,22.9,93,87,73,1016.5,1014.8,1013.4,22.5,18.7,14.1,14.0
2016-06-16,26.1,25.1,23.9,23.9,23.0,22.0,96,88,81,1016.1,1014.2,1012.7,19.4,15.1,8.4,10.4
2016-06-17,27.6,25.7,23.9,23.9,23.2,22.1,93,86,79,1015.6,1013.6,1011.8,14.2,10.4,5.7,5.4
2016-06-18,28.6,26.2,24.6,24.7,23.8,23.3,93,87,79,1015.0,1013.0,1010.6,17.9,13.3,8.0,2.5
2016-06-19,26.6,25.5,24.5,23.8,23.4,23.0,92,88,84,1013.9,1012.3,1010.6,21.1,17.7,12.0,12.3
2016-06-20,25.7,24.6,24.1,23.3,22.9,22.6,93,90,85,1014.8,1013.3,1011.6,17.2,13.8,11.2,16.4
2016-06-21,26.9,25.1,23.6,23.9,23.1,22.6,95,89,83,1015.4,1013.3,1011.5,15.3,10.5,4.7,9.2
2016-06-22,28.0,25.7,24.0,23.7,23.0,22.8,94,85,77,1014.7,1013.1,1011.2,15.8,10.8,4.7,0.6
2016-06-23,27.8,25.9,24.4,23.3,22.8,22.6,89,83,76,1014.6,1012.8,1010.8,18.1,15.0,12.0,1.0
2016-06-24,25.6,24.8,24.2,23.3,22.9,22.5,92,89,85,1013.9,1012.2,1010.5,16.6,12.7,9.3,31.0
2016-06-25,26.1,24.9,23.7,23.7,23.0,22.6,94,90,84,1014.2,1012.3,1010.9,16.8,13.3,9.5,16.5
2016-06-26,28.1,25.6,24.2,23.8,23.0,22.5,91,86,76,1014.6,1012.7,1011.2,17.2,15.0,11.0,3.8
2016-06-27,26.5,25.1,24.3,23.9,23.1,22.8,93,89,82,1015.0,1013.2,1011.9,18.2,14.3,9.3,53.1
2016-06-28,27.8,25.5,24.0,24.2,23.4,22.8,94,88,81,1016.1,1014.1,1012.4,16.1,12.6,9.4,39.1
2016-06-29,27.7,25.6,24.1,24.2,23.4,22.9,93,88,79,1015.4,1013.3,1011.4,19.5,14.0,9.5,2.6
2016-06-30,26.6,25.2,24.3,23.7,23.1,22.9,93,88,83,1016.0,1013.7,1011.9,18.4,14.2,9.9,5.1
2016-07-01,27.8,25.8,24.1,23.6,23.3,23.0,93,86,77,1016.1,1014.2,1012.3,16.1,11.9,8.1,0.4
2016-07-02,27.5,25.7,24.6,24.1,23.5,23.2,93,88,80,1015.8,1013.5,1011.5,15.3,11.7,8.9,1.4
2016-07-03,27.7,25.7,24.5,24.0,23.5,23.1,93,87,80,1015.8,1013.7,1011.5,17.8,12.9,9.9,3.8
2016-07-04,27.7,25.9,24.6,23.6,23.3,23.2,92,86,79,1015.3,1013.5,1012.2,19.4,16.0,11.2,0.7
2016-07-05,27.5,25.5,24.2,24.2,23.4,22.7,92,88,82,1016.2,1014.1,1012.5,17.1,14.9,12.5,5.0
2016-07-06,27.3,25.5,24.5,24.1,23.3,22.6,93,88,81,1015.1,1013.5,1011.3,17.8,13.5,10.7,5.4
2016-07-07,26.9,25.4,24.3,24.1,23.3,22.9,94,88,81,1014.6,1012.8,1011.3,17.1,13.9,8.5,2.6
2016-07-08,27.9,25.7,24.0,23.9,23.3,22.9,94,87,79,1014.8,1013.1,1011.1,18.6,15.4,12.7,2.1
2016-07-09,26.9,25.4,24.6,24.1,23.4,23.0,92,89,81,1013.8,1012.5,1010.8,18.8,16.2,13.6,6.1
2016-07-10,27.0,25.2,24.2,24.1,23.4,22.9,93,89,83,1014.3,1012.8,1011.3,18.8,16.2,13.0,5.3
2016-07-11,27.0,24.8,23.5,23.3,22.8,22.5,95,88,80,1014.8,1013.2,1011.7,19.1,15.8,12.7,4.5
2016-07-12,27.9,25.4,23.6,22.8,22.6,22.2,95,85,73,1014.1,1012.7,1010.5,20.4,16.5,12.8,1.2
2016-07-13,27.4,25.4,24.4,23.4,22.8,22.4,90,86,79,1014.4,1012.2,1010.4,17.1,15.2,13.2,1.1
2016-07-14,26.8,25.2,24.4,22.9,22.6,22.4,91,86,79,1013.5,1011.6,1009.8,21.4,15.9,12.3,3.2
2016-07-15,27.5,25.4,24.1,23.0,22.6,22.3,90,85,74,1012.3,1010.7,1009.2,19.9,16.8,13.6,1.7
2016-07-16,26.7,25.1,23.9,23.0,22.7,22.5,93,87,80,1012.5,1010.7,1008.7,21.8,17.4,13.2,5.7
2016-07-17,25.7,24.5,23.7,23.1,22.6,22.2,94,89,82,1013.5,1011.7,1010.3,20.8,17.9,11.2,18.3
2016-07-18,27.3,25.4,24.1,23.2,22.7,22.2,91,85,78,1014.9,1013.0,1011.2,16.1,12.3,10.1,0.9
2016-07-19,27.2,25.2,24.1,23.1,22.8,22.4,92,86,78,1014.6,1012.4,1010.5,15.7,13.1,8.9,2.2
2016-07-20,27.4,25.2,24.1,23.8,23.2,22.7,95,89,79,1013.5,1011.8,1010.3,19.3,15.1,10.3,6.8
2016-07-21,27.4,25.1,23.7,23.6,23.0,22.6,94,88,79,1013.8,1012.3,1010.9,17.6,14.4,11.1,10.0
2016-07-22,26.3,24.9,24.1,23.5,22.9,22.4,91,89,85,1014.4,1012.7,1011.1,18.0,14.7,11.3,10.7
2016-07-23,25.6,24.5,23.8,23.7,22.7,22.1,92,90,88,1014.1,1012.4,1010.8,18.2,15.9,12.6,12.0
2016-07-24,26.2,24.4,23.7,23.8,22.7,22.0,94,90,85,1013.6,1011.9,1010.0,16.9,14.0,9.0,21.9
2016-07-25,26.6,24.8,23.3,22.9,22.5,22.1,95,87,78,1013.2,1011.4,1009.7,21.9,18.7,15.1,0.8
2016-07-26,26.7,24.8,23.8,22.9,22.6,22.2,92,88,78,1013.4,1012.0,1010.5,18.8,15.3,11.1,2.1
2016-07-27,26.7,25.0,23.7,23.5,22.8,22.4,92,88,80,1014.0,1011.8,1010.5,13.2,11.6,8.8,1.3
2016-07-28,27.5,25.0,24.0,23.2,22.8,22.6,92,88,77,1014.1,1012.4,1011.1,17.9,14.5,8.9,4.5
2016-07-29,27.3,25.3,23.6,23.6,22.9,22.5,94,87,79,1014.1,1012.4,1010.2,16.8,12.0,7.6,0.4
2016-07-30,26.0,24.9,24.1,23.4,22.8,22.3,91,88,85,1014.3,1012.1,1010.3,17.9,14.4,10.6,8.8
2016-07-31,26.5,24.8,23.9,23.5,22.5,22.0,91,88,80,1014.5,1012.3,1010.3,17.6,13.5,9.8,8.2
2016-08-01,26.5,24.9,23.6,22.8,22.6,22.4,94,87,79,1014.7,1012.9,1010.9,18.2,15.8,12.2,1.5
2016-08-02,25.8,24.9,24.3,22.6,22.5,22.4,90,87,82,1014.8,1013.4,1011.8,20.6,18.0,14.8,0.8
2016-08-03,26.2,24.8,23.8,22.6,22.4,22.1,92,86,80,1014.0,1012.7,1010.7,21.1,17.7,12.9,1.8
2016-08-04,27.4,25.1,23.5,22.5,22.2,22.0,91,84,74,1014.0,1012.3,1010.6,17.8,14.2,11.0,0.0
2016-08-05,26.5,25.0,23.9,22.6,22.4,22.2,90,85,79,1014.4,1012.5,1010.7,19.9,17.1,14.3,0.2
2016-08-06,25.0,24.4,23.7,23.2,22.7,22.2,93,90,87,1014.1,1012.8,1011.4,20.9,17.6,13.5,4.6
2016-08-07,27.0,25.1,23.8,23.5,22.9,22.6,94,88,80,1014.3,1012.9,1011.6,21.4,17.3,13.3,0.3
2016-08-08,27.1,25.2,24.0,22.9,22.6,22.5,91,86,77,1014.5,1013.3,1012.3,16.8,15.0,10.9,0.4
2016-08-09,26.5,24.9,23.6,22.7,22.4,22.2,93,86,78,1014.9,1013.0,1011.4,17.1,13.9,10.2,0.7
2016-08-10,27.2,25.1,24.1,23.1,22.5,22.1,90,86,78,1014.7,1012.9,1010.8,16.5,13.2,10.3,4.0
2016-08-11,27.2,25.1,23.8,23.4,22.8,22.6,93,87,80,1015.0,1012.6,1009.9,17.7,12.4,9.7,3.1
2016-08-12,27.0,25.2,24.0,23.5,22.8,22.3,92,87,80,1014.3,1012.7,1010.8,16.5,13.8,10.2,3.5
2016-08-13,26.7,25.0,23.8,23.7,22.9,22.5,92,88,82,1014.0,1012.1,1010.2,18.9,14.9,12.2,5.0
2016-08-14,26.7,24.8,23.8,23.2,22.7,22.5,92,88,81,1013.8,1011.9,1009.9,18.8,16.4,13.3,1.4
2016-08-15,26.6,24.9,23.8,22.8,22.4,22.2,92,87,78,1014.3,1012.1,1010.0,23.2,18.0,13.9,0.7
2016-08-16,24.8,24.3,23.7,22.9,22.4,22.1,93,89,87,1014.3,1012.3,1010.1,20.5,17.0,14.1,2.5
2016-08-17,27.1,25.1,23.8,22.7,22.3,22.1,90,85,76,1015.1,1012.9,1011.2,16.6,14.5,12.1,0.7
2016-08-18,27.3,25.0,23.5,23.0,22.5,22.3,93,86,77,1014.6,1012.5,1010.4,15.3,12.5,9.4,0.3
2016-08-19,27.4,25.0,23.7,23.5,22.9,22.4,93,88,78,1014.7,1012.3,1010.2,15.3,13.0,9.4,2.9
2016-08-20,25.9,24.7,24.0,23.2,22.9,22.6,93,90,85,1014.2,1011.9,1010.3,14.4,11.1,7.0,7.4
2016-08-21,27.5,25.4,23.9,23.9,23.2,22.7,94,88,80,1014.0,1012.2,1010.5,16.5,12.6,8.8,0.6
2016-08-22,27.5,25.5,24.1,23.8,23.1,22.5,93,87,80,1013.8,1012.2,1010.3,18.3,14.3,10.3,2.8
2016-08-23,26.3,25.0,24.1,23.8,23.0,22.3,92,89,84,1014.6,1012.3,1010.1,19.5,14.3,10.8,9.7
2016-08-24,27.3,25.1,24.3,24.0,23.1,22.6,92,89,82,1014.4,1012.0,1010.1,20.2,15.7,12.1,6.7
2016-08-25,27.1,25.1,24.1,23.3,23.0,22.7,93,88,80,1013.9,1011.6,1009.3,19.2,15.4,12.4,8.0
2016-08-26,26.9,25.0,24.1,23.5,23.0,22.7,92,89,81,1013.0,1011.1,1009.1,20.6,16.1,13.3,7.7
2016-08-27,25.3,24.5,24.3,23.7,22.9,22.5,92,91,89,1012.4,1010.5,1008.8,20.9,17.3,13.2,14.4
2016-08-28,25.4,24.4,23.5,23.4,22.9,22.6,95,91,88,1015.0,1012.9,1011.1,18.9,14.4,2.3,15.0
2016-08-29,26.6,24.7,23.1,24.0,23.1,22.6,97,91,82,1015.3,1013.3,1010.8,15.6,9.2,0.7,1.7
2016-08-30,26.8,24.9,23.6,23.3,22.8,22.5,94,88,79,1014.8,1012.5,1010.0,17.1,11.3,5.4,3.8
2016-08-31,28.1,25.7,23.9,23.5,23.1,22.7,93,86,76,1014.5,1012.6,1010.7,16.7,12.0,8.9,0.5
2016-09-01,25.7,24.8,24.2,23.6,23.1,22.8,92,90,86,1015.7,1013.2,1011.6,15.0,10.4,6.9,13.8
2016-09-02,27.4,25.1,23.5,23.7,23.1,22.6,95,89,80,1013.7,1011.6,1009.2,17.3,12.7,8.4,1.7
2016-09-03,26.7,25.1,23.8,24.1,22.9,22.4,93,88,79,1013.0,1011.2,1009.4,16.6,11.3,8.4,7.0
2016-09-04,28.1,25.6,23.8,23.8,23.0,22.7,93,86,75,1013.6,1011.7,1010.2,15.9,12.3,7.8,1.7
2016-09-05,26.7,25.0,23.7,24.1,23.1,22.7,96,89,79,1014.9,1012.7,1011.5,16.6,11.9,7.2,8.1
2016-09-06,24.7,24.3,23.7,23.4,23.0,22.4,94,92,90,1015.5,1013.4,1012.2,12.5,9.9,3.2,78.3
2016-09-07,27.8,25.5,23.7,23.6,23.3,22.9,96,88,78,1014.7,1012.8,1011.2,15.5,10.3,3.3,0.8
2016-09-08,27.3,25.3,24.0,24.1,23.3,22.6,92,89,80,1014.4,1012.6,1010.6,15.4,11.8,8.4,7.5
2016-09-09,27.9,25.4,23.9,23.6,23.1,22.7,93,88,77,1014.4,1013.0,1011.9,17.1,12.8,8.8,6.7
2016-09-10,26.9,25.2,23.9,23.9,23.2,22.8,93,88,82,1015.9,1013.4,1011.9,15.4,11.4,6.8,4.8
2016-09-11,25.0,24.4,24.1,23.5,23.0,22.6,94,92,89,1014.6,1012.2,1010.2,16.7,13.7,7.0,47.0
2016-09-12,28.0,25.4,23.9,23.5,23.0,22.5,93,87,76,1013.7,1011.8,1009.2,22.9,17.0,12.9,5.5
2016-09-13,26.8,25.1,24.3,23.8,23.0,22.6,92,88,80,1013.3,1011.4,1009.9,18.3,15.6,11.8,11.4
2016-09-14,25.8,24.5,23.5,23.8,23.0,22.5,94,92,89,1013.9,1012.1,1010.8,16.2,12.4,9.4,12.2
2016-09-15,26.5,24.9,23.7,23.4,22.8,22.1,94,89,81,1015.2,1012.7,1011.0,12.9,10.5,6.6,11.5
2016-09-16,28.2,25.4,23.9,23.7,23.1,22.7,93,87,76,1015.3,1012.7,1010.3,13.3,10.1,3.8,3.5
2016-09-17,28.0,25.7,24.1,23.7,23.3,23.1,95,87,77,1013.9,1012.0,1009.7,12.6,9.3,4.2,5.1
2016-09-18,27.4,25.4,24.1,24.3,23.2,22.8,93,88,81,1014.5,1012.2,1010.2,13.0,9.7,6.3,3.7
2016-09-19,28.0,25.5,24.2,24.2,23.3,23.0,93,88,77,1014.4,1012.0,1010.0,17.4,11.3,7.0,5.9
2016-09-20,27.6,25.4,24.1,23.7,23.2,22.9,94,88,79,1012.4,1010.8,1009.3,16.6,11.2,7.4,7.0
2016-09-21,27.8,25.4,23.7,24.3,23.4,22.8,95,89,81,1013.0,1011.1,1009.4,14.8,9.5,4.3,5.1
2016-09-22,27.7,25.7,24.8,24.4,23.6,23.2,91,88,81,1014.1,1011.9,1010.4,16.5,11.5,8.0,7.4
2016-09-23,28.2,25.6,23.8,23.9,23.5,23.0,95,88,76,1014.3,1012.3,1010.6,18.1,11.9,6.6,9.4
2016-09-24,27.1,25.2,24.1,23.7,23.3,22.8,95,90,81,1013.3,1011.2,1009.3,15.6,11.5,8.4,13.4
2016-09-25,27.4,25.0,23.9,24.0,23.1,22.5,94,90,78,1013.6,1010.9,1009.2,16.2,11.1,7.9,8.7
2016-09-26,27.6,25.4,23.5,23.8,23.1,22.5,95,87,77,1013.9,1011.2,1009.1,13.2,8.1,1.4,4.7
2016-09-27,28.5,25.7,23.7,23.8,23.4,23.0,96,87,75,1013.6,1011.6,1009.6,13.3,6.7,0.8,5.7
2016-09-28,28.0,25.9,23.6,24.7,23.7,23.0,97,88,76,1013.1,1011.3,1009.0,14.4,9.5,2.8,1.3
2016-09-29,28.5,26.0,24.3,24.6,23.6,23.1,95,87,76,1013.3,1011.1,1008.8,13.0,7.8,4.7,2.9
2016-09-30,28.8,26.2,24.9,24.8,23.9,23.5,93,87,79,1013.2,1010.7,1008.7,14.5,10.4,4.9,5.7
2016-10-01,27.4,25.1,24.0,24.7,23.5,22.9,94,91,82,1011.6,1010.1,1008.5,14.1,8.8,2.9,35.8
2016-10-02,27.3,25.6,24.5,23.9,23.6,23.2,93,89,81,1012.2,1010.6,1009.1,15.6,11.8,8.0,2.2
2016-10-03,29.0,26.4,24.8,24.9,24.0,23.6,93,87,78,1012.5,1010.5,1008.4,12.6,9.8,7.1,3.4
2016-10-04,28.7,26.3,25.0,25.1,24.4,24.1,95,90,81,1013.1,1010.4,1008.1,15.5,11.2,6.5,3.6
2016-10-05,28.5,26.5,25.2,24.8,24.3,24.0,94,88,79,1011.1,1009.3,1007.3,14.3,10.3,7.4,1.3
2016-10-06,28.6,26.7,25.4,24.7,24.3,23.9,93,87,78,1010.0,1008.3,1006.1,13.3,10.0,5.4,1.9
2016-10-07,28.8,26.2,25.1,25.1,24.2,23.9,94,89,77,1010.8,1008.6,1006.9,12.4,9.1,2.4,6.1
2016-10-08,27.9,25.8,24.2,24.0,23.7,23.2,96,88,79,1012.2,1010.2,1008.5,11.2,6.3,0.4,6.4
2016-10-09,27.3,25.7,23.9,24.1,23.7,23.3,97,89,82,1012.9,1010.9,1008.5,11.7,6.8,1.3,5.7
2016-10-10,28.4,26.2,24.8,24.3,23.8,23.6,93,87,77,1012.7,1010.9,1008.9,17.0,9.6,2.0,3.5
2016-10-11,28.9,26.4,25.5,24.6,24.0,23.7,91,86,75,1012.5,1010.5,1008.2,12.0,9.5,6.2,7.1
2016-10-12,28.3,26.5,24.4,24.4,24.0,23.8,97,86,77,1012.3,1010.4,1007.6,12.1,9.1,5.6,0.9
2016-10-13,29.6,26.9,25.2,25.3,24.5,24.0,93,87,78,1012.7,1010.3,1008.4,13.4,8.6,3.6,5.8
2016-10-14,28.6,26.4,25.0,25.2,24.4,23.9,96,89,81,1012.2,1010.1,1007.7,12.0,9.1,7.0,8.4
2016-10-15,28.7,26.3,24.3,24.9,24.2,23.4,98,88,80,1012.2,1010.1,1008.1,11.1,6.9,3.6,3.7
2016-10-16,28.6,26.4,25.0,24.9,24.2,23.8,93,88,79,1012.0,1010.1,1008.1,12.3,7.8,1.3,9.2
2016-10-17,29.1,26.6,24.6,24.7,24.1,23.6,95,87,75,1012.3,1010.3,1008.6,12.0,7.6,3.4,7.0
2016-10-18,29.0,26.5,24.7,24.3,23.9,23.5,95,86,74,1012.9,1010.4,1008.2,15.8,10.4,5.4,10.0
2016-10-19,28.8,26.4,24.9,23.9,23.7,23.4,93,85,74,1012.9,1010.8,1008.2,15.2,8.0,3.6,0.6
2016-10-20,29.6,27.0,25.0,24.8,24.1,23.7,93,85,74,1011.5,1009.7,1007.9,9.7,7.0,4.9,2.9
2016-10-21,28.6,26.4,24.4,24.7,24.1,23.7,96,87,79,1012.3,1010.5,1009.0,12.4,8.2,3.6,8.1
2016-10-22,28.5,26.2,25.1,25.1,24.2,23.9,93,89,81,1013.2,1011.5,1010.2,11.7,5.7,1.8,11.5
2016-10-23,29.3,26.5,24.4,25.4,24.2,23.5,95,87,80,1012.9,1010.6,1008.6,9.4,6.4,1.8,0.6
2016-10-24,29.8,27.1,25.0,25.7,24.8,24.3,96,87,78,1010.5,1008.7,1006.2,12.8,7.2,3.4,1.1
2016-10-25,29.6,27.1,25.2,25.5,24.7,24.4,96,87,79,1010.3,1008.0,1006.0,13.2,9.6,5.9,3.8
2016-10-26,29.7,27.2,25.3,25.3,24.5,24.2,94,85,76,1009.5,1007.6,1005.6,16.1,8.7,4.0,0.5
2016-10-27,30.3,27.5,25.5,25.1,24.3,23.8,92,83,72,1010.2,1008.4,1006.1,11.3,7.8,2.8,0.0
2016-10-28,29.3,27.3,26.2,25.7,24.8,24.5,91,87,81,1011.7,1009.7,1008.1,11.1,8.6,6.0,4.6
2016-10-29,28.7,26.7,25.2,25.4,24.5,23.7,95,88,78,1012.1,1009.9,1007.7,15.0,8.0,4.5,2.3
2016-10-30,28.2,26.2,24.5,24.6,23.9,23.0,96,87,77,1011.9,1009.9,1007.2,12.0,7.5,4.0,10.7
2016-10-31,29.5,26.5,24.7,25.0,24.2,23.9,96,88,75,1012.3,1010.2,1008.5,8.3,4.6,2.5,5.8
2016-11-01,29.4,26.9,24.7,24.6,24.0,23.8,95,85,74,1013.0,1011.1,1009.1,9.7,6.7,2.3,1.9
2016-11-02,29.0,26.9,25.9,24.8,24.2,23.8,88,85,78,1013.3,1011.0,1009.2,14.0,9.1,5.4,7.4
2016-11-03,30.0,27.1,25.3,25.3,24.4,24.0,94,85,74,1013.1,1011.5,1009.5,14.9,7.6,2.9,3.9
2016-11-04,29.6,27.0,24.8,25.2,24.4,23.7,94,86,77,1014.1,1011.9,1010.3,10.5,5.5,1.6,0.7
2016-11-05,29.7,27.1,25.0,24.8,24.4,23.9,94,85,74,1014.1,1012.0,1009.9,11.3,7.3,3.1,2.5
2016-11-06,29.8,27.5,25.5,25.6,24.9,24.3,93,86,78,1012.8,1010.9,1008.6,11.4,6.6,4.0,0.4
2016-11-07,29.1,27.4,26.0,25.8,25.1,24.4,94,87,80,1012.6,1010.7,1008.4,14.4,9.3,3.4,0.5
2016-11-08,28.7,27.0,25.6,25.2,24.7,24.3,94,88,81,1013.0,1010.9,1008.9,11.5,7.4,3.8,0.7
2016-11-09,30.8,27.7,24.9,25.2,24.5,23.7,96,84,67,1012.5,1010.4,1008.2,14.1,7.4,0.4,0.0
2016-11-10,31.3,28.3,26.1,25.0,24.5,23.5,92,81,63,1012.0,1009.4,1007.0,17.4,11.7,6.2,0.0
2016-11-11,30.2,27.8,26.2,25.0,24.6,24.2,92,83,72,1010.4,1009.0,1006.9,15.7,12.5,7.3,2.0
2016-11-12,29.8,27.7,26.0,24.5,24.2,23.7,90,82,72,1010.8,1008.6,1005.9,16.7,11.7,7.1,2.2
2016-11-13,30.2,27.7,25.9,24.9,24.5,24.0,91,83,73,1010.0,1007.8,1005.8,11.5,6.6,1.6,0.3
2016-11-14,30.9,28.1,25.6,25.4,24.7,24.0,94,82,67,1009.8,1007.3,1005.5,12.6,8.1,3.7,0.2
2016-11-15,31.1,27.9,25.7,25.8,25.0,24.5,95,84,69,1009.6,1007.5,1005.3,13.7,8.0,2.9,1.3
2016-11-16,30.2,27.8,26.6,25.4,25.1,24.9,91,85,76,1009.9,1007.8,1005.8,14.5,10.7,7.3,1.3
2016-11-17,29.9,27.8,26.4,25.3,24.9,24.5,93,84,76,1009.5,1007.6,1006.1,17.1,11.5,8.4,3.5
2016-11-18,30.2,27.7,25.6,24.9,24.5,24.2,94,83,72,1009.7,1007.8,1005.9,11.6,7.8,2.5,1.2
2016-11-19,30.4,27.8,26.0,25.0,24.6,24.3,92,83,73,1010.3,1008.3,1006.8,10.8,7.5,3.8,3.8
2016-11-20,30.2,27.8,25.7,25.1,24.7,24.5,94,84,74,1009.8,1007.8,1005.9,18.9,9.7,3.5,1.0
2016-11-21,30.6,27.7,26.2,25.2,24.7,24.5,91,84,73,1010.5,1008.5,1006.5,16.7,11.6,8.0,2.9
2016-11-22,30.2,27.8,26.2,25.5,24.9,24.4,90,84,75,1010.6,1008.8,1006.7,11.4,7.9,4.3,0.8
2016-11-23,30.1,27.5,25.4,25.3,24.8,24.2,94,86,76,1012.6,1010.2,1008.0,13.4,8.3,5.4,4.0
2016-11-24,29.6,27.4,26.2,25.2,24.7,24.4,92,86,75,1011.9,1010.0,1008.1,15.8,9.3,3.7,7.0
2016-11-25,30.8,28.2,26.5,25.9,25.1,24.5,90,84,74,1010.5,1008.6,1006.4,17.3,10.9,6.1,0.4
2016-11-26,29.4,27.7,26.5,25.9,25.2,24.8,92,87,79,1009.7,1007.6,1005.5,15.0,11.9,8.4,1.1
2016-11-27,28.9,27.4,26.1,25.1,24.8,24.1,93,86,78,1010.3,1008.1,1006.0,15.8,11.9,6.6,0.7
2016-11-28,29.8,27.7,26.2,25.1,24.7,24.3,92,84,75,1010.6,1008.5,1006.5,14.2,11.9,9.8,2.0
2016-11-29,29.7,27.6,25.7,25.3,24.9,24.2,93,85,76,1011.3,1009.1,1006.8,13.7,11.5,9.6,1.7
2016-11-30,30.3,27.9,26.4,25.6,25.1,24.9,92,85,76,1012.5,1010.4,1008.7,15.7,11.0,7.1,0.6
2016-12-01,30.5,28.0,26.3,25.3,25.0,24.6,93,84,72,1011.7,1010.3,1008.6,15.2,10.6,4.3,1.9
2016-12-02,30.1,27.7,25.7,25.5,25.0,24.2,95,86,75,1011.7,1009.7,1007.9,15.0,10.4,5.2,0.9
2016-12-03,29.8,27.7,26.4,25.6,25.2,24.4,93,86,76,1011.0,1009.0,1007.2,13.7,9.7,4.1,0.6
2016-12-04,31.0,28.1,25.9,25.2,24.4,23.0,95,81,63,1011.1,1009.4,1007.5,14.7,8.1,0.8,0.0
2016-12-05,30.3,27.9,26.1,24.8,24.4,24.1,91,82,70,1012.8,1010.6,1008.7,12.5,7.8,3.7,1.3
2016-12-06,31.1,28.1,26.2,25.0,24.6,24.1,92,82,67,1011.8,1009.9,1007.6,14.5,9.6,4.7,1.0
2016-12-07,30.0,28.0,26.7,25.2,24.8,24.4,91,83,73,1011.6,1009.5,1007.2,12.6,9.6,6.4,2.8
2016-12-08,31.5,28.2,26.6,25.1,24.6,23.6,90,81,65,1012.0,1010.0,1007.9,13.9,11.6,8.0,1.1
2016-12-09,31.1,28.1,26.3,25.2,24.8,24.0,93,83,67,1011.8,1009.8,1007.8,11.5,8.9,5.5,0.7
2016-12-10,30.1,27.7,26.4,25.2,24.8,24.3,93,85,73,1011.0,1009.0,1006.8,16.9,11.3,5.5,3.2
2016-12-11,30.3,27.7,26.1,25.1,24.6,24.3,93,84,71,1010.8,1008.8,1006.3,13.5,8.7,2.6,1.3
2016-12-12,29.5,27.3,26.2,24.8,24.5,24.0,91,85,75,1011.4,1009.1,1006.6,14.4,9.3,4.8,4.5
2016-12-13,30.6,27.7,25.6,25.1,24.6,24.2,93,84,71,1011.4,1008.9,1006.8,13.0,8.7,4.6,0.7
2016-12-14,30.5,27.9,25.9,25.1,24.9,24.5,94,84,73,1010.8,1009.0,1007.5,15.9,9.9,5.4,0.4
2016-12-15,29.5,27.6,25.8,24.9,24.6,24.1,92,84,74,1012.0,1010.1,1008.4,12.7,11.2,9.6,2.1
2016-12-16,30.4,27.8,25.7,24.8,24.2,23.6,93,82,68,1012.7,1010.5,1007.5,12.6,11.0,7.6,1.5
2016-12-17,30.9,28.0,25.4,24.9,24.6,24.2,95,82,68,1010.7,1008.4,1005.9,14.7,7.9,0.5,0.4
2016-12-18,30.3,27.8,26.0,25.0,24.8,24.4,91,84,73,1010.5,1008.4,1006.7,12.7,10.1,6.2,3.8
2016-12-19,31.2,28.2,26.4,25.2,24.7,23.6,93,82,64,1010.2,1008.5,1006.6,15.5,10.9,4.3,0.5
2016-12-20,31.1,28.1,26.0,25.2,24.9,24.2,93,83,68,1010.2,1007.7,1005.3,13.4,9.5,3.0,0.9
2016-12-21,32.2,28.4,25.5,25.6,24.5,22.7,96,81,57,1008.7,1006.2,1004.0,15.1,8.5,1.3,0.0
2016-12-22,32.6,28.7,26.7,25.5,24.3,21.8,93,78,53,1009.8,1007.1,1005.0,15.3,10.6,5.6,0.0
2016-12-23,32.8,28.6,25.9,25.8,24.3,22.1,95,79,54,1009.3,1007.1,1005.0,18.1,11.3,4.0,0.0
2016-12-24,32.2,28.5,26.6,25.9,24.7,22.5,94,81,57,1009.5,1007.8,1005.7,17.3,13.0,7.7,0.3
2016-12-25,32.5,28.6,26.5,25.5,24.4,22.0,91,79,54,1009.6,1007.8,1005.0,15.3,9.9,2.6,0.5
2016-12-26,31.9,28.4,26.0,25.7,24.2,22.1,97,80,56,1010.4,1008.4,1006.3,11.2,7.2,1.9,0.0
2016-12-27,31.8,28.0,25.0,24.9,23.4,21.2,96,78,54,1011.9,1009.8,1008.2,11.9,7.3,3.9,0.0
2016-12-28,32.8,27.8,23.8,23.8,21.5,16.1,94,72,38,1011.8,1009.6,1007.4,13.2,7.9,1.6,0.0
2016-12-29,31.9,27.0,23.3,23.7,22.0,18.7,97,77,45,1012.2,1009.7,1007.4,14.5,7.9,1.8,0.0
2016-12-30,31.5,26.8,23.3,23.6,22.4,20.4,98,78,52,1012.2,1009.9,1007.9,14.9,7.7,1.5,0.0
2016-12-31,31.7,26.9,23.3,23.7,22.0,19.2,98,77,48,1011.9,1009.6,1007.2,14.3,8.4,1.5,0.0
2017-01-01,31.6,26.6,22.2,24.1,21.7,16.9,99,77,42,1011.7,1009.2,1006.2,15.9,9.5,2.5,0.0
2017-01-02,33.1,27.0,22.8,24.4,22.1,17.5,98,78,40,1012.2,1009.5,1007.0,15.0,9.1,1.4,0.0
2017-01-03,32.2,27.5,23.6,24.3,22.1,18.7,98,75,45,1011.7,1009.8,1007.3,14.5,8.6,1.5,0.0
2017-01-04,33.9,27.1,21.9,24.4,19.1,11.3,93,68,26,1011.0,1009.1,1006.8,17.0,10.0,4.1,0.0
2017-01-05,32.1,27.0,23.3,24.2,22.8,20.1,98,79,51,1011.0,1008.6,1005.9,17.5,10.0,2.6,0.0
2017-01-06,32.1,27.6,24.2,25.1,23.8,21.7,97,81,54,1011.1,1008.8,1006.5,17.9,10.8,1.5,0.0
2017-01-07,31.2,27.8,25.7,25.4,24.1,21.7,96,82,57,1011.8,1010.1,1008.4,16.0,10.1,3.6,0.3
2017-01-08,32.0,27.9,25.5,25.1,24.4,22.8,97,82,60,1012.1,1009.9,1007.5,16.9,10.5,4.1,0.2
2017-01-09,33.2,27.7,25.0,25.2,23.3,16.8,98,80,38,1011.1,1008.6,1005.8,16.2,9.4,2.9,0.0
2017-01-10,32.6,27.8,24.9,25.0,23.6,20.9,97,80,51,1010.5,1007.7,1005.2,19.6,11.9,1.5,0.0
2017-01-11,32.7,28.2,25.6,24.9,23.3,20.2,95,77,49,1010.4,1008.1,1006.4,20.3,13.1,7.0,0.1
2017-01-12,32.1,28.0,25.0,24.9,23.8,22.1,94,79,56,1011.9,1009.8,1007.7,18.4,11.1,3.8,0.5
2017-01-13,30.5,27.6,24.4,24.7,23.9,22.9,93,81,67,1011.5,1009.4,1006.8,12.3,9.1,0.8,0.8
2017-01-14,34.9,28.5,24.9,25.4,20.9,8.4,97,70,20,1009.4,1007.2,1004.3,18.8,9.2,2.3,0.0
2017-01-15,33.4,27.6,22.6,23.7,21.0,16.3,95,70,37,1009.9,1007.6,1006.0,16.2,8.9,1.5,0.0
2017-01-16,32.4,27.9,23.7,24.2,22.6,19.7,97,75,48,1009.7,1007.7,1006.0,18.1,11.7,4.2,0.0
2017-01-17,31.9,28.2,25.1,24.4,23.6,22.1,93,77,58,1009.5,1007.7,1005.5,18.8,13.5,6.5,0.0
2017-01-18,32.2,28.3,25.3,24.9,23.9,21.8,95,78,54,1010.4,1008.7,1007.3,21.7,13.9,6.8,1.5
2017-01-19,31.9,28.4,25.8,25.1,24.2,23.0,93,79,59,1011.3,1009.2,1007.2,17.7,11.2,5.9,0.1
2017-01-20,31.7,28.5,26.4,25.5,24.8,23.5,94,81,62,1010.3,1008.4,1006.3,18.3,11.2,3.6,0.7
2017-01-21,31.9,28.5,26.7,25.7,25.0,24.2,94,82,65,1010.0,1008.0,1005.9,19.5,13.1,7.0,0.3
2017-01-22,31.1,28.3,27.0,25.6,24.7,23.8,90,81,67,1011.4,1008.6,1006.8,24.3,15.4,11.3,2.6
2017-01-23,32.2,28.5,26.3,25.6,24.6,24.0,90,80,62,1011.5,1009.6,1007.0,20.5,14.4,7.4,1.1
2017-01-24,30.4,28.0,26.6,25.4,24.0,22.4,88,80,63,1011.9,1010.4,1008.5,22.6,15.2,10.5,0.2
2017-01-25,31.2,27.8,25.0,24.5,23.8,22.5,94,80,61,1012.5,1010.4,1008.5,17.3,10.5,4.7,0.5
2017-01-26,31.4,28.0,25.3,24.6,23.4,21.8,92,77,58,1013.5,1011.2,1009.5,17.5,10.5,4.1,0.2
2017-01-27,32.3,28.3,25.7,24.9,24.0,22.4,93,78,56,1014.4,1011.8,1009.7,19.7,12.2,5.4,0.0
2017-01-28,32.3,28.4,25.4,24.9,23.9,21.5,94,78,53,1013.0,1011.0,1008.6,19.9,13.1,6.8,0.1
2017-01-29,31.4,28.4,25.9,25.2,24.3,22.7,94,80,61,1012.4,1010.3,1007.6,19.4,12.5,6.1,1.2
2017-01-30,31.5,28.4,26.7,25.3,24.6,23.3,91,80,62,1011.8,1009.9,1007.5,16.4,11.0,6.1,0.7
2017-01-31,30.2,28.1,26.8,25.2,24.5,23.5,90,81,69,1011.9,1009.9,1007.7,16.3,12.5,8.7,3.0
2017-02-01,30.4,27.8,26.4,25.0,24.3,23.6,89,82,68,1012.1,1010.0,1008.4,18.2,11.5,7.2,4.0
2017-02-02,31.1,28.1,25.3,24.5,23.8,22.6,94,78,61,1011.9,1010.3,1008.2,17.1,10.8,3.8,0.3
2017-02-03,31.8,28.3,25.2,25.1,24.0,22.9,94,79,59,1011.7,1009.8,1007.7,17.7,10.0,2.7,0.0
2017-02-04,31.7,28.5,25.9,25.2,24.4,23.1,95,80,62,1011.2,1009.3,1006.9,15.0,9.5,3.6,1.0
2017-02-05,31.3,28.2,25.8,25.2,24.5,23.1,95,81,62,1011.0,1008.8,1006.9,16.1,10.0,0.4,1.5
2017-02-06,32.8,28.6,26.1,25.4,24.4,21.9,94,80,54,1010.6,1008.5,1006.4,19.5,11.8,1.0,0.2
2017-02-07,31.2,28.3,26.3,25.6,24.7,23.0,94,82,62,1010.6,1008.1,1005.6,16.6,11.0,3.9,2.1
2017-02-08,31.4,28.4,26.2,25.2,24.5,23.7,93,80,64,1010.1,1007.9,1005.9,17.2,11.6,5.6,0.7
2017-02-09,31.0,28.3,26.0,25.0,24.5,23.6,94,80,66,1009.9,1008.2,1006.7,15.1,10.2,4.3,0.5
2017-02-10,30.6,28.1,26.7,25.3,24.6,23.8,92,82,67,1009.2,1007.5,1005.2,20.2,12.6,5.0,2.0
2017-02-11,30.9,28.2,26.0,24.9,24.3,23.4,92,80,65,1009.6,1007.7,1005.2,19.3,11.2,4.1,1.3
2017-02-12,31.4,28.7,26.7,25.4,24.8,23.8,91,80,64,1009.4,1007.1,1004.8,15.3,10.1,4.4,0.3
2017-02-13,32.3,28.7,26.8,25.8,25.2,23.1,93,82,59,1010.0,1007.4,1005.1,20.0,10.0,0.0,2.0
2017-02-14,32.5,28.5,26.0,25.8,24.5,22.1,97,81,54,1009.8,1008.0,1006.1,19.0,12.5,1.5,0.0
2017-02-15,32.0,28.3,25.8,25.6,24.8,22.8,97,82,60,1011.8,1009.4,1007.6,18.5,11.3,3.3,0.6
2017-02-16,33.2,28.4,26.2,25.7,24.5,21.6,96,81,53,1012.3,1010.0,1007.4,19.0,9.9,2.2,1.9
2017-02-17,35.2,28.7,25.2,25.2,19.0,3.9,98,65,14,1011.8,1009.9,1007.3,20.7,11.1,5.4,0.0
2017-02-18,32.8,27.3,21.5,23.7,13.6,-0.7,87,52,13,1012.7,1010.4,1007.7,18.2,11.1,4.0,0.0
2017-02-19,34.8,28.0,22.5,24.3,16.9,0.3,96,60,12,1013.7,1010.8,1008.1,18.2,10.5,1.8,0.0
2017-02-20,32.5,27.5,22.8,24.5,22.2,18.1,95,74,50,1012.6,1010.3,1008.1,20.9,11.7,1.9,0.0
2017-02-21,33.1,28.6,24.5,24.5,23.5,20.5,97,76,50,1011.2,1009.0,1006.6,20.2,10.7,0.4,0.0
2017-02-22,32.8,28.6,25.1,25.2,24.1,22.1,96,78,54,1011.4,1008.8,1006.4,20.3,11.4,1.8,0.0
2017-02-23,32.1,28.9,26.8,25.8,24.6,23.2,92,79,60,1011.0,1008.7,1006.7,20.0,13.4,6.8,0.8
2017-02-24,32.6,29.0,26.8,25.6,24.8,23.7,91,79,60,1010.3,1008.4,1006.1,20.8,13.9,8.2,0.4
2017-02-25,32.5,29.0,26.8,25.9,24.9,23.6,91,80,60,1010.6,1008.7,1006.8,20.3,13.3,8.3,2.1
2017-02-26,31.2,28.3,26.0,25.6,24.6,23.6,94,81,68,1010.6,1008.6,1006.1,20.4,13.5,5.7,1.3
2017-02-27,32.2,28.6,26.7,25.0,24.5,23.6,89,79,61,1009.2,1007.6,1005.3,15.6,12.1,7.0,0.2
2017-02-28,31.9,29.0,27.3,25.5,25.0,23.6,89,80,62,1009.5,1007.4,1005.8,20.4,14.8,7.2,2.8
2017-03-01,31.7,28.6,26.7,25.6,24.7,23.2,91,80,62,1011.3,1008.6,1006.7,21.5,13.7,8.4,1.9
2017-03-02,31.7,28.7,26.4,25.3,24.7,23.9,92,80,63,1011.0,1009.0,1006.5,20.5,13.5,5.5,0.8
2017-03-03,31.8,29.0,26.7,25.6,25.2,24.4,93,81,66,1009.7,1007.8,1005.4,22.2,13.7,6.0,1.4
2017-03-04,31.9,28.9,26.5,25.5,24.6,23.5,93,79,62,1008.7,1006.3,1004.7,19.8,13.3,4.1,0.6
2017-03-05,32.6,29.3,27.1,25.4,24.7,23.6,89,77,60,1009.1,1006.9,1004.6,20.6,15.2,6.4,0.2
2017-03-06,31.4,28.6,27.4,25.7,24.8,24.0,89,80,65,1009.9,1008.2,1006.3,19.4,14.7,9.5,1.5
2017-03-07,32.8,29.2,26.6,25.7,24.9,23.3,92,79,58,1010.2,1007.6,1004.7,22.9,13.1,3.7,0.8
2017-03-08,32.1,29.0,26.1,26.0,25.0,23.8,97,80,62,1009.0,1007.2,1005.0,21.1,12.9,3.6,0.3
2017-03-09,31.3,28.4,27.3,25.6,24.7,24.0,90,81,66,1009.7,1007.8,1006.0,17.1,12.6,8.6,3.5
2017-03-10,31.6,28.7,27.2,25.3,24.4,22.8,88,78,59,1009.1,1007.5,1005.5,15.3,10.9,4.9,5.9
2017-03-11,30.2,28.1,26.3,25.3,25.0,24.0,93,83,69,1008.8,1006.6,1004.4,16.9,10.8,5.2,8.9
2017-03-12,31.6,28.2,25.5,25.2,24.5,23.6,93,81,64,1009.5,1007.5,1005.7,17.0,11.0,5.4,1.9
2017-03-13,31.7,28.8,26.1,25.2,24.4,23.1,93,78,62,1010.2,1008.0,1006.2,16.4,10.3,4.2,0.2
2017-03-14,31.6,28.8,26.9,25.2,24.5,23.5,88,78,63,1011.7,1009.9,1008.6,16.0,12.5,7.3,2.4
2017-03-15,31.5,28.6,27.0,26.0,25.1,24.2,92,82,66,1012.0,1009.1,1007.0,15.8,10.2,3.9,1.9
2017-03-16,33.3,29.2,26.6,25.9,24.8,21.4,95,79,51,1009.4,1007.2,1005.0,19.4,10.4,0.5,0.2
2017-03-17,32.9,29.4,27.5,26.0,24.4,22.4,90,76,55,1009.1,1007.2,1005.4,20.6,14.4,8.4,0.9
2017-03-18,32.7,29.5,27.1,25.3,24.5,23.2,90,75,58,1010.4,1007.8,1005.5,21.1,14.0,4.3,0.1
2017-03-19,32.3,29.1,27.4,25.6,24.6,23.6,87,77,61,1010.9,1008.7,1006.7,19.9,16.4,12.9,1.9
2017-03-20,31.0,28.9,27.4,25.5,25.0,24.2,86,80,68,1011.3,1009.5,1007.4,18.4,14.1,9.5,0.8
2017-03-21,32.2,28.8,26.2,25.4,24.8,23.8,92,80,62,1010.8,1008.7,1006.7,25.4,16.5,6.9,0.2
2017-03-22,30.5,28.4,26.9,25.3,24.7,24.1,88,81,69,1011.8,1009.5,1008.1,22.3,16.4,7.6,1.9
2017-03-23,29.8,27.9,26.8,25.3,24.2,23.3,89,80,68,1012.5,1010.1,1007.6,21.1,13.0,5.0,1.1
2017-03-24,31.2,28.1,25.8,25.1,24.3,23.1,93,80,62,1012.4,1010.0,1007.6,19.5,10.5,4.0,0.6
2017-03-25,31.9,28.4,25.3,25.1,24.1,23.1,94,79,61,1011.5,1009.4,1007.3,17.5,11.3,4.0,0.0
2017-03-26,32.4,29.1,26.9,25.0,23.8,21.9,88,74,54,1010.8,1009.2,1007.5,18.8,13.9,7.0,0.0
2017-03-27,31.6,28.6,27.0,25.3,24.5,23.4,90,79,62,1011.3,1009.0,1006.8,20.8,13.9,8.2,0.7
2017-03-28,32.2,28.9,26.7,25.2,24.3,23.0,91,77,58,1010.0,1008.3,1006.4,16.9,11.7,6.1,0.0
2017-03-29,32.2,29.2,26.7,26.0,24.8,23.2,94,78,60,1009.6,1007.6,1005.1,19.2,13.2,5.7,0.1
2017-03-30,32.6,29.4,27.7,25.9,25.1,23.9,89,78,60,1011.5,1008.5,1006.9,19.4,16.2,12.7,1.3
2017-03-31,32.0,29.2,27.5,25.9,24.9,23.5,90,79,61,1011.4,1009.6,1008.1,20.6,13.8,6.4,1.3
2017-04-01,31.6,28.4,25.2,25.2,24.5,23.4,96,80,62,1011.1,1009.0,1007.1,20.7,11.5,2.9,1.4
2017-04-02,33.1,29.6,27.3,25.4,24.1,21.9,86,73,52,1010.7,1008.6,1006.0,18.8,12.2,6.1,0.0
2017-04-03,32.6,29.0,27.0,25.3,24.6,23.3,90,78,60,1010.4,1008.8,1007.3,16.7,10.1,5.4,1.9
2017-04-04,32.4,28.7,26.7,25.4,24.7,23.5,92,80,62,1011.0,1008.8,1006.6,16.2,13.6,9.0,1.3
2017-04-05,31.9,29.3,27.6,25.5,24.6,23.5,87,76,62,1010.9,1008.9,1007.1,17.4,13.6,6.9,1.0
2017-04-06,32.1,29.1,27.2,25.7,24.7,23.3,90,78,61,1010.9,1008.5,1006.0,16.3,11.3,5.2,1.4
2017-04-07,33.3,28.6,25.4,25.2,24.3,22.4,95,79,53,1010.5,1007.1,1004.6,21.7,12.3,5.2,1.4
2017-04-08,32.9,29.3,26.8,25.8,24.6,22.8,91,77,57,1009.6,1007.2,1005.0,16.5,12.0,7.9,2.2
2017-04-09,31.5,27.7,26.8,25.7,24.7,23.2,93,84,67,1010.3,1008.2,1006.5,17.5,11.1,5.0,3.0
2017-04-10,32.0,28.6,25.9,25.4,24.4,23.1,94,79,59,1010.2,1007.8,1005.9,18.9,10.6,3.2,1.2
2017-04-11,32.0,29.2,27.3,25.6,24.7,23.6,89,77,62,1009.8,1007.2,1004.6,20.6,15.7,11.6,0.6
2017-04-12,31.8,29.3,27.9,25.7,25.0,23.4,88,78,65,1009.9,1007.7,1005.4,19.9,16.2,12.0,1.7
2017-04-13,31.4,28.2,24.7,25.9,24.9,22.7,92,83,70,1012.6,1008.4,1005.7,21.3,16.3,10.7,13.5
2017-04-14,30.0,27.6,25.4,24.8,24.3,23.2,92,83,73,1012.2,1009.4,1006.9,19.8,11.9,6.9,5.9
2017-04-15,31.5,28.5,25.2,25.5,24.9,23.8,94,81,67,1012.7,1009.4,1006.9,14.1,8.0,3.7,11.8
2017-04-16,30.2,27.6,25.2,25.2,24.8,23.8,96,85,71,1012.2,1009.5,1006.8,11.9,6.8,1.1,1.8
2017-04-17,31.4,28.7,26.6,25.7,25.2,24.5,93,82,67,1010.8,1008.8,1006.7,14.4,8.4,3.5,0.3
2017-04-18,31.7,29.1,27.7,25.7,25.2,24.5,88,80,68,1010.6,1008.4,1006.5,14.3,10.9,6.9,1.3
2017-04-19,31.8,29.1,27.2,25.8,25.1,24.1,91,80,64,1009.3,1007.5,1005.4,18.7,11.3,3.3,0.1
2017-04-20,30.4,28.0,26.6,25.8,25.0,24.1,88,84,72,1011.2,1008.0,1005.5,17.2,11.4,4.2,12.2
2017-04-21,30.1,28.3,26.8,24.6,24.1,23.5,86,79,69,1011.5,1008.8,1006.5,19.4,13.4,5.9,9.6
2017-04-22,31.5,28.5,26.3,25.3,24.6,23.6,93,81,64,1011.3,1009.2,1006.8,17.3,11.8,5.2,0.4
2017-04-23,31.7,28.9,27.1,25.3,24.2,23.2,89,77,61,1012.0,1009.9,1008.4,17.8,13.3,6.9,0.3
2017-04-24,32.2,28.6,26.2,25.1,24.2,22.9,93,78,58,1012.1,1010.1,1008.2,17.7,11.9,4.2,0.2
2017-04-25,31.1,28.6,26.9,25.1,24.4,23.6,89,79,65,1011.6,1009.6,1007.1,16.8,12.8,8.0,0.8
2017-04-26,31.5,28.9,26.4,25.1,23.9,22.1,91,75,58,1011.8,1009.4,1007.8,16.5,11.3,6.9,0.6
2017-04-27,32.3,29.2,26.9,24.5,23.7,22.1,86,73,56,1012.3,1010.3,1008.1,15.7,10.1,5.2,0.0
2017-04-28,32.8,29.4,27.4,25.0,24.0,21.8,86,74,52,1012.6,1010.6,1008.2,15.5,12.0,7.2,0.8
2017-04-29,32.0,29.3,27.4,25.1,24.1,23.0,87,75,59,1012.2,1010.2,1007.9,17.0,12.0,7.4,0.7
2017-04-30,32.7,29.2,27.0,25.2,24.4,23.1,89,76,58,1011.8,1010.1,1008.1,19.2,11.8,6.2,0.7
2017-05-01,32.0,29.1,27.1,25.1,24.2,23.4,85,75,62,1011.2,1009.5,1007.9,19.0,13.8,7.8,0.8
2017-05-02,30.8,28.3,26.5,25.2,24.1,23.3,90,78,65,1010.8,1009.0,1006.5,16.8,11.6,5.2,2.7
2017-05-03,31.7,28.2,27.0,24.8,24.4,23.1,88,80,62,1010.9,1008.9,1006.8,20.5,12.7,7.4,4.8
2017-05-04,30.6,28.0,26.3,25.1,24.6,24.0,93,82,69,1011.8,1009.0,1006.3,20.0,8.8,2.7,1.9
2017-05-05,29.6,27.2,25.6,24.6,23.9,22.3,92,82,68,1012.0,1010.3,1008.4,11.9,6.8,2.2,2.6
2017-05-06,31.2,28.5,25.8,25.2,24.4,23.8,91,79,66,1012.1,1010.2,1007.5,17.3,11.2,2.7,0.5
2017-05-07,33.2,28.9,26.4,25.6,24.6,23.9,89,78,58,1011.2,1008.5,1005.6,21.7,12.8,4.7,2.9
2017-05-08,31.9,28.5,26.0,25.1,24.3,22.6,93,79,58,1010.9,1008.9,1006.9,16.3,9.1,3.4,1.1
2017-05-09,32.3,28.6,26.4,25.3,24.4,23.2,92,79,60,1011.1,1008.5,1006.7,16.2,11.2,6.5,2.6
2017-05-10,31.7,28.6,26.8,25.3,24.4,23.3,89,79,62,1011.2,1008.9,1006.9,14.5,10.2,5.8,1.6
2017-05-11,30.9,28.1,26.7,25.3,24.5,23.9,90,81,66,1012.4,1010.2,1008.5,12.6,8.4,2.4,2.4
2017-05-12,30.4,27.6,25.5,25.3,24.5,23.8,96,84,68,1012.3,1010.6,1008.1,13.7,7.2,2.2,2.5
2017-05-13,31.2,28.4,26.3,25.8,25.2,24.3,93,83,67,1012.3,1010.2,1008.2,15.8,7.7,2.3,1.8
2017-05-14,31.1,28.4,26.2,26.0,25.1,24.2,92,83,69,1012.0,1009.7,1008.3,18.1,12.5,5.2,6.3
2017-05-15,29.7,27.4,26.0,26.1,24.9,24.0,91,86,79,1012.8,1010.9,1009.4,17.6,12.0,7.6,4.0
2017-05-16,27.7,26.3,25.2,24.8,24.1,23.3,94,88,82,1014.0,1012.0,1010.5,14.0,8.5,3.4,18.7
2017-05-17,30.3,27.0,24.3,26.3,24.1,23.2,96,85,66,1012.8,1010.5,1008.9,13.4,8.4,2.7,2.0
2017-05-18,29.2,27.6,25.7,26.3,24.9,23.9,95,85,75,1012.0,1009.9,1007.8,12.8,6.8,0.8,2.1
2017-05-19,30.5,28.0,25.9,26.3,24.9,24.3,92,84,71,1012.6,1010.5,1008.4,16.3,8.6,4.6,1.2
2017-05-20,29.5,27.4,26.0,26.2,25.0,24.0,95,87,79,1013.1,1011.5,1010.2,14.5,6.7,2.4,2.4
2017-05-21,30.6,27.7,25.4,25.1,24.6,24.3,94,83,70,1012.9,1010.6,1008.1,18.0,8.5,2.6,0.8
2017-05-22,30.8,28.3,26.7,25.7,24.9,24.2,89,82,69,1011.6,1009.1,1006.7,20.1,11.6,5.9,2.5
2017-05-23,30.6,28.3,26.6,26.6,25.0,24.7,90,83,72,1011.5,1009.4,1007.4,17.6,11.6,6.4,2.5
2017-05-24,30.2,27.9,26.5,25.9,24.8,23.9,92,84,73,1012.5,1010.4,1008.6,18.5,12.4,7.7,4.4
2017-05-25,27.3,26.4,25.6,25.0,24.3,23.8,93,89,84,1013.9,1011.7,1010.0,14.0,7.6,3.1,17.7
2017-05-26,28.7,26.5,24.3,24.3,23.9,23.3,97,86,73,1014.6,1012.3,1010.0,13.2,6.8,2.5,3.1
2017-05-27,30.0,27.5,25.9,24.9,24.3,24.0,91,83,71,1014.6,1012.4,1010.3,10.7,7.2,2.9,2.4
2017-05-28,29.0,27.4,25.2,25.5,24.4,23.7,91,84,74,1014.8,1012.6,1010.5,13.0,8.2,3.3,4.2
2017-05-29,30.2,27.7,26.3,25.2,24.5,24.1,91,83,73,1013.6,1011.9,1010.3,19.1,12.3,7.2,2.7
2017-05-30,29.9,27.5,25.7,24.9,24.4,23.7,91,84,73,1014.2,1011.8,1009.9,20.3,11.7,5.2,3.3
2017-05-31,28.2,26.2,25.3,25.2,24.1,23.2,94,88,81,1015.8,1013.3,1010.4,12.7,6.8,2.2,10.3
2017-06-01,29.9,26.9,23.8,24.7,23.7,22.9,95,84,68,1014.5,1012.7,1010.6,14.5,8.4,4.5,0.5
2017-06-02,30.3,27.4,25.9,25.4,24.5,24.0,93,85,70,1014.0,1012.3,1010.5,18.4,9.5,4.2,6.1
2017-06-03,27.9,26.5,25.0,25.2,24.4,23.8,94,88,81,1013.6,1011.6,1009.2,14.5,8.4,2.9,8.2
2017-06-04,28.6,26.9,25.3,26.2,24.3,23.5,91,86,81,1013.4,1011.5,1009.8,14.4,9.0,4.0,3.0
2017-06-05,28.8,26.6,24.6,25.7,24.1,23.1,93,86,78,1013.1,1011.1,1008.5,14.2,8.1,3.1,15.2
2017-06-06,28.9,26.6,25.0,25.3,24.0,23.5,93,86,73,1013.8,1011.7,1009.8,13.9,9.6,2.5,9.0
2017-06-07,29.8,27.0,24.8,25.9,24.3,23.4,94,86,73,1014.0,1012.1,1010.0,12.0,6.8,2.3,5.6
2017-06-08,28.7,26.4,25.2,24.8,24.5,24.1,95,89,77,1012.6,1010.3,1007.4,10.4,5.5,0.7,10.0
2017-06-09,29.8,27.6,26.3,26.3,25.0,24.7,91,86,79,1010.8,1009.0,1007.2,15.1,8.3,4.0,3.6
2017-06-10,28.9,26.7,25.5,25.2,24.4,23.9,95,88,76,1012.3,1010.2,1008.3,16.7,8.3,1.5,13.0
2017-06-11,29.4,26.7,25.4,25.6,24.5,24.0,95,88,79,1012.1,1010.0,1007.9,18.2,9.7,3.4,11.5
2017-06-12,27.0,25.4,24.0,24.6,23.5,22.2,94,89,83,1012.4,1010.7,1008.4,20.0,9.4,3.2,43.8
2017-06-13,29.2,25.6,23.6,23.9,22.9,21.6,94,85,68,1014.0,1011.6,1010.0,17.1,10.4,4.7,5.3
2017-06-14,27.8,25.7,24.0,25.5,23.7,23.1,95,89,79,1013.9,1011.9,1009.9,14.1,7.7,4.0,8.9
2017-06-15,27.3,26.0,24.7,25.3,24.1,23.3,95,89,81,1013.3,1011.5,1009.9,13.8,7.4,4.0,13.4
2017-06-16,28.4,25.8,24.5,24.3,23.5,22.5,94,87,74,1013.7,1011.7,1009.7,20.5,11.1,5.4,10.1
2017-06-17,27.8,25.4,23.4,24.2,23.0,22.1,96,87,71,1013.7,1010.9,1008.7,11.9,7.4,1.3,2.2
2017-06-18,27.8,26.2,24.5,25.4,24.0,23.1,97,88,78,1011.7,1010.0,1008.6,12.3,6.7,1.6,2.4
2017-06-19,27.8,26.2,24.8,24.6,23.8,22.9,91,87,81,1013.0,1010.8,1009.4,19.1,11.6,4.2,7.0
2017-06-20,26.3,24.9,24.2,24.0,23.2,22.6,95,91,83,1014.3,1012.3,1010.8,15.5,9.7,3.2,27.5
2017-06-21,29.2,26.1,24.0,25.1,23.8,23.2,95,87,77,1013.9,1011.6,1008.8,12.8,8.1,4.4,2.7
2017-06-22,29.3,26.6,23.9,24.5,23.9,23.0,95,85,73,1013.4,1011.0,1008.0,13.8,10.5,7.3,8.1
2017-06-23,27.4,25.7,24.3,24.5,23.6,22.8,94,88,79,1012.4,1010.9,1009.1,15.8,10.5,3.3,32.6
2017-06-24,26.1,25.1,23.9,24.0,23.4,22.9,95,91,87,1013.0,1011.0,1009.5,15.8,8.8,3.7,22.7
2017-06-25,28.6,25.5,23.0,24.1,23.3,22.4,97,88,76,1013.1,1011.6,1009.1,12.3,6.4,3.5,16.5
2017-06-26,28.2,25.6,23.4,24.1,23.4,22.7,96,88,72,1013.0,1011.4,1009.4,11.6,7.1,2.6,11.7
2017-06-27,29.1,26.4,24.5,24.3,23.9,23.7,95,87,73,1014.0,1011.7,1009.8,13.7,8.3,3.8,4.8
2017-06-28,28.1,25.8,23.8,24.8,23.4,22.6,95,87,79,1015.2,1012.8,1010.5,15.0,8.2,2.9,8.4
2017-06-29,26.7,25.2,23.9,24.5,23.2,22.6,95,89,85,1015.1,1013.2,1011.8,11.6,8.1,3.2,15.5
2017-06-30,27.9,25.6,24.0,24.7,23.3,22.6,94,87,77,1015.3,1013.5,1011.5,16.2,10.1,4.7,2.4
2017-07-01,26.7,25.6,24.6,24.3,23.4,22.9,92,88,83,1015.4,1013.2,1011.3,13.6,9.5,5.3,8.0
2017-07-02,27.3,25.7,24.3,24.8,23.6,22.9,94,88,81,1015.5,1013.1,1010.8,15.0,10.0,6.2,1.9
2017-07-03,27.1,25.6,24.5,23.9,23.2,22.6,92,87,79,1015.5,1013.1,1011.1,15.5,11.3,7.7,7.3
2017-07-04,27.5,25.5,24.5,24.3,23.1,22.7,92,87,80,1014.7,1013.0,1011.2,17.6,11.4,5.6,6.7
2017-07-05,27.2,24.9,24.0,23.9,23.0,22.5,94,89,82,1016.0,1013.7,1012.0,13.6,9.2,5.0,65.1
2017-07-06,25.5,24.4,23.9,23.3,22.9,22.2,94,91,86,1016.2,1014.3,1012.9,18.1,10.3,4.1,44.2
2017-07-07,27.0,25.3,23.9,24.6,23.1,22.1,92,88,83,1015.6,1013.9,1011.9,12.1,7.5,3.3,6.3
2017-07-08,25.5,24.7,24.1,23.7,23.1,22.6,94,91,87,1015.0,1013.4,1011.6,15.0,8.0,2.9,34.7
2017-07-09,27.1,25.4,24.2,23.9,22.8,22.2,91,85,77,1015.3,1013.7,1011.8,20.7,13.6,7.1,2.9
2017-07-10,28.1,25.9,24.7,22.3,21.6,20.5,85,78,63,1015.8,1014.1,1012.7,20.0,14.9,11.2,0.0
2017-07-11,28.6,25.3,22.3,21.8,21.0,20.1,88,78,61,1016.9,1014.9,1012.8,20.4,11.1,4.6,0.0
2017-07-12,27.7,25.6,24.0,22.5,22.0,21.7,88,81,70,1016.3,1014.5,1012.4,18.1,12.3,6.5,1.8
2017-07-13,27.3,25.5,24.0,23.5,22.4,21.9,89,83,76,1016.3,1014.1,1011.8,20.7,12.6,7.8,4.2
2017-07-14,27.5,25.5,23.6,22.7,22.4,22.1,93,84,73,1015.2,1013.7,1011.7,16.3,9.6,4.1,1.6
2017-07-15,27.9,25.5,23.6,23.9,22.9,22.5,93,85,77,1015.1,1013.1,1010.7,21.5,12.7,6.1,1.3
2017-07-16,27.0,25.5,24.3,23.5,22.8,22.2,88,85,79,1015.3,1013.4,1011.0,18.5,13.7,9.7,6.5
2017-07-17,26.7,25.4,24.3,23.6,22.8,22.2,91,85,81,1014.3,1012.7,1010.8,17.3,13.2,8.4,14.3
2017-07-18,27.4,25.6,24.5,23.3,22.8,22.2,90,84,74,1016.0,1013.8,1011.7,18.2,11.2,4.4,4.9
2017-07-19,27.4,25.6,24.6,24.2,23.3,22.3,91,87,80,1016.4,1014.6,1013.1,17.3,9.7,4.4,5.9
2017-07-20,28.0,25.8,24.2,24.9,23.3,22.9,93,86,77,1015.7,1013.5,1010.5,19.4,12.3,6.7,1.0
2017-07-21,28.3,25.9,24.4,24.6,23.3,22.8,92,86,76,1014.8,1012.4,1009.6,19.5,13.3,7.6,1.5
2017-07-22,26.8,25.2,24.6,23.8,23.2,22.7,92,89,79,1014.9,1012.3,1010.2,21.3,16.1,12.8,22.1
2017-07-23,26.7,24.9,23.9,23.5,22.7,22.3,94,88,79,1015.9,1013.7,1012.1,20.7,16.1,10.0,7.2
2017-07-24,27.3,25.1,23.5,24.1,22.7,22.2,93,87,77,1016.3,1014.2,1012.2,24.3,15.3,9.1,2.2
2017-07-25,26.5,25.0,24.0,23.6,22.4,21.9,89,86,80,1016.4,1014.1,1012.3,21.5,15.9,11.6,1.6
2017-07-26,27.2,25.2,24.0,23.5,22.5,21.9,91,85,78,1015.1,1013.0,1010.8,16.6,12.2,9.2,0.9
2017-07-27,27.4,25.3,23.1,23.2,22.8,22.4,96,87,76,1014.3,1012.3,1009.7,15.5,9.8,5.1,1.4
2017-07-28,27.6,25.5,24.2,24.4,23.2,22.7,93,87,77,1014.0,1012.3,1010.1,19.1,11.7,6.5,2.8
2017-07-29,27.5,25.2,24.0,23.8,23.0,22.8,94,88,80,1014.9,1013.1,1011.1,21.0,12.6,4.3,2.6
2017-07-30,27.6,25.2,24.0,23.1,22.6,22.2,92,85,73,1014.8,1013.1,1010.8,21.9,15.4,10.7,5.3
2017-07-31,27.0,25.2,24.3,22.8,22.5,22.0,91,85,76,1014.5,1012.7,1010.8,21.4,15.4,10.1,1.0
2017-08-01,26.7,24.9,23.9,22.9,22.7,22.4,93,88,78,1014.9,1013.1,1011.3,21.1,15.2,9.1,7.0
2017-08-02,27.0,24.9,23.7,23.8,22.8,22.2,94,88,80,1016.3,1013.9,1012.2,19.4,12.7,8.0,15.6
2017-08-03,26.1,24.2,23.6,24.5,22.7,22.2,95,92,83,1016.6,1014.6,1012.3,18.8,12.6,7.6,65.4
2017-08-04,26.9,24.6,23.6,22.5,22.3,21.8,92,87,75,1015.4,1013.2,1011.0,23.3,14.4,9.0,2.6
2017-08-05,26.8,24.7,23.5,24.1,22.8,22.4,96,89,81,1014.5,1012.8,1011.2,18.4,12.2,7.3,1.2
2017-08-06,26.4,24.6,23.9,23.5,22.5,21.9,93,88,80,1015.3,1013.3,1011.5,18.9,13.0,6.5,21.6
2017-08-07,27.5,24.6,22.6,22.5,22.1,21.3,96,86,69,1015.6,1013.8,1012.0,14.5,10.0,5.4,1.2
2017-08-08,26.7,24.9,23.4,22.8,22.3,22.0,93,86,76,1015.8,1013.4,1012.0,21.5,13.2,6.4,1.1
2017-08-09,26.8,25.1,23.7,23.7,22.6,22.1,94,86,77,1015.9,1013.8,1011.8,18.8,12.7,8.6,1.6
2017-08-10,27.4,25.3,23.7,22.9,22.7,22.5,94,86,75,1015.2,1013.3,1010.8,16.4,10.7,4.7,1.0
2017-08-11,27.7,25.2,23.6,24.3,23.0,22.4,96,88,77,1015.0,1013.0,1011.1,19.7,12.0,6.8,0.9
2017-08-12,27.6,25.2,23.9,23.0,22.7,22.3,93,86,76,1014.5,1012.6,1010.5,18.1,12.8,9.8,0.5
2017-08-13,27.2,25.3,24.1,23.4,22.9,22.6,93,87,77,1014.0,1011.7,1009.3,21.7,13.4,7.2,0.7
2017-08-14,27.7,25.2,24.2,23.7,22.5,21.7,92,85,73,1013.4,1011.3,1009.6,20.8,14.6,9.6,2.1
2017-08-15,27.1,25.2,24.1,23.3,22.6,21.7,91,85,76,1013.8,1012.2,1010.4,20.4,12.6,5.4,0.4
2017-08-16,27.6,25.1,24.1,22.9,22.6,22.2,93,86,74,1013.7,1011.9,1010.1,20.2,15.6,10.8,3.6
2017-08-17,26.9,24.7,23.3,23.3,22.6,22.1,94,88,75,1013.5,1010.5,1008.0,22.2,15.3,5.6,32.2
2017-08-18,27.0,25.1,24.1,22.5,22.0,21.7,89,84,74,1012.7,1010.4,1008.4,23.8,18.3,12.8,2.5
2017-08-19,27.3,25.1,23.7,22.2,21.6,21.2,90,82,70,1013.9,1012.0,1010.5,16.9,12.4,6.2,0.5
2017-08-20,27.4,24.7,23.1,22.2,21.7,21.2,92,84,70,1015.1,1012.7,1011.0,17.8,12.4,6.7,0.2
2017-08-21,27.2,25.2,24.0,22.4,22.0,21.6,90,83,73,1014.6,1012.3,1009.8,22.9,16.7,11.5,1.4
2017-08-22,27.5,25.0,23.9,22.5,22.0,21.5,92,84,70,1014.3,1012.3,1009.9,21.7,15.0,8.2,0.6
2017-08-23,27.5,25.0,23.3,22.7,22.2,21.7,94,85,72,1013.6,1011.7,1009.5,19.4,11.4,5.1,2.6
2017-08-24,28.0,25.1,22.9,22.8,22.4,21.9,96,86,71,1012.8,1011.1,1009.0,17.7,11.8,7.3,1.3
2017-08-25,28.1,25.2,24.0,23.3,22.6,22.2,92,86,71,1012.9,1010.7,1008.7,26.0,15.3,8.9,2.8
2017-08-26,26.0,24.6,23.5,22.8,22.4,22.1,93,87,79,1013.4,1011.4,1009.6,19.4,11.5,6.2,3.1
2017-08-27,27.5,24.9,23.4,22.9,22.6,22.3,94,87,74,1014.4,1012.5,1011.1,13.5,9.5,5.4,2.9
2017-08-28,27.5,24.9,23.4,23.1,22.8,22.5,96,88,76,1013.7,1012.0,1010.2,17.8,11.5,5.5,0.9
2017-08-29,27.0,24.8,23.4,23.1,22.8,22.6,96,89,79,1013.4,1011.5,1009.2,20.9,12.7,3.1,17.1
2017-08-30,26.9,25.2,24.1,23.3,22.6,22.2,92,86,77,1014.0,1012.4,1010.7,24.3,17.5,8.9,1.6
2017-08-31,27.1,25.1,23.9,23.4,22.6,22.2,93,87,77,1014.8,1012.5,1010.4,24.5,16.1,8.1,1.2
2017-09-01,27.4,24.9,23.3,22.8,22.4,22.1,95,86,74,1015.4,1013.3,1011.3,18.6,12.2,7.3,0.8
2017-09-02,27.7,25.0,23.1,22.8,22.2,21.9,95,85,72,1015.4,1013.3,1011.3,21.9,13.3,5.2,0.6
2017-09-03,28.1,25.0,23.8,22.8,22.5,22.2,92,86,72,1014.9,1012.7,1010.4,19.9,13.8,9.8,6.2
2017-09-04,27.1,25.1,24.0,22.7,22.4,22.1,91,85,76,1015.5,1012.9,1011.3,22.1,15.7,8.3,1.6
2017-09-05,28.0,25.5,23.7,23.0,22.6,22.2,92,84,74,1015.2,1013.0,1010.4,17.3,12.2,7.7,1.0
2017-09-06,28.0,25.5,24.1,23.4,22.7,22.0,94,85,74,1014.3,1012.3,1009.2,19.1,13.4,8.1,1.0
2017-09-07,26.1,24.5,23.9,23.8,22.5,21.5,92,88,83,1014.2,1012.1,1010.0,17.5,13.0,8.4,53.4
2017-09-08,27.3,24.9,23.3,23.5,22.4,21.7,92,86,75,1014.2,1012.2,1010.4,15.3,8.6,5.0,1.8
2017-09-09,27.4,25.3,23.7,23.3,22.9,22.4,95,87,77,1014.0,1011.6,1009.4,14.8,10.4,4.4,0.9
2017-09-10,27.8,25.7,24.5,24.5,23.3,22.9,94,87,78,1013.5,1011.2,1008.5,21.1,12.6,8.4,1.7
2017-09-11,27.7,25.3,24.4,24.2,23.2,22.9,93,88,78,1013.0,1011.2,1009.3,17.3,11.0,4.3,4.0
2017-09-12,27.5,25.1,23.3,24.3,23.0,22.5,96,89,76,1013.7,1011.9,1010.2,18.1,10.0,3.6,0.5
2017-09-13,28.3,25.3,23.7,23.4,22.8,22.3,92,86,71,1014.6,1012.5,1010.5,22.0,13.1,6.3,4.5
2017-09-14,28.0,25.7,24.2,23.3,22.8,22.7,91,85,75,1014.4,1012.1,1009.4,22.4,14.6,6.8,1.5
2017-09-15,27.6,25.7,24.7,23.4,23.0,22.8,92,85,76,1014.0,1012.0,1009.9,23.9,16.2,11.6,1.2
2017-09-16,27.7,25.4,24.2,23.7,22.7,22.0,91,85,75,1014.1,1012.2,1010.7,24.7,17.4,12.0,2.4
2017-09-17,28.1,25.6,23.7,22.8,22.6,22.2,94,84,70,1015.4,1013.5,1011.9,16.4,10.7,4.0,1.4
2017-09-18,28.6,25.7,23.6,23.4,22.9,22.4,94,85,69,1015.0,1013.1,1010.8,19.4,11.3,5.4,3.5
2017-09-19,28.1,25.9,24.4,24.6,23.5,23.0,94,87,79,1013.9,1011.8,1009.0,21.8,13.8,7.3,0.8
2017-09-20,28.2,26.1,24.7,23.5,23.2,22.8,92,84,74,1013.4,1011.3,1008.6,19.2,14.0,8.7,1.0
2017-09-21,28.9,26.2,24.9,23.5,23.1,22.3,91,83,70,1013.6,1011.5,1009.2,23.7,14.8,10.0,0.8
2017-09-22,27.1,25.7,24.6,23.3,22.8,22.4,91,84,76,1014.0,1012.0,1010.3,21.5,15.1,6.5,2.0
2017-09-23,28.2,25.9,24.1,24.8,23.2,22.7,94,86,73,1015.0,1012.9,1010.6,17.1,10.1,6.0,1.6
2017-09-24,28.7,25.8,24.3,25.2,23.4,22.7,95,87,76,1014.5,1012.3,1010.0,13.2,7.9,2.3,1.3
2017-09-25,28.0,25.7,23.7,25.8,23.5,22.6,94,88,78,1013.3,1011.1,1008.9,16.1,7.3,1.8,4.6
2017-09-26,26.4,25.2,23.6,23.8,23.1,22.5,96,88,81,1012.2,1010.3,1008.0,10.5,6.7,2.4,15.2
2017-09-27,28.1,25.2,22.2,23.6,22.9,22.0,99,88,73,1012.7,1010.6,1008.9,14.1,7.7,2.5,1.5
2017-09-28,27.2,25.4,24.0,24.8,23.3,22.8,96,88,81,1013.2,1011.6,1009.8,14.8,7.6,3.2,18.4
2017-09-29,27.8,25.5,23.5,23.9,23.2,22.4,96,87,76,1013.2,1011.3,1009.6,15.5,6.8,1.3,5.5
2017-09-30,29.0,26.1,23.6,24.4,23.5,22.7,95,86,73,1013.2,1009.9,1006.8,18.9,10.2,3.5,1.1
2017-10-01,28.6,26.1,24.0,25.0,23.7,23.0,96,87,73,1012.2,1010.3,1008.0,15.5,9.2,5.9,1.7
2017-10-02,29.1,26.6,24.7,24.6,23.7,23.5,94,85,72,1011.5,1009.8,1007.5,18.1,11.0,5.5,1.7
2017-10-03,29.4,26.4,24.1,24.2,23.6,23.2,95,85,71,1011.8,1009.0,1007.0,15.3,9.5,4.1,2.1
2017-10-04,29.0,26.7,24.6,24.5,23.8,23.2,94,85,73,1013.7,1010.4,1008.1,22.2,13.7,2.2,3.0
2017-10-05,28.0,26.0,24.6,25.0,23.6,23.2,93,87,79,1013.4,1010.8,1007.9,12.0,8.4,3.1,2.3
2017-10-06,28.8,26.4,24.3,23.7,23.5,23.0,96,84,72,1012.0,1010.1,1007.7,20.9,9.6,2.9,2.0
2017-10-07,28.4,25.8,24.3,24.5,23.3,22.8,93,86,78,1012.0,1009.9,1007.6,17.2,11.2,2.5,5.7
2017-10-08,27.4,25.6,24.5,23.6,23.3,22.6,95,88,76,1012.9,1010.7,1008.9,15.8,9.5,4.1,3.7
2017-10-09,29.1,26.3,24.1,24.1,23.8,23.4,96,87,74,1012.4,1010.1,1007.8,18.8,8.1,2.8,2.8
2017-10-10,29.0,26.7,25.2,24.9,24.1,23.4,92,86,75,1012.4,1009.9,1007.8,16.9,10.1,5.4,2.0
2017-10-11,28.8,26.4,24.6,24.1,23.7,23.2,95,85,74,1012.8,1010.9,1009.0,17.3,9.8,3.6,3.3
2017-10-12,28.5,25.9,24.1,24.6,23.5,22.8,94,87,75,1013.1,1011.3,1009.3,14.3,9.1,6.4,6.3
2017-10-13,28.5,26.3,24.8,25.0,23.9,23.1,93,87,76,1013.2,1010.9,1009.1,14.8,9.0,5.4,3.8
2017-10-14,27.9,25.9,24.7,24.9,23.6,23.0,94,87,81,1012.9,1011.0,1008.8,13.5,7.4,2.9,0.3
2017-10-15,29.0,26.4,24.0,24.8,23.6,23.0,94,85,73,1013.4,1011.3,1009.1,17.1,8.4,3.2,0.9
2017-10-16,28.9,26.8,25.3,25.8,24.4,23.8,92,87,77,1014.2,1012.2,1010.3,13.5,8.6,5.4,2.8
2017-10-17,29.2,27.2,25.9,25.5,24.8,24.3,93,87,78,1014.0,1012.2,1009.9,17.0,12.8,8.7,1.6
2017-10-18,28.2,26.5,25.6,25.0,24.3,23.5,94,88,79,1013.7,1011.9,1010.1,15.9,10.0,7.6,0.9
2017-10-19,29.3,26.9,25.1,24.1,23.6,22.9,92,83,70,1013.6,1011.8,1010.1,13.4,8.7,4.1,1.0
2017-10-20,29.6,27.1,25.4,24.3,23.9,22.8,92,83,68,1014.1,1011.4,1009.1,13.9,9.4,4.1,4.0
2017-10-21,29.9,27.3,25.6,25.3,24.3,23.8,93,84,73,1013.7,1011.7,1009.6,17.1,10.3,5.8,0.6
2017-10-22,29.2,26.9,25.9,24.5,24.0,23.1,90,84,70,1013.5,1011.7,1009.7,18.4,12.0,4.8,6.4
2017-10-23,28.9,27.0,25.6,24.9,24.0,23.4,91,84,72,1013.0,1011.0,1008.5,13.1,9.3,4.1,6.2
2017-10-24,30.2,27.2,25.0,24.9,24.2,23.9,94,84,71,1012.0,1010.0,1007.6,13.9,7.8,4.0,1.7
2017-10-25,29.6,27.3,25.4,25.4,24.5,24.0,95,85,72,1011.6,1009.9,1007.8,13.6,8.5,3.4,0.8
2017-10-26,29.9,27.6,25.8,25.2,24.4,23.9,93,83,72,1012.1,1010.3,1008.1,11.8,8.5,6.4,0.9
2017-10-27,30.0,27.5,25.6,25.0,24.2,23.5,94,83,69,1011.4,1009.8,1008.0,14.8,10.1,5.5,1.9
2017-10-28,29.5,27.2,25.6,24.9,24.3,23.5,93,85,75,1011.2,1009.4,1007.4,12.5,8.7,5.4,3.7
2017-10-29,31.0,27.7,25.4,24.6,24.1,23.0,94,81,63,1011.1,1009.3,1006.9,14.7,8.0,1.0,0.8
2017-10-30,30.7,27.8,25.1,25.5,24.4,23.7,94,82,68,1010.4,1008.7,1006.1,15.3,8.9,2.5,0.1
2017-10-31,29.5,27.4,25.8,24.7,24.2,23.6,91,82,74,1011.6,1009.8,1008.1,13.9,8.2,3.6,1.4
2017-11-01,30.0,27.1,24.9,25.1,24.1,23.6,93,84,71,1012.2,1010.1,1007.8,13.4,8.3,4.9,1.7
2017-11-02,30.6,27.5,25.5,24.4,23.9,23.0,91,81,64,1011.9,1010.3,1008.9,12.9,8.0,4.2,4.3
2017-11-03,30.6,27.3,25.0,24.3,23.8,23.1,91,82,67,1012.1,1009.6,1007.9,15.1,9.0,4.3,1.2
2017-11-04,29.5,27.3,25.4,24.5,23.6,22.8,93,81,69,1013.6,1010.6,1008.7,14.3,8.5,1.4,1.5
2017-11-05,30.0,27.3,25.4,24.6,23.6,23.0,90,81,71,1013.5,1010.4,1007.4,15.1,10.0,6.2,1.1
2017-11-06,29.7,27.4,25.9,24.3,23.8,23.2,89,81,68,1011.5,1009.4,1007.1,14.7,10.2,6.6,0.3
2017-11-07,30.8,27.5,24.9,24.6,23.9,23.3,94,81,66,1010.4,1008.6,1006.5,13.2,8.1,3.9,1.8
2017-11-08,31.1,27.9,25.2,25.1,24.2,22.6,94,81,62,1010.5,1008.7,1006.9,14.8,8.5,2.8,0.9
2017-11-09,31.1,27.9,25.4,24.8,24.2,23.3,94,81,66,1011.1,1009.3,1007.2,16.6,10.5,5.6,1.3
2017-11-10,31.3,28.1,25.8,24.6,24.1,23.2,92,80,65,1011.0,1009.3,1007.6,15.7,10.8,3.6,0.3
2017-11-11,30.8,28.0,25.6,24.7,24.2,23.2,93,81,65,1010.8,1009.0,1006.7,15.5,10.6,5.4,0.6
2017-11-12,30.5,27.7,26.2,25.3,24.3,23.3,92,82,70,1010.9,1008.8,1006.9,13.7,9.2,5.1,0.5
2017-11-13,30.9,27.9,26.1,24.9,24.3,23.6,91,81,69,1010.2,1008.4,1006.4,12.9,7.1,2.5,0.6
2017-11-14,29.9,27.6,26.0,25.3,24.4,23.5,91,83,71,1010.4,1007.9,1005.7,14.2,8.9,2.5,2.2
2017-11-15,30.6,27.9,26.2,24.8,24.2,23.7,90,81,69,1011.3,1008.3,1005.7,18.5,12.9,7.9,3.5
2017-11-16,30.7,27.8,26.0,24.7,24.2,22.8,91,81,68,1010.9,1008.7,1006.1,16.9,13.1,8.9,5.3
2017-11-17,30.1,27.9,26.0,24.3,23.9,23.2,88,79,67,1010.5,1008.6,1006.0,17.3,13.3,9.7,0.9
2017-11-18,29.9,27.3,25.6,24.7,24.0,23.1,93,82,68,1010.8,1008.8,1006.3,18.4,12.3,6.8,2.0
2017-11-19,29.3,27.3,25.9,24.4,23.8,22.9,90,82,72,1012.0,1009.2,1007.1,15.3,10.4,6.0,4.0
2017-11-20,30.4,27.3,25.5,24.6,24.0,22.6,94,83,64,1011.7,1009.7,1007.2,11.7,6.2,2.0,5.5
2017-11-21,30.6,27.1,24.4,24.6,23.9,23.1,95,83,69,1011.0,1009.0,1007.0,15.0,10.0,3.3,1.4
2017-11-22,29.3,27.3,25.5,25.0,24.1,23.2,90,83,75,1011.1,1009.2,1007.9,11.9,9.2,4.7,3.1
2017-11-23,29.5,27.1,25.3,24.3,23.6,23.1,90,82,70,1012.1,1009.8,1008.2,13.6,8.7,4.5,5.3
2017-11-24,30.3,27.4,25.0,25.0,24.1,23.3,93,83,71,1011.9,1010.2,1007.7,11.8,8.0,4.4,0.5
2017-11-25,29.9,26.9,24.6,24.5,23.9,23.0,94,84,71,1012.3,1010.9,1009.4,13.4,8.7,4.2,1.4
2017-11-26,32.3,27.7,24.1,24.5,23.5,21.0,96,79,52,1013.2,1010.8,1008.5,15.7,8.9,3.5,0.1
2017-11-27,30.6,27.4,24.4,24.5,23.2,21.2,95,79,58,1012.9,1011.2,1009.5,12.8,8.4,2.2,0.7
2017-11-28,32.8,27.6,23.7,24.4,22.7,17.6,96,77,41,1013.0,1011.0,1008.9,13.9,9.1,1.8,0.0
2017-11-29,32.5,28.1,24.8,24.4,23.1,19.3,94,76,46,1012.7,1010.8,1008.6,15.1,8.8,2.8,0.0
2017-11-30,31.9,27.9,24.0,24.3,23.1,21.2,96,77,55,1013.1,1011.2,1009.7,13.9,8.8,1.1,0.0
2017-12-01,32.6,28.5,25.7,24.8,23.7,21.0,93,77,51,1012.0,1009.9,1007.3,18.4,10.6,1.4,0.1
2017-12-02,31.4,28.1,25.3,24.3,23.6,22.0,92,78,58,1011.1,1008.8,1006.5,16.4,10.2,5.1,1.6
2017-12-03,31.4,28.3,25.8,24.5,24.0,22.8,91,78,60,1011.1,1009.2,1006.9,15.8,10.1,4.7,0.2
2017-12-04,32.4,28.7,26.1,25.0,24.4,23.0,92,78,59,1011.1,1009.7,1007.7,14.5,10.1,3.6,1.0
2017-12-05,32.0,28.5,25.9,25.4,24.7,22.7,94,81,58,1011.0,1009.1,1006.7,16.4,11.5,2.9,0.4
2017-12-06,32.1,28.7,26.2,25.6,24.5,22.1,93,79,56,1009.7,1007.7,1005.0,18.5,12.1,2.7,0.2
2017-12-07,30.9,28.1,25.5,25.1,24.5,23.7,90,81,66,1009.7,1007.9,1005.8,18.4,10.3,2.2,1.0
2017-12-08,30.5,27.9,25.9,25.2,24.6,23.8,93,83,71,1010.0,1008.2,1006.3,14.5,10.4,6.4,0.6
2017-12-09,28.9,26.5,24.9,24.8,23.8,23.0,94,86,72,1011.0,1009.3,1007.8,13.7,9.0,5.3,3.2
2017-12-10,30.9,27.2,24.3,24.1,22.5,19.5,94,77,51,1010.9,1009.0,1006.6,13.2,8.6,1.9,0.0
2017-12-11,32.2,27.4,23.6,24.2,21.4,15.4,93,72,37,1011.4,1009.4,1007.3,12.3,7.7,1.1,0.0
2017-12-12,32.0,28.1,24.4,24.5,22.4,20.2,94,72,52,1012.0,1009.8,1008.1,12.9,7.7,1.6,0.0
2017-12-13,34.0,28.3,24.3,25.3,22.8,17.6,98,75,39,1011.4,1009.4,1006.6,15.8,7.8,2.5,0.0
2017-12-14,32.3,27.7,24.2,25.2,23.5,20.2,96,80,49,1011.2,1009.4,1007.7,19.7,10.9,4.0,0.0
2017-12-15,32.5,28.1,25.5,25.4,24.3,21.5,96,81,54,1011.4,1009.4,1006.8,17.6,12.4,2.6,0.5
2017-12-16,32.3,28.4,26.0,25.5,24.6,23.3,96,81,59,1010.9,1009.1,1006.6,18.8,12.9,2.2,0.2
2017-12-17,31.6,28.3,26.4,25.3,24.5,22.9,92,81,60,1010.8,1009.2,1006.8,20.5,14.3,7.2,1.2
2017-12-18,30.4,28.1,26.5,25.4,24.5,23.5,93,82,67,1011.0,1009.2,1006.6,17.4,13.3,9.0,0.6
2017-12-19,30.0,27.6,26.0,25.1,24.2,23.2,91,82,69,1011.2,1009.1,1006.8,18.9,13.4,9.2,2.7
2017-12-20,30.7,27.7,25.4,25.0,24.0,23.0,92,81,65,1010.8,1009.0,1006.8,17.3,9.8,4.3,0.4
2017-12-21,30.3,27.8,26.3,25.1,24.3,23.6,92,82,68,1011.7,1009.4,1007.2,17.3,13.0,8.7,0.7
2017-12-22,31.5,27.8,25.8,24.8,23.9,21.4,90,80,56,1012.0,1010.0,1007.3,19.2,13.4,8.3,0.4
2017-12-23,31.6,27.4,24.8,24.8,21.6,15.5,97,73,39,1012.1,1009.7,1007.3,14.6,9.7,3.7,0.0
2017-12-24,32.1,26.8,21.0,22.1,18.6,14.2,84,63,35,1011.1,1009.2,1007.5,14.8,8.7,3.1,0.0
2017-12-25,32.3,27.3,22.2,23.4,20.1,16.4,91,67,41,1011.3,1009.0,1006.8,13.9,9.5,3.2,0.0
2017-12-26,33.8,27.5,22.3,23.8,20.4,13.5,95,69,29,1011.4,1008.8,1006.8,13.7,7.7,1.1,0.0
2017-12-27,34.0,26.7,20.7,23.1,17.5,7.4,95,64,21,1010.8,1008.4,1006.7,14.0,7.5,0.0,0.0
2017-12-28,33.1,26.2,20.5,24.2,19.3,12.8,96,70,30,1010.4,1008.6,1006.5,18.8,9.6,2.6,0.0
2017-12-29,31.0,26.8,23.8,24.8,22.8,20.4,97,80,56,1011.9,1009.6,1007.7,15.5,10.1,1.5,0.0
2017-12-30,32.2,27.2,23.8,25.0,23.5,21.0,99,82,52,1012.5,1010.1,1007.8,16.7,9.9,0.0,0.0
2017-12-31,33.1,27.7,24.0,25.0,21.0,12.2,98,72,29,1012.6,1010.2,1007.8,13.8,8.9,5.0,0.0
2018-01-01,32.6,26.6,20.9,24.1,15.8,6.2,95,60,21,1011.7,1009.4,1006.7,13.8,9.2,5.4,0.0
2018-01-02,32.9,26.6,20.9,22.3,16.2,10.0,89,57,27,1011.1,1008.7,1005.7,14.9,8.4,4.4,0.0
2018-01-03,33.2,26.4,20.6,21.4,14.6,7.1,84,54,23,1011.7,1009.4,1006.6,14.5,9.1,2.8,0.0
2018-01-04,33.1,26.4,19.8,20.0,12.0,5.1,76,46,18,1013.5,1010.8,1008.3,13.0,9.7,4.1,0.0
2018-01-05,31.1,25.4,19.9,20.1,12.5,3.5,78,49,18,1013.3,1011.1,1009.0,14.3,9.2,4.1,0.0
2018-01-06,31.5,25.3,19.3,23.5,18.4,12.8,92,69,33,1013.1,1010.5,1007.7,17.3,9.8,1.5,0.0
2018-01-07,31.5,26.6,23.3,23.7,22.2,19.7,98,79,51,1012.1,1010.0,1008.2,15.5,9.3,3.4,0.0
2018-01-08,32.2,26.9,23.8,24.3,23.2,21.0,98,82,55,1012.9,1010.5,1008.3,18.2,10.2,1.3,0.0
2018-01-09,31.6,26.9,24.3,24.6,23.4,20.6,99,83,55,1012.9,1010.7,1008.4,18.1,10.2,4.4,0.0
2018-01-10,31.4,27.1,24.2,24.2,22.8,20.2,97,79,53,1012.7,1010.7,1008.2,17.7,10.8,2.2,0.0
2018-01-11,31.7,27.4,24.2,24.7,23.4,20.1,96,80,50,1012.3,1010.0,1007.7,19.5,11.9,4.1,0.4
2018-01-12,31.8,27.3,24.8,24.8,23.6,20.4,96,82,52,1012.3,1010.0,1007.4,19.7,12.3,5.1,0.3
2018-01-13,31.8,27.3,24.7,24.8,23.3,20.4,96,80,52,1011.6,1009.5,1007.0,19.8,10.9,0.7,0.0
2018-01-14,31.5,27.2,23.9,24.4,23.0,19.9,97,80,50,1011.7,1009.6,1007.1,16.0,9.6,1.4,0.0
2018-01-15,31.2,27.1,23.7,24.7,23.5,22.1,99,82,59,1012.0,1010.0,1007.8,16.8,10.1,2.9,0.0
2018-01-16,31.9,27.7,24.8,24.5,23.4,20.9,96,79,52,1012.3,1010.1,1007.5,17.7,10.8,3.6,0.0
2018-01-17,33.1,27.9,24.8,25.2,23.7,20.4,97,80,47,1011.4,1009.2,1006.0,17.9,12.0,3.3,0.0
2018-01-18,32.2,27.9,25.2,25.3,24.1,21.0,96,81,52,1011.4,1009.2,1006.9,18.9,11.1,1.4,0.0
2018-01-19,31.5,27.9,25.3,25.3,23.9,21.1,95,80,54,1011.5,1009.4,1007.1,17.4,12.2,9.0,0.6
2018-01-20,32.0,27.9,25.1,25.2,24.4,23.1,96,82,61,1011.0,1008.9,1006.4,20.7,12.8,3.8,0.3
2018-01-21,31.6,28.0,25.0,25.3,24.0,21.4,98,81,56,1011.1,1008.8,1006.3,18.9,10.8,2.7,0.6
2018-01-22,33.5,28.0,25.5,25.3,23.6,17.6,96,79,39,1010.9,1008.6,1005.9,18.9,10.7,1.6,0.1
2018-01-23,30.9,27.4,25.1,25.0,23.6,19.8,98,81,52,1011.6,1009.1,1007.1,16.2,10.8,1.8,1.3
2018-01-24,32.5,27.9,24.6,24.6,23.1,20.1,97,77,49,1011.1,1008.5,1005.8,16.6,10.8,2.8,0.1
2018-01-25,32.9,27.7,24.2,24.6,21.4,15.1,97,73,35,1010.9,1008.6,1006.2,13.6,8.7,2.5,0.0
2018-01-26,32.6,27.0,23.5,24.4,22.5,18.3,97,79,45,1010.7,1008.2,1005.7,18.4,10.1,2.4,0.0
2018-01-27,31.7,26.9,23.1,24.6,22.9,20.9,99,81,56,1010.7,1007.9,1004.9,16.6,10.1,3.1,0.0
2018-01-28,32.2,27.4,24.0,24.7,23.3,20.9,97,80,53,1010.3,1007.9,1005.6,19.0,11.8,4.3,0.0
2018-01-29,31.7,27.6,24.7,24.9,24.0,21.8,97,82,56,1011.2,1008.7,1006.1,18.8,10.2,2.6,0.0
2018-01-30,33.9,28.1,25.1,25.2,23.4,18.1,97,79,40,1011.2,1008.6,1005.9,17.8,9.9,1.8,0.0
2018-01-31,33.4,28.0,24.8,25.2,22.2,15.8,99,75,36,1009.6,1006.9,1004.4,16.6,9.6,4.3,0.0
2018-02-01,32.9,27.8,24.8,25.1,24.1,21.5,99,82,52,1009.9,1006.9,1004.5,19.2,10.8,1.3,0.0
2018-02-02,32.6,28.3,25.4,25.4,23.9,20.8,96,79,52,1009.5,1007.2,1005.0,17.9,11.7,4.4,0.1
2018-02-03,32.4,28.4,25.6,25.4,24.1,21.4,97,80,53,1009.3,1007.3,1005.1,18.6,11.1,4.4,0.0
2018-02-04,32.8,28.2,25.2,25.5,24.4,22.2,97,81,54,1008.6,1006.5,1004.1,21.3,12.7,5.7,0.0
2018-02-05,33.5,28.9,26.3,25.6,24.5,22.2,95,79,52,1008.9,1006.5,1004.5,20.6,14.7,9.5,0.0
2018-02-06,32.5,29.1,27.0,26.2,25.1,23.6,95,80,60,1008.9,1006.8,1004.9,24.9,16.9,10.1,0.3
2018-02-07,31.9,28.8,26.5,25.8,25.0,24.0,91,80,63,1008.8,1007.1,1004.8,19.5,15.9,11.6,1.1
2018-02-08,31.9,28.9,26.6,25.8,25.1,23.6,94,81,62,1009.5,1007.3,1005.5,23.5,14.8,6.6,1.3
2018-02-09,30.5,28.3,27.0,25.8,24.7,23.7,91,81,69,1009.6,1007.9,1005.8,21.3,16.5,11.8,1.2
2018-02-10,30.9,28.1,25.2,25.3,24.4,23.7,93,81,68,1008.9,1006.7,1004.3,18.1,13.8,6.7,1.8
2018-02-11,29.9,27.6,25.2,25.6,24.3,23.3,91,83,69,1009.7,1007.6,1005.7,17.0,12.5,5.0,6.6
2018-02-12,31.2,27.8,24.5,25.1,24.3,23.3,93,82,64,1010.9,1008.4,1006.3,18.2,9.1,1.1,2.2
2018-02-13,31.2,27.8,25.6,25.5,24.8,23.3,97,84,63,1010.8,1008.5,1006.4,18.5,10.6,2.5,0.8
2018-02-14,32.1,28.4,26.3,25.5,25.0,23.1,95,82,59,1011.0,1008.6,1006.2,19.7,12.2,5.0,0.6
2018-02-15,31.8,28.5,26.3,25.5,24.8,23.5,94,81,62,1010.7,1008.3,1006.1,18.2,11.7,3.3,0.3
2018-02-16,32.3,28.6,26.4,25.7,25.0,23.6,95,82,61,1011.1,1008.7,1006.4,21.0,12.9,7.0,0.8
2018-02-17,31.2,28.5,26.4,26.0,25.2,23.3,92,83,64,1011.0,1008.2,1005.4,20.9,15.3,8.9,2.5
2018-02-18,29.6,27.6,25.7,25.7,24.4,23.3,92,83,71,1011.3,1008.6,1006.3,20.3,12.3,6.3,7.7
2018-02-19,31.5,28.1,25.4,26.0,25.1,24.2,97,84,65,1009.7,1007.5,1004.7,15.8,8.0,2.3,0.4
2018-02-20,30.0,28.0,26.7,25.9,25.3,24.4,93,85,72,1009.3,1007.3,1005.0,12.7,9.8,7.3,2.1
2018-02-21,31.3,28.5,26.6,25.7,24.1,22.6,93,78,60,1009.1,1006.9,1004.7,21.7,16.1,10.4,0.3
2018-02-22,31.7,28.6,26.7,25.3,24.2,23.3,89,78,63,1009.9,1007.0,1004.2,20.3,13.7,7.9,0.3
2018-02-23,31.6,28.6,26.1,25.4,24.5,23.0,94,80,61,1009.7,1006.8,1004.3,17.1,11.2,4.7,0.1
2018-02-24,30.1,26.8,23.7,24.9,23.5,22.7,96,83,67,1010.4,1008.1,1005.2,19.8,11.0,0.7,1.2
2018-02-25,32.3,28.3,25.6,25.8,24.6,23.4,93,81,61,1010.8,1008.5,1005.9,16.6,10.9,1.8,7.8
2018-02-26,27.8,26.0,24.2,25.9,23.7,22.7,94,88,77,1012.6,1009.8,1007.5,22.4,13.2,5.1,18.4
2018-02-27,30.1,27.0,24.1,24.5,23.7,22.9,96,83,66,1012.3,1010.3,1008.5,14.2,8.0,2.9,1.2
2018-02-28,30.9,27.9,26.1,25.1,24.1,22.8,89,80,63,1012.4,1010.5,1008.5,14.3,9.8,5.8,0.5
2018-03-01,30.3,28.0,26.7,25.4,24.6,23.4,90,82,70,1012.9,1010.9,1009.4,16.9,13.6,9.9,1.2
2018-03-02,30.8,28.1,25.9,24.8,24.1,22.7,91,80,63,1011.9,1009.9,1007.8,18.9,12.2,6.8,1.4
2018-03-03,31.4,28.6,26.7,25.1,24.3,23.2,88,78,62,1011.0,1009.0,1006.9,20.4,14.1,6.7,0.5
2018-03-04,31.4,28.4,26.8,25.2,24.3,23.5,88,79,64,1011.3,1009.1,1007.1,19.2,14.3,7.4,1.9
2018-03-05,30.4,27.9,26.2,24.6,23.7,22.5,90,78,63,1011.0,1009.0,1006.9,19.2,14.7,8.0,0.9
2018-03-06,31.8,28.6,26.2,24.1,23.3,21.8,86,74,56,1010.8,1008.6,1006.2,18.7,12.3,6.8,0.0
2018-03-07,31.6,28.8,26.7,24.7,23.6,22.4,86,74,58,1012.0,1009.4,1007.2,18.6,13.0,5.9,0.7
2018-03-08,30.7,28.6,27.0,24.8,24.0,23.3,86,77,66,1012.0,1010.0,1007.9,20.4,14.3,5.6,0.6
2018-03-09,31.3,28.8,27.0,24.6,23.9,22.9,86,75,62,1011.8,1009.9,1008.4,20.9,15.5,10.9,0.9
2018-03-10,31.6,28.7,27.2,24.8,23.8,22.6,86,75,61,1011.7,1009.7,1007.8,21.1,15.1,9.6,1.1
2018-03-11,31.1,28.5,27.2,24.9,24.2,23.4,87,78,64,1011.8,1009.8,1008.1,21.2,15.1,9.2,0.7
2018-03-12,31.5,28.7,27.0,24.9,24.3,23.3,87,78,63,1012.4,1010.5,1008.1,21.1,14.4,8.4,2.1
2018-03-13,32.0,29.1,27.1,24.9,24.4,23.6,88,76,61,1012.3,1010.1,1007.8,21.8,15.0,9.0,0.6
2018-03-14,32.5,29.2,26.8,25.3,24.3,22.8,88,76,57,1011.5,1009.3,1006.8,21.9,15.1,7.5,0.0
2018-03-15,32.2,29.1,27.4,25.3,24.4,23.1,88,76,59,1010.7,1008.6,1006.0,21.6,16.6,9.5,0.3
2018-03-16,32.0,29.0,27.3,25.4,24.5,23.0,87,77,59,1010.2,1008.0,1005.6,22.4,16.4,10.0,2.6
2018-03-17,32.0,28.5,26.6,25.2,24.4,22.9,89,79,60,1010.2,1008.2,1005.8,23.7,15.9,9.7,2.9
2018-03-18,31.1,28.2,26.2,25.2,24.6,23.8,92,81,67,1009.8,1007.6,1005.4,21.0,13.6,6.8,2.1
2018-03-19,30.7,28.5,26.8,25.3,24.6,23.8,90,80,67,1010.1,1007.9,1005.8,21.4,14.8,9.0,2.0
2018-03-20,30.3,28.5,27.4,25.0,24.5,23.6,86,79,67,1010.5,1008.3,1006.5,23.2,15.2,10.0,1.2
2018-03-21,30.8,28.3,26.7,24.9,24.4,23.6,88,80,66,1012.5,1009.4,1006.6,22.5,14.1,6.2,4.5
2018-03-22,31.2,27.9,25.9,25.1,24.4,23.7,94,82,64,1011.8,1009.6,1007.2,20.8,12.8,8.0,1.9
2018-03-23,31.2,27.7,26.0,24.9,24.4,23.8,92,83,68,1012.2,1009.1,1005.9,14.7,9.4,4.5,3.4
2018-03-24,30.4,27.2,24.6,24.8,24.0,23.4,96,83,66,1010.1,1008.1,1006.0,12.8,9.1,5.0,8.6
2018-03-25,30.6,28.1,26.2,25.8,24.8,24.3,91,83,74,1010.1,1008.0,1006.4,13.4,9.2,6.1,2.8
2018-03-26,31.0,28.3,25.8,25.3,24.8,24.3,93,82,68,1010.9,1008.7,1006.0,17.6,11.1,4.8,1.9
2018-03-27,31.5,28.9,27.2,25.5,25.0,24.2,89,80,65,1011.2,1009.2,1006.4,19.7,14.7,10.1,0.5
2018-03-28,30.5,28.3,26.6,25.3,24.7,24.1,88,81,69,1010.9,1008.6,1006.6,19.8,14.6,10.5,1.3
2018-03-29,30.9,27.8,26.2,25.2,24.4,23.9,89,82,68,1010.6,1008.7,1006.9,18.2,11.4,4.8,4.6
2018-03-30,31.1,28.2,26.4,25.4,24.7,23.8,92,82,65,1010.7,1007.9,1005.2,13.6,7.6,2.5,2.4
2018-03-31,31.7,28.6,26.4,25.7,25.1,24.3,93,82,66,1009.0,1007.1,1004.3,16.4,12.1,5.4,0.2
2018-04-01,31.9,28.9,27.1,25.8,25.0,23.9,90,80,63,1008.6,1006.3,1003.6,20.6,15.6,9.0,0.3
2018-04-02,31.0,28.5,27.2,25.9,24.8,24.0,88,81,67,1008.7,1006.3,1004.6,21.1,17.4,11.5,4.0
2018-04-03,30.8,28.6,27.0,25.1,24.6,24.1,87,79,68,1009.0,1006.5,1004.7,19.8,14.7,9.2,1.1
2018-04-04,30.9,28.5,26.9,24.9,24.4,23.7,88,79,65,1009.5,1007.5,1005.9,17.1,12.3,7.7,0.8
2018-04-05,31.2,28.5,26.5,25.2,24.4,23.8,91,79,65,1009.1,1006.9,1004.6,21.1,13.8,7.3,0.7
2018-04-06,31.5,28.4,26.7,25.2,24.5,23.5,91,80,62,1008.5,1006.3,1004.4,18.7,12.4,6.9,2.0
2018-04-07,31.3,27.9,25.2,25.0,24.3,23.5,96,81,64,1010.3,1007.3,1005.1,20.7,13.8,5.9,1.4
2018-04-08,30.0,27.3,26.1,24.8,23.9,23.2,89,82,68,1011.1,1008.7,1006.6,18.4,12.3,6.1,1.7
2018-04-09,31.3,27.8,24.6,24.9,23.8,21.9,94,80,58,1012.5,1009.2,1007.0,20.4,12.7,4.2,11.7
2018-04-10,28.6,26.5,25.1,24.6,24.1,23.6,93,87,75,1012.1,1010.2,1008.3,17.1,10.2,4.8,1.3
2018-04-11,29.8,27.1,24.4,24.5,24.0,23.6,98,84,69,1011.2,1009.1,1006.7,16.3,9.0,2.6,1.0
2018-04-12,30.3,27.7,26.1,24.8,24.2,23.5,89,82,67,1011.1,1009.1,1007.0,20.7,12.9,6.3,1.5
2018-04-13,30.7,27.8,25.8,24.8,24.2,23.5,91,81,66,1012.1,1009.9,1007.8,22.0,13.6,5.7,0.8
2018-04-14,31.2,28.0,26.5,24.7,24.2,23.1,88,80,63,1013.9,1010.7,1008.7,21.5,13.8,7.6,3.0
2018-04-15,30.5,27.7,26.2,25.0,24.4,23.5,92,83,67,1014.1,1011.4,1008.8,19.1,9.5,3.6,1.6
2018-04-16,31.2,28.5,26.6,25.1,24.4,23.0,90,79,62,1012.6,1010.6,1008.3,15.8,10.1,4.6,0.0
2018-04-17,31.3,28.0,26.4,25.2,24.5,23.3,93,82,63,1013.1,1010.8,1008.5,17.7,10.2,5.9,4.7
2018-04-18,31.4,28.2,26.6,25.2,24.4,23.3,90,81,62,1013.2,1011.3,1009.6,18.9,12.1,6.9,0.8
2018-04-19,31.5,28.6,26.4,25.2,24.5,23.4,91,80,62,1013.0,1010.6,1007.7,20.8,14.7,8.8,1.6
2018-04-20,30.1,28.0,27.1,25.3,24.3,23.0,89,81,70,1011.8,1010.0,1008.1,22.8,14.9,7.7,3.4
2018-04-21,31.2,27.6,25.4,24.9,24.0,22.5,94,82,63,1011.2,1009.7,1008.1,16.8,8.9,3.7,0.6
2018-04-22,31.3,28.1,26.4,24.8,24.2,22.8,91,80,61,1011.5,1009.9,1008.3,16.6,10.6,6.2,0.8
2018-04-23,30.9,28.2,26.3,25.2,24.5,23.5,93,81,65,1011.6,1009.6,1007.6,17.8,12.7,9.2,1.7
2018-04-24,31.3,28.4,26.8,25.2,24.6,23.8,89,80,64,1011.9,1009.7,1008.0,21.0,15.8,10.2,1.1
2018-04-25,31.1,28.6,27.1,25.4,24.6,23.0,90,80,62,1012.2,1010.1,1008.2,20.0,14.4,6.1,0.4
2018-04-26,31.7,28.4,25.6,25.3,24.0,22.7,94,78,60,1011.9,1009.5,1007.2,15.7,9.9,2.6,0.0
2018-04-27,32.0,28.8,26.3,25.0,24.3,22.8,92,78,58,1011.7,1009.7,1006.9,19.5,11.5,5.5,0.0
2018-04-28,32.0,28.5,26.0,25.4,24.1,22.7,93,78,58,1012.1,1010.1,1007.6,18.6,11.4,3.3,0.0
2018-04-29,31.6,28.6,27.1,25.2,24.3,23.6,86,78,62,1012.8,1010.2,1008.4,20.9,14.8,7.6,4.8
2018-04-30,30.8,28.4,26.9,24.7,24.0,23.1,88,78,63,1012.8,1010.3,1007.8,20.9,14.4,8.9,1.4
2018-05-01,32.4,29.2,26.9,24.4,23.5,21.8,85,72,54,1011.9,1010.0,1007.5,20.9,13.6,6.9,0.0
2018-05-02,31.6,29.0,27.4,24.8,24.2,23.1,85,76,62,1011.4,1009.8,1007.6,21.5,15.1,10.6,0.4
2018-05-03,31.2,28.0,26.1,24.9,23.9,22.9,90,79,62,1011.5,1009.3,1007.2,21.9,15.2,8.1,6.9
2018-05-04,31.7,28.5,26.1,24.9,24.0,22.5,90,78,59,1011.5,1009.1,1006.7,17.5,12.1,5.4,0.3
2018-05-05,32.1,28.1,26.0,25.0,24.1,22.8,91,80,58,1012.3,1010.2,1009.1,19.1,11.8,6.1,5.8
2018-05-06,29.3,27.2,25.5,25.3,24.4,23.9,92,85,75,1013.4,1011.0,1009.0,19.7,12.1,5.2,12.2
2018-05-07,30.3,27.6,25.3,25.1,24.5,23.8,94,84,69,1013.1,1010.9,1008.6,16.8,10.0,5.2,1.4
2018-05-08,30.3,28.0,26.4,25.1,24.5,23.4,92,82,67,1011.8,1009.0,1006.6,19.8,13.4,6.3,0.1
2018-05-09,30.9,28.4,26.8,24.7,24.1,23.4,88,78,64,1010.8,1008.8,1006.7,18.6,12.9,7.1,0.3
2018-05-10,30.6,27.4,25.5,24.7,24.2,23.4,93,83,67,1012.6,1009.9,1008.3,15.3,9.7,2.7,9.9
2018-05-11,27.6,25.7,24.1,24.8,23.8,23.3,97,89,82,1013.0,1011.0,1009.0,12.3,6.2,1.9,19.0
2018-05-12,29.9,25.7,24.0,24.0,23.4,23.0,94,87,70,1013.3,1011.2,1009.5,11.4,7.0,2.9,25.2
2018-05-13,29.6,26.1,23.9,24.0,23.0,21.8,91,83,70,1012.6,1010.3,1007.5,17.4,10.5,2.1,4.6
2018-05-14,28.9,27.1,25.9,25.2,24.3,23.9,89,84,75,1012.6,1010.4,1008.8,14.8,9.4,3.9,4.3
2018-05-15,29.6,27.4,25.3,24.9,24.1,23.7,93,83,72,1012.8,1010.2,1007.9,14.4,8.1,2.3,3.2
2018-05-16,29.2,27.2,26.0,25.1,24.5,23.9,91,85,77,1011.8,1009.7,1007.4,15.6,10.0,4.0,3.8
2018-05-17,29.5,26.9,25.9,24.9,24.4,23.9,91,86,73,1011.5,1010.0,1008.4,22.7,9.6,2.9,3.2
2018-05-18,28.8,26.4,24.4,24.6,23.8,23.2,94,86,77,1011.7,1009.8,1007.6,10.3,6.9,2.5,0.7
2018-05-19,30.4,27.5,25.5,25.3,24.3,23.7,92,83,67,1011.8,1009.9,1007.8,17.8,9.9,4.3,1.9
2018-05-20,30.1,27.7,26.0,24.5,24.2,23.9,89,82,70,1012.1,1009.8,1007.5,23.7,16.2,8.9,2.0
2018-05-21,29.9,27.3,25.4,24.5,23.9,23.2,90,82,68,1011.9,1010.0,1007.8,20.0,14.9,9.5,4.9
2018-05-22,29.3,27.1,25.3,24.8,24.2,23.6,92,84,74,1012.3,1010.5,1008.9,15.5,10.1,5.5,2.9
2018-05-23,30.0,27.4,25.3,24.6,24.1,23.5,94,83,68,1013.0,1011.0,1009.4,19.9,10.0,5.2,3.5
2018-05-24,30.4,27.8,26.2,24.4,24.1,23.8,89,81,68,1013.0,1010.7,1008.4,22.1,14.4,7.9,1.7
2018-05-25,29.5,27.0,25.6,24.7,24.0,23.6,91,84,73,1011.4,1009.5,1007.1,26.8,14.4,7.8,5.2
2018-05-26,28.2,26.0,24.5,25.4,24.0,23.3,96,89,83,1012.0,1010.0,1008.4,15.0,7.9,3.8,5.8
2018-05-27,28.5,26.1,24.0,25.3,23.9,23.3,96,88,76,1014.0,1011.8,1009.8,17.1,7.8,2.5,11.7
2018-05-28,29.8,27.0,24.8,24.7,24.1,23.3,93,84,68,1013.6,1011.8,1009.3,16.3,9.9,5.9,1.6
2018-05-29,27.3,26.3,24.7,24.5,23.9,23.3,92,86,82,1014.0,1011.7,1009.8,13.7,9.3,3.7,10.8
2018-05-30,28.4,26.5,24.9,25.1,23.8,23.4,93,85,78,1013.1,1011.5,1009.9,14.0,9.5,4.3,5.7
2018-05-31,29.1,26.7,25.1,25.2,24.2,23.8,93,86,76,1013.0,1011.2,1009.0,17.0,7.8,3.2,0.9
2018-06-01,29.0,27.1,25.2,25.4,24.2,23.8,93,85,75,1013.0,1011.2,1008.9,19.2,10.8,5.6,1.8
2018-06-02,28.9,26.8,25.1,25.2,24.1,23.6,93,86,74,1013.9,1011.7,1009.7,17.6,9.6,3.4,1.9
2018-06-03,29.4,26.5,24.5,24.3,23.8,23.4,96,86,73,1014.3,1012.5,1010.3,12.0,7.4,2.0,12.9
2018-06-04,29.5,27.0,24.7,25.5,24.1,23.7,94,85,72,1013.9,1011.9,1010.1,17.6,10.1,4.7,1.4
2018-06-05,29.9,27.6,25.7,25.4,24.4,24.1,91,83,74,1012.6,1010.6,1008.6,17.9,9.8,4.3,1.1
2018-06-06,28.8,27.2,25.8,25.3,24.4,24.0,91,85,78,1012.9,1011.3,1009.8,15.6,9.6,4.7,3.0
2018-06-07,29.7,27.1,25.2,25.9,24.5,24.0,94,86,73,1014.6,1012.4,1011.0,14.8,8.8,3.9,1.9
2018-06-08,29.6,27.3,25.8,25.4,24.4,23.9,91,84,73,1013.7,1011.9,1009.9,18.1,11.6,6.8,1.7
2018-06-09,27.9,26.2,25.3,24.6,23.9,23.5,92,88,82,1014.2,1012.1,1010.5,17.9,11.5,7.3,9.8
2018-06-10,28.0,25.8,24.7,25.4,23.8,23.2,95,89,78,1013.7,1012.4,1011.1,16.7,8.4,3.6,14.0
2018-06-11,29.0,26.3,24.0,24.2,23.8,23.1,98,87,71,1014.0,1012.6,1010.6,13.9,7.1,2.2,2.2
2018-06-12,29.2,27.1,25.5,25.6,24.3,23.6,91,85,73,1014.8,1012.8,1010.9,16.1,9.8,5.6,1.8
2018-06-13,29.2,27.2,26.2,25.1,24.4,23.8,91,85,77,1014.0,1012.6,1010.5,17.3,9.9,5.5,2.5
2018-06-14,28.5,26.9,25.7,25.8,24.6,23.9,92,87,82,1014.0,1012.4,1010.3,15.0,9.2,4.0,2.1
2018-06-15,28.5,26.4,25.2,24.8,24.1,23.4,93,87,77,1014.3,1012.3,1010.8,16.6,10.9,4.0,8.6
2018-06-16,27.5,26.2,25.2,24.5,23.8,23.3,91,86,81,1014.4,1012.6,1010.7,15.5,12.1,8.2,4.9
2018-06-17,28.8,26.3,23.7,24.9,23.7,22.8,96,86,74,1015.2,1012.8,1010.7,23.1,12.2,4.3,9.9
2018-06-18,26.2,24.9,24.0,23.9,23.3,22.7,95,90,86,1015.3,1013.5,1011.5,19.8,12.8,1.1,46.0
2018-06-19,28.9,26.4,24.1,23.6,22.6,22.0,92,80,68,1014.7,1013.1,1011.0,25.2,17.0,6.3,2.9
2018-06-20,27.9,25.5,24.4,23.8,22.9,22.3,92,86,76,1014.8,1013.1,1012.0,21.8,16.2,11.2,6.9
2018-06-21,26.8,25.0,23.6,24.7,23.0,22.5,94,89,81,1015.1,1013.5,1012.2,16.9,12.9,7.1,42.4
2018-06-22,27.0,25.3,23.7,24.5,23.0,22.5,94,87,78,1015.7,1013.7,1011.5,19.4,11.6,4.6,8.1
2018-06-23,26.1,24.9,23.7,24.2,22.6,22.1,92,87,79,1015.0,1013.2,1011.2,19.5,12.1,7.5,9.5
2018-06-24,28.0,25.8,24.1,22.8,22.2,21.8,89,81,71,1013.9,1012.3,1010.2,16.8,10.7,4.7,2.1
2018-06-25,28.4,25.7,23.8,23.6,22.5,21.8,92,83,71,1013.4,1011.3,1009.8,12.7,8.7,4.7,0.8
2018-06-26,27.1,25.2,23.4,24.3,22.7,21.9,92,86,78,1013.2,1011.3,1009.2,17.7,9.6,5.4,4.3
2018-06-27,28.2,25.9,24.3,23.8,23.0,22.5,91,84,74,1013.2,1011.5,1010.1,21.7,13.7,7.3,2.1
2018-06-28,28.1,25.8,24.1,24.6,23.2,22.9,94,86,75,1013.7,1011.7,1009.6,21.3,12.6,6.1,1.7
2018-06-29,28.6,26.1,24.0,23.1,22.8,22.3,93,83,69,1012.3,1010.7,1008.9,20.2,12.8,5.5,1.1
2018-06-30,26.6,25.0,23.9,24.3,22.9,22.3,93,88,83,1011.8,1009.9,1007.8,19.8,13.2,5.9,11.7
2018-07-01,25.5,24.3,23.8,23.7,22.9,22.5,94,92,90,1012.8,1010.9,1009.1,17.2,11.5,6.5,27.0
2018-07-02,28.1,25.1,23.3,23.9,22.9,22.5,96,88,72,1013.1,1011.1,1009.3,20.7,11.5,5.1,3.3
2018-07-03,26.6,25.3,23.7,24.1,23.0,21.7,92,87,80,1012.6,1011.1,1009.4,17.1,10.5,5.1,6.4
2018-07-04,27.6,25.6,24.2,24.5,23.0,22.5,91,85,75,1013.6,1011.9,1010.8,18.2,10.1,4.2,2.7
2018-07-05,27.5,25.5,24.1,25.4,23.5,22.9,94,89,82,1014.2,1012.6,1011.1,16.6,9.5,5.4,2.0
2018-07-06,28.2,25.5,23.5,24.6,23.1,22.6,97,87,76,1014.3,1012.5,1010.7,15.3,8.5,3.3,1.4
2018-07-07,27.8,25.9,24.6,24.0,23.2,23.0,93,85,76,1014.3,1012.6,1011.2,15.8,10.6,5.2,3.2
2018-07-08,27.4,25.5,23.8,24.7,23.3,22.9,95,88,77,1014.5,1012.8,1010.7,18.9,10.0,4.9,2.0
2018-07-09,28.4,25.9,24.3,24.3,23.3,22.5,94,86,72,1015.2,1013.2,1011.3,15.6,9.4,4.5,1.2
2018-07-10,28.0,25.7,24.1,25.0,23.4,23.1,96,87,77,1015.4,1013.5,1011.8,17.1,11.0,6.4,4.7
2018-07-11,28.0,26.0,24.5,24.9,23.6,23.1,94,87,76,1015.5,1013.4,1011.3,16.2,8.9,4.8,3.1
2018-07-12,28.1,25.9,24.6,23.6,23.1,22.7,92,85,76,1015.8,1013.6,1011.3,20.5,14.1,8.0,0.8
2018-07-13,27.3,25.6,23.8,24.6,23.1,22.6,94,86,78,1015.0,1013.1,1010.9,20.1,12.8,6.6,1.9
2018-07-14,27.2,25.5,24.3,23.8,23.0,22.6,92,87,79,1014.8,1012.7,1010.4,21.1,13.5,7.6,1.7
2018-07-15,27.3,25.7,24.3,24.3,23.0,22.5,90,85,78,1014.3,1012.5,1010.8,21.8,15.6,12.2,2.9
2018-07-16,27.6,25.6,24.0,24.1,22.9,22.1,91,85,78,1015.1,1013.4,1011.8,20.9,14.3,10.4,3.9
2018-07-17,26.8,25.2,24.1,24.1,23.2,22.1,92,89,83,1015.0,1013.5,1012.3,16.9,11.9,8.4,3.9
2018-07-18,27.3,25.3,23.9,24.2,22.9,22.4,94,87,76,1015.7,1013.7,1011.9,20.7,11.4,5.8,2.2
2018-07-19,27.1,25.5,24.3,24.3,23.2,22.7,92,87,80,1014.4,1012.7,1010.6,19.6,11.4,6.7,1.5
2018-07-20,26.5,25.2,24.3,24.2,23.1,22.3,91,88,85,1013.6,1011.9,1009.8,18.6,13.2,8.7,4.9
2018-07-21,26.5,24.9,24.0,23.7,22.8,21.9,94,89,82,1013.8,1012.4,1011.4,14.8,10.8,4.7,6.1
2018-07-22,27.7,25.3,23.5,25.7,23.4,22.8,96,90,78,1014.2,1012.3,1010.2,15.5,8.4,3.4,1.3
2018-07-23,27.8,25.9,24.1,23.5,23.3,23.0,95,86,77,1013.8,1012.2,1010.1,19.6,12.1,7.3,1.9
2018-07-24,28.1,25.9,24.7,24.6,23.6,22.8,92,87,80,1014.4,1012.6,1010.8,21.3,13.7,8.4,2.4
2018-07-25,26.9,25.2,24.0,24.5,23.4,22.7,94,90,85,1015.3,1013.3,1011.7,18.8,14.7,10.8,9.0
2018-07-26,28.2,25.7,24.0,23.2,23.0,22.6,93,85,72,1015.9,1014.2,1012.3,18.8,13.8,8.5,1.7
2018-07-27,28.2,25.6,24.2,24.5,23.2,22.6,92,87,73,1016.2,1014.0,1011.3,15.6,9.2,1.8,0.5
2018-07-28,27.2,25.3,23.4,24.2,23.0,22.4,95,88,79,1015.5,1013.6,1011.3,20.5,12.2,5.8,5.5
2018-07-29,26.4,25.3,24.6,23.4,22.6,21.8,90,85,80,1014.9,1013.3,1011.7,23.5,17.7,11.5,6.2
2018-07-30,27.0,25.3,24.2,22.7,21.9,20.2,90,82,67,1015.0,1013.6,1012.1,21.3,15.1,9.5,1.4
2018-07-31,26.8,25.0,24.0,21.9,21.5,21.0,87,81,71,1015.6,1013.6,1011.9,19.0,15.2,11.5,3.9
2018-08-01,27.2,25.4,24.1,22.3,21.9,21.6,87,82,74,1014.1,1012.6,1010.3,20.7,15.1,9.4,2.2
2018-08-02,27.0,25.1,23.9,23.4,22.1,21.4,89,84,77,1014.3,1012.4,1010.7,20.7,13.8,9.2,5.9
2018-08-03,27.1,25.2,23.9,23.1,22.2,21.8,90,83,75,1014.8,1013.0,1011.4,20.6,13.3,8.2,1.4
2018-08-04,27.0,24.9,23.3,23.0,21.9,21.5,91,83,74,1015.4,1013.9,1012.7,20.7,13.1,8.4,1.9
2018-08-05,27.6,24.9,22.7,21.6,21.1,20.6,91,80,67,1015.5,1013.7,1011.7,22.5,14.8,5.8,0.4
2018-08-06,27.5,25.2,23.8,21.7,21.1,20.6,85,78,68,1015.5,1013.9,1012.1,24.2,16.3,9.4,0.8
2018-08-07,26.6,24.9,23.9,22.6,21.9,21.4,90,83,74,1015.7,1013.8,1012.1,20.9,14.9,9.2,1.9
2018-08-08,28.1,25.2,22.8,22.6,22.0,21.3,93,83,69,1015.5,1013.8,1011.6,19.9,12.6,7.1,1.1
2018-08-09,27.9,25.4,24.0,23.4,22.6,22.2,92,85,74,1015.3,1013.4,1011.4,18.8,15.0,10.3,1.8
2018-08-10,27.6,25.4,24.3,23.5,22.6,22.0,90,85,77,1015.4,1013.7,1012.0,20.0,15.2,10.7,2.2
2018-08-11,27.9,25.4,23.8,22.9,22.3,21.8,93,84,69,1015.3,1013.5,1011.1,17.3,13.2,8.3,1.0
2018-08-12,28.0,25.7,24.3,23.2,22.7,22.0,93,84,71,1014.7,1013.1,1010.6,20.6,14.2,7.5,1.6
2018-08-13,26.5,24.4,23.6,24.0,22.6,21.9,94,89,85,1014.7,1012.9,1010.8,25.2,13.2,6.4,14.8
2018-08-14,27.7,25.0,22.9,22.7,22.0,21.6,95,84,71,1014.7,1013.0,1011.4,17.4,11.9,5.1,0.3
2018-08-15,27.5,25.3,23.7,22.9,22.6,22.3,93,86,75,1015.6,1013.7,1012.2,20.2,13.0,8.2,1.0
2018-08-16,27.9,25.6,24.4,23.5,22.9,22.5,93,85,74,1016.2,1014.1,1011.7,20.6,15.4,10.0,0.3
2018-08-17,27.9,25.7,24.2,23.3,22.8,22.0,94,85,70,1015.5,1013.4,1010.8,20.1,13.4,9.4,0.9
2018-08-18,27.7,25.5,24.3,23.6,23.0,22.7,93,86,74,1014.2,1012.1,1009.9,23.3,14.3,6.8,2.3
2018-08-19,27.9,25.2,23.6,23.8,23.0,22.3,93,88,76,1015.6,1013.0,1010.4,19.9,14.3,9.6,6.1
2018-08-20,26.5,24.7,23.4,23.8,22.7,22.4,94,89,80,1015.0,1012.6,1010.2,25.1,15.1,7.3,9.5
2018-08-21,26.1,24.5,23.3,23.2,22.8,22.5,96,90,83,1014.0,1011.7,1009.4,29.2,18.5,8.2,15.3
2018-08-22,26.4,24.8,23.5,22.9,22.5,22.0,94,87,78,1014.9,1012.7,1011.1,22.2,14.9,9.2,10.7
2018-08-23,26.4,25.0,24.1,23.5,22.7,22.0,91,87,81,1014.5,1012.7,1010.2,19.3,13.2,8.7,4.3
2018-08-24,26.3,24.9,23.9,22.9,22.5,22.3,92,87,80,1014.0,1011.5,1009.5,22.6,15.9,9.4,2.4
2018-08-25,25.7,24.8,23.6,22.9,22.4,22.0,92,87,82,1014.1,1012.0,1010.4,22.1,16.2,11.3,7.7
2018-08-26,27.2,25.2,23.8,24.1,22.7,22.2,93,86,75,1015.5,1013.4,1011.4,16.8,10.7,4.5,2.3
2018-08-27,27.6,25.2,22.9,23.2,22.8,22.2,96,87,75,1014.9,1012.7,1009.8,16.6,10.3,4.3,2.6
2018-08-28,28.0,25.5,23.5,25.0,23.3,22.8,96,88,77,1014.0,1012.0,1009.3,19.2,10.5,4.3,1.1
2018-08-29,27.7,25.5,24.0,24.2,23.0,22.3,91,86,78,1013.9,1011.7,1009.9,15.8,11.4,7.7,6.8
2018-08-30,26.8,25.4,24.2,24.5,23.1,22.4,94,87,78,1012.3,1010.5,1008.4,20.9,12.9,7.2,6.1
2018-08-31,27.6,25.5,24.4,23.8,22.7,22.3,88,85,79,1012.4,1010.1,1008.3,23.9,16.4,11.2,1.8
2018-09-01,26.2,25.3,24.4,23.3,22.8,22.3,91,86,80,1013.1,1011.4,1009.9,17.8,12.3,6.6,2.4
2018-09-02,26.9,25.2,24.2,24.3,23.2,22.8,93,88,79,1013.3,1011.6,1009.6,13.5,9.7,6.8,3.2
2018-09-03,27.1,25.3,24.0,24.2,23.1,22.5,92,88,78,1012.2,1010.2,1007.6,16.3,9.9,5.7,6.3
2018-09-04,27.2,25.2,23.5,24.4,23.1,22.2,95,88,80,1012.4,1010.4,1008.5,16.7,9.9,4.2,5.0
2018-09-05,27.6,25.3,23.9,25.4,23.4,22.8,94,89,81,1013.7,1011.6,1009.9,15.8,9.8,4.7,3.4
2018-09-06,26.8,24.6,23.5,23.9,23.0,22.6,96,91,84,1012.9,1010.9,1009.0,17.1,11.3,4.8,34.2
2018-09-07,25.5,24.2,23.5,23.2,22.7,22.5,95,91,84,1012.3,1010.3,1008.6,17.0,11.4,5.8,17.8
2018-09-08,27.3,24.6,23.5,24.8,23.1,22.5,95,91,85,1013.8,1011.2,1008.9,18.1,11.0,5.9,19.1
2018-09-09,27.0,24.8,23.1,24.2,23.0,22.4,96,90,82,1013.9,1011.9,1010.1,16.3,8.8,4.0,4.4
2018-09-10,26.8,24.7,23.7,23.4,22.9,22.6,96,90,79,1015.0,1012.5,1010.3,14.4,6.4,0.7,20.4
2018-09-11,26.3,24.6,22.8,24.1,22.9,21.9,96,90,81,1014.3,1012.5,1010.3,12.3,5.8,1.8,13.9
2018-09-12,28.0,25.5,23.1,23.5,23.0,22.5,96,86,75,1014.3,1012.2,1009.8,17.1,9.8,2.4,3.4
2018-09-13,28.2,25.8,23.7,23.9,23.4,22.7,95,87,74,1013.5,1011.1,1008.5,14.7,8.9,3.6,4.8
2018-09-14,28.0,25.8,23.7,25.4,23.3,22.8,95,87,75,1013.3,1010.9,1009.3,17.4,9.5,3.9,1.1
2018-09-15,27.6,25.5,23.7,25.6,23.3,22.4,94,88,79,1014.2,1011.7,1009.9,17.4,9.3,3.1,10.4
2018-09-16,28.0,25.8,24.1,25.5,23.5,22.9,93,88,77,1014.1,1011.6,1008.9,14.2,8.0,3.6,2.9
2018-09-17,28.7,26.1,23.7,24.5,23.3,22.6,94,85,74,1012.8,1010.5,1007.5,17.4,8.8,3.9,1.4
2018-09-18,27.5,25.8,24.5,25.5,23.7,23.3,95,88,81,1013.0,1010.6,1008.2,11.9,7.7,3.3,4.8
2018-09-19,28.1,25.8,23.7,24.4,23.4,23.0,96,87,76,1013.4,1010.7,1008.3,13.6,7.5,2.8,6.3
2018-09-20,28.9,26.4,24.2,25.7,24.0,23.0,94,87,77,1012.0,1009.9,1007.1,14.7,8.1,3.9,1.5
2018-09-21,27.9,25.5,23.7,24.9,23.5,22.4,95,89,79,1012.4,1009.7,1007.3,15.6,7.8,2.5,17.2
2018-09-22,28.0,25.4,24.0,25.5,23.4,22.8,95,89,81,1012.2,1010.5,1008.3,16.9,8.7,2.9,4.6
2018-09-23,27.8,25.5,23.4,25.0,23.6,22.8,97,89,80,1013.0,1010.9,1009.1,11.5,6.4,1.6,2.6
2018-09-24,28.5,26.0,24.1,24.6,23.6,23.2,96,87,74,1012.4,1010.7,1008.8,12.4,7.8,1.5,3.1
2018-09-25,28.6,25.9,24.6,24.4,23.6,23.1,93,87,77,1012.5,1010.6,1008.3,17.8,9.5,0.7,14.1
2018-09-26,28.1,25.8,24.1,24.8,23.6,23.0,96,88,77,1012.6,1010.4,1007.9,13.8,7.3,2.5,4.1
2018-09-27,28.5,26.1,24.2,25.7,23.6,23.0,93,86,76,1012.2,1010.2,1007.8,18.8,10.2,5.2,1.3
2018-09-28,28.4,26.1,24.3,25.0,23.5,22.4,92,86,74,1012.8,1010.3,1008.4,15.5,8.8,3.9,6.0
2018-09-29,28.6,26.2,24.4,23.9,23.4,23.0,94,85,72,1011.8,1010.1,1007.8,14.2,7.4,1.8,1.1
2018-09-30,28.3,26.2,24.8,24.9,24.0,23.5,93,88,76,1012.5,1010.4,1008.3,14.3,7.5,1.9,8.2
2018-10-01,29.8,26.3,24.0,24.2,23.6,22.9,97,86,67,1012.5,1010.4,1007.0,15.2,7.2,2.8,1.2
2018-10-02,27.5,25.8,23.9,25.4,23.9,23.0,95,90,82,1013.0,1010.9,1008.7,12.2,6.8,2.8,1.4
2018-10-03,28.2,26.0,23.7,26.5,23.8,22.6,96,88,77,1013.6,1010.9,1008.4,17.4,7.7,0.7,4.5
2018-10-04,28.2,26.3,24.0,25.8,23.9,23.0,95,87,79,1012.5,1010.6,1008.7,15.6,8.5,3.8,2.0
2018-10-05,27.9,26.0,24.8,25.1,23.8,23.1,95,88,80,1013.3,1010.9,1008.8,13.2,7.3,1.8,5.9
2018-10-06,27.9,26.1,24.2,25.1,23.8,23.1,95,87,77,1014.3,1011.9,1009.1,11.5,6.3,0.5,1.5
2018-10-07,29.6,26.6,24.2,24.4,23.8,23.4,96,85,70,1013.0,1010.9,1008.6,16.1,8.8,3.1,0.6
2018-10-08,28.8,26.3,24.1,25.3,24.0,23.3,96,87,79,1012.0,1010.1,1008.3,16.5,8.7,3.1,5.4
2018-10-09,28.2,26.2,24.3,25.8,24.0,23.5,96,88,80,1011.8,1010.0,1008.0,15.8,9.0,3.9,9.5
2018-10-10,29.3,26.4,24.8,24.6,23.8,23.5,93,86,75,1012.6,1010.4,1008.7,11.3,7.9,4.5,3.1
2018-10-11,28.3,26.0,24.3,24.7,23.7,23.1,93,87,79,1012.8,1011.1,1009.2,14.7,7.6,4.3,8.9
2018-10-12,25.9,24.8,23.7,24.0,23.1,22.6,96,91,83,1013.7,1011.7,1009.6,17.3,7.8,2.0,20.2
2018-10-13,27.9,25.9,24.3,24.1,23.7,23.4,95,88,78,1012.9,1011.1,1009.4,14.4,8.1,1.5,1.3
2018-10-14,29.0,26.3,24.2,26.2,23.9,23.1,94,87,76,1012.8,1010.6,1008.7,14.9,8.5,2.9,3.8
2018-10-15,28.5,26.2,23.8,26.0,23.9,23.1,96,87,79,1013.3,1011.3,1009.1,13.0,5.9,2.3,4.9
2018-10-16,29.2,26.0,24.0,24.9,23.8,23.2,96,88,76,1013.9,1012.0,1010.1,10.9,4.8,1.1,7.8
2018-10-17,29.9,26.4,23.1,24.6,23.6,22.5,96,85,65,1013.4,1011.1,1008.7,16.7,8.6,2.9,0.1
2018-10-18,29.1,26.7,25.4,25.6,24.2,23.7,92,86,78,1012.0,1010.1,1008.1,15.2,8.7,3.8,4.1
2018-10-19,28.8,26.5,24.6,25.4,24.2,23.2,94,87,78,1011.6,1008.9,1006.7,12.2,6.6,3.8,3.3
2018-10-20,29.5,27.0,24.5,25.4,24.3,23.5,95,86,75,1010.5,1008.4,1006.3,13.9,7.8,4.0,0.6
2018-10-21,30.1,27.4,25.4,26.5,24.7,24.1,93,85,76,1011.1,1008.7,1006.6,16.3,9.5,3.6,4.5
2018-10-22,29.1,26.9,25.7,25.7,24.6,23.8,93,87,81,1011.3,1009.2,1007.1,10.5,6.8,3.6,1.6
2018-10-23,29.1,27.3,25.5,25.8,24.7,24.3,94,86,76,1012.6,1010.1,1008.2,16.3,10.0,5.0,2.5
2018-10-24,28.2,26.6,25.5,24.6,24.1,23.9,94,87,78,1012.6,1010.6,1008.6,16.3,8.6,3.3,4.6
2018-10-25,28.9,26.7,24.3,25.6,24.1,23.2,96,86,76,1012.4,1010.4,1007.9,12.1,7.1,3.7,0.6
2018-10-26,29.4,26.9,24.3,24.8,24.1,23.5,95,85,75,1013.3,1010.6,1008.6,14.0,7.5,2.9,1.0
2018-10-27,29.9,27.1,24.6,25.1,24.2,23.5,94,85,72,1013.0,1011.1,1008.7,11.3,5.5,1.1,7.4
2018-10-28,29.9,26.9,24.6,26.2,24.6,23.7,95,87,77,1013.4,1010.8,1008.4,12.4,7.7,3.7,1.8
2018-10-29,28.4,26.4,24.3,25.3,24.2,23.4,97,88,77,1012.9,1011.1,1009.1,10.5,4.4,1.8,6.1
2018-10-30,29.9,27.0,24.3,26.7,24.7,23.6,98,87,74,1012.4,1010.1,1007.2,13.1,7.0,2.9,4.0
2018-10-31,30.8,28.0,25.7,26.0,25.0,23.6,93,84,66,1010.7,1008.8,1006.5,12.4,9.0,5.6,0.7
2018-11-01,30.1,28.0,26.6,26.1,25.2,24.7,91,85,74,1011.1,1008.8,1006.7,18.6,12.2,7.4,0.7
2018-11-02,30.1,27.8,26.4,25.6,24.7,24.1,90,84,71,1011.2,1009.5,1007.2,14.8,11.0,7.2,0.9
2018-11-03,29.6,27.3,25.3,26.0,24.5,23.7,94,85,75,1010.7,1009.2,1007.4,15.8,8.3,4.2,1.0
2018-11-04,28.6,26.6,24.5,26.1,24.6,24.0,99,89,82,1011.7,1009.5,1007.4,11.0,6.3,0.8,4.8
2018-11-05,29.7,27.2,24.9,25.3,24.4,23.9,95,85,71,1010.9,1009.1,1006.9,12.1,6.3,1.5,2.5
2018-11-06,29.8,27.5,26.3,25.0,24.4,23.8,90,83,74,1012.3,1009.3,1007.2,14.7,10.8,6.0,3.5
2018-11-07,30.0,27.6,26.0,25.1,24.4,23.9,92,83,71,1012.8,1010.3,1008.6,13.1,7.3,1.9,1.6
2018-11-08,30.5,27.8,25.8,25.4,24.7,24.1,97,84,70,1012.8,1010.9,1008.3,15.6,7.3,1.5,0.7
2018-11-09,29.8,27.4,24.7,25.2,24.4,23.9,96,84,74,1011.9,1010.2,1008.7,12.8,8.0,2.5,1.1
2018-11-10,30.0,27.3,24.6,25.7,24.5,23.9,96,85,75,1011.1,1009.2,1007.3,11.8,6.1,2.3,0.7
2018-11-11,30.8,28.0,25.4,25.0,24.4,23.8,92,82,67,1010.6,1008.5,1006.2,13.4,7.9,3.3,0.6
2018-11-12,30.0,27.6,25.1,26.2,24.8,24.1,94,85,73,1009.9,1008.2,1006.7,15.6,8.5,3.0,1.1
2018-11-13,32.0,28.4,25.5,25.6,25.0,24.1,94,82,64,1009.9,1007.7,1005.1,15.7,8.7,2.4,0.2
2018-11-14,30.8,28.3,26.6,25.8,24.9,24.1,91,82,68,1010.3,1008.2,1006.3,16.8,11.7,5.8,2.1
2018-11-15,29.3,27.7,26.5,25.2,24.6,24.1,91,83,76,1011.2,1009.2,1007.1,13.6,9.7,4.1,1.8
2018-11-16,31.0,28.1,25.5,25.1,24.5,24.0,93,81,66,1012.4,1010.3,1008.4,13.4,7.9,1.8,0.7
2018-11-17,30.6,28.2,26.2,25.8,24.4,23.7,91,80,67,1012.2,1010.5,1008.4,13.7,7.3,2.4,0.9
2018-11-18,30.0,27.6,25.8,26.1,24.9,24.4,94,85,75,1012.3,1010.1,1008.0,14.5,7.4,1.5,1.6
2018-11-19,29.6,27.4,25.1,25.8,24.7,24.0,95,86,74,1011.5,1009.4,1007.4,12.6,7.0,1.3,0.7
2018-11-20,30.6,27.5,24.9,25.4,24.4,23.9,95,84,72,1012.0,1010.1,1008.2,12.2,7.6,3.9,0.3
2018-11-21,30.9,27.9,25.1,25.1,24.2,23.7,93,81,68,1012.4,1010.3,1008.4,17.4,10.0,4.3,0.6
2018-11-22,30.6,27.8,25.3,25.2,24.3,24.0,93,82,70,1011.9,1009.8,1007.8,13.2,9.3,4.7,1.1
2018-11-23,30.1,27.6,25.9,25.7,24.7,24.2,92,84,75,1011.8,1009.3,1006.9,13.0,8.1,3.8,1.3
2018-11-24,31.9,28.3,25.4,25.6,24.6,23.0,94,81,61,1011.8,1009.7,1007.8,15.4,9.5,2.3,0.1
2018-11-25,32.5,28.8,26.0,25.6,24.7,22.7,95,80,58,1011.4,1009.3,1006.4,18.3,11.2,2.6,0.1
2018-11-26,31.2,28.5,26.0,25.3,24.6,23.7,94,80,65,1010.4,1009.0,1006.9,18.5,11.7,5.8,2.5
2018-11-27,28.5,27.1,25.3,24.7,24.0,23.1,94,83,74,1010.9,1009.1,1007.2,12.6,7.1,0.7,4.3
2018-11-28,31.2,28.2,25.5,25.1,24.2,23.5,93,80,64,1010.2,1008.0,1005.9,11.5,7.2,2.5,0.1
2018-11-29,32.8,28.3,24.6,25.5,24.4,22.8,96,81,56,1009.6,1007.6,1005.8,16.3,9.9,3.1,0.0
2018-11-30,32.1,28.6,25.7,25.7,24.6,22.6,96,80,58,1009.8,1008.0,1006.1,17.8,10.9,2.4,0.1
2018-12-01,30.6,28.0,26.3,25.4,24.7,23.3,92,83,65,1010.8,1009.0,1007.2,15.5,10.3,4.2,1.4
2018-12-02,31.6,28.1,25.3,25.3,24.3,22.8,95,81,61,1010.5,1008.8,1006.7,13.3,8.0,1.8,1.3
2018-12-03,31.2,28.2,25.6,25.3,24.5,22.6,95,81,61,1010.1,1008.1,1005.5,13.5,8.4,3.9,1.3
2018-12-04,30.5,27.8,25.0,25.2,24.7,23.6,98,84,67,1008.8,1007.3,1005.2,12.0,7.0,2.4,0.5
2018-12-05,32.2,28.2,24.5,25.1,23.6,20.9,98,78,52,1009.6,1007.5,1005.5,14.4,8.2,3.8,0.0
2018-12-06,33.6,27.9,23.4,24.3,20.6,12.9,96,69,29,1010.6,1008.4,1006.5,13.3,9.1,2.5,0.0
2018-12-07,33.6,27.8,22.7,24.7,20.9,12.2,98,70,30,1012.1,1009.9,1007.4,13.2,9.2,0.8,0.0
2018-12-08,32.1,28.2,24.7,25.0,23.6,21.4,96,77,53,1012.9,1011.1,1008.8,16.8,10.4,4.7,0.1
2018-12-09,33.2,28.3,24.2,24.8,22.7,18.7,94,74,42,1013.9,1011.8,1009.6,16.4,9.4,0.4,0.0
2018-12-10,32.6,28.5,25.3,24.9,22.8,18.9,93,73,45,1014.2,1012.0,1009.3,16.6,9.2,1.4,0.0
2018-12-11,32.1,28.2,24.5,24.5,23.2,19.9,96,76,49,1013.3,1011.5,1009.7,14.8,9.1,3.1,0.2
2018-12-12,31.9,28.0,25.0,24.8,23.9,20.8,97,80,52,1013.5,1011.6,1009.3,16.5,9.9,2.8,0.7
2018-12-13,31.6,28.0,25.4,25.0,24.1,21.9,93,80,56,1014.3,1011.9,1009.5,17.1,9.5,2.4,1.4
2018-12-14,32.2,28.0,24.9,25.1,24.0,20.6,97,80,50,1013.4,1011.7,1009.8,18.6,10.8,1.1,0.0
2018-12-15,32.6,28.2,24.8,24.5,23.5,21.4,97,77,54,1014.9,1012.2,1009.7,14.8,10.3,3.0,0.0
2018-12-16,31.9,28.2,24.7,24.4,23.7,22.3,94,78,58,1013.8,1011.8,1009.8,17.3,10.9,3.9,0.2
2018-12-17,31.9,28.2,24.8,25.4,24.3,21.7,96,81,55,1013.5,1011.3,1009.0,14.7,9.6,1.1,0.5
2018-12-18,32.9,28.4,25.6,25.5,24.4,20.7,97,81,50,1012.9,1011.0,1008.7,16.2,10.7,2.6,0.0
2018-12-19,32.3,28.1,25.5,25.3,24.1,21.1,96,80,53,1013.3,1010.8,1008.2,16.3,10.5,1.1,0.0
2018-12-20,33.7,28.6,25.5,25.2,23.2,18.6,96,76,41,1012.4,1010.3,1007.5,14.8,9.3,4.6,0.0
2018-12-21,33.0,27.9,24.1,25.2,21.3,13.3,99,71,30,1012.7,1010.1,1007.7,14.1,9.2,3.2,0.1
2018-12-22,33.1,27.5,22.6,23.6,19.2,11.2,95,66,27,1011.9,1009.3,1006.8,13.0,8.5,3.6,0.0
2018-12-23,33.4,27.6,23.0,24.0,20.5,12.9,98,69,29,1011.1,1009.0,1006.5,15.5,10.1,6.2,0.0
2018-12-24,34.0,27.4,22.2,23.8,20.4,12.5,96,70,27,1011.2,1009.0,1006.8,16.0,8.7,3.8,0.0
2018-12-25,33.0,27.3,22.1,23.6,17.9,9.4,96,63,24,1011.2,1009.3,1007.2,16.1,10.5,4.9,0.0
2018-12-26,32.2,27.1,22.1,23.8,21.2,17.4,92,72,42,1012.2,1010.0,1007.6,17.1,10.4,4.4,0.0
2018-12-27,33.4,27.5,22.5,24.4,19.9,11.5,96,68,27,1011.6,1009.4,1007.4,17.0,9.8,0.5,0.0
2018-12-28,31.7,26.9,22.6,23.7,22.2,18.3,98,77,47,1012.0,1009.5,1007.5,17.4,9.2,1.8,0.0
2018-12-29,32.3,27.4,23.1,24.7,23.0,20.6,97,79,52,1011.5,1009.2,1006.8,16.7,9.4,2.9,0.0
2018-12-30,33.0,27.7,23.7,24.7,23.0,18.5,98,78,44,1011.8,1009.1,1006.2,16.9,9.5,1.5,0.0
2018-12-31,32.1,28.2,24.7,25.3,23.9,21.0,98,79,52,1012.6,1010.2,1008.1,16.3,9.8,1.9,0.0
2019-01-01,33.9,28.0,24.0,25.6,20.9,13.3,96,71,29,1014.4,1011.5,1009.1,15.5,10.5,6.0,0.0
2019-01-02,32.5,27.7,24.5,25.3,23.2,19.1,98,79,46,1014.5,1011.5,1008.7,14.8,9.2,1.5,0.0
2019-01-03,33.9,27.9,23.8,25.1,22.5,13.9,99,76,30,1013.0,1010.4,1008.0,15.5,9.2,3.3,0.0
2019-01-04,33.5,27.9,24.1,25.7,23.5,19.1,98,79,43,1012.9,1010.2,1007.4,18.0,10.0,3.0,0.0
2019-01-05,34.6,28.5,24.4,25.4,20.4,8.8,97,68,21,1013.3,1010.6,1007.7,16.6,10.2,5.6,0.0
2019-01-06,33.4,27.6,22.9,24.6,21.0,15.4,93,71,36,1013.8,1010.7,1007.9,16.6,9.8,1.1,0.0
2019-01-07,33.3,27.9,24.4,24.9,22.9,17.0,98,77,40,1013.2,1010.5,1008.1,18.2,10.5,2.1,0.0
2019-01-08,33.4,27.9,23.9,24.8,20.4,9.0,98,70,23,1012.0,1009.7,1007.3,14.4,9.1,5.4,0.0
2019-01-09,33.1,27.5,22.9,24.8,21.0,14.2,99,73,33,1011.7,1009.1,1006.1,16.2,10.2,3.8,0.0
2019-01-10,31.9,27.9,23.6,25.1,23.1,21.2,93,76,55,1011.7,1009.3,1007.2,15.0,9.8,1.9,0.0
2019-01-11,31.8,28.5,25.5,25.1,23.8,21.1,95,77,55,1011.4,1008.9,1006.5,14.4,9.3,3.6,0.1
2019-01-12,33.1,28.4,24.5,25.7,24.1,20.2,97,79,47,1010.9,1008.4,1006.0,18.6,10.0,2.0,0.0
2019-01-13,31.9,28.5,26.0,25.7,24.6,22.9,96,81,59,1012.3,1009.9,1007.9,18.9,11.9,6.7,0.4
2019-01-14,31.0,28.5,27.1,25.4,24.6,23.4,89,80,64,1013.3,1010.8,1009.0,17.4,12.8,6.4,1.2
2019-01-15,30.7,28.2,25.5,25.4,24.6,23.8,93,82,67,1012.4,1010.5,1008.6,14.7,9.6,4.2,1.3
2019-01-16,31.1,28.2,25.7,25.8,25.0,24.3,92,83,69,1012.2,1009.8,1007.4,14.1,9.1,0.8,1.6
2019-01-17,31.4,28.1,25.9,25.3,24.7,23.6,94,83,67,1012.1,1009.8,1007.6,18.6,11.4,4.6,1.7
2019-01-18,31.2,28.5,26.4,25.1,24.0,22.5,89,77,60,1012.0,1010.4,1008.4,20.0,12.9,7.0,1.2
2019-01-19,32.2,28.7,25.9,25.2,24.1,22.8,90,77,58,1013.0,1010.8,1008.9,19.9,12.4,5.0,1.3
2019-01-20,31.8,28.4,26.0,25.3,24.7,23.8,94,81,63,1013.1,1011.4,1009.8,15.6,10.3,5.6,0.4
2019-01-21,30.9,28.0,24.5,25.7,24.8,23.6,95,84,69,1013.0,1011.0,1008.6,14.7,9.2,4.4,4.9
2019-01-22,32.0,28.7,25.9,25.8,25.1,23.0,96,82,59,1012.1,1010.0,1007.9,18.7,11.3,4.0,0.4
2019-01-23,31.2,28.8,26.8,25.7,25.1,24.2,90,81,67,1011.9,1009.9,1007.7,19.7,12.4,5.2,1.0
2019-01-24,27.6,26.2,24.9,25.6,24.1,23.1,95,88,82,1012.9,1010.3,1008.6,14.0,9.3,2.1,13.1
2019-01-25,30.9,27.3,24.1,25.6,24.6,23.6,97,86,69,1012.0,1009.9,1007.4,14.5,8.5,1.8,0.0
2019-01-26,31.5,28.4,25.9,25.9,25.3,24.9,95,84,69,1012.0,1010.0,1007.9,18.6,10.6,4.3,0.9
2019-01-27,30.6,27.8,24.5,25.9,25.0,23.4,94,85,72,1012.3,1010.2,1007.6,17.9,11.6,2.1,4.9
2019-01-28,29.2,27.4,26.3,25.5,24.9,24.3,93,86,78,1012.0,1009.8,1007.6,18.6,12.6,6.2,7.4
2019-01-29,29.0,27.3,25.5,25.6,25.0,24.2,95,87,77,1011.6,1009.6,1007.0,12.2,8.0,3.3,2.6
2019-01-30,31.1,27.0,23.5,25.0,23.9,22.8,96,84,65,1011.3,1009.4,1007.0,14.8,7.7,0.7,8.2
2019-01-31,31.4,28.2,25.5,25.6,24.9,24.1,94,83,66,1011.0,1009.2,1006.7,14.2,8.0,1.8,0.6
2019-02-01,30.8,28.4,26.8,25.9,25.6,24.9,95,85,73,1011.3,1009.3,1007.2,15.3,10.5,5.8,0.4
2019-02-02,28.5,27.0,25.6,25.8,24.7,24.0,93,87,79,1012.1,1009.6,1007.4,15.8,9.2,2.1,9.7
2019-02-03,30.7,27.7,25.2,25.8,25.0,24.3,95,86,73,1011.2,1009.0,1006.3,17.1,10.1,5.1,2.6
2019-02-04,31.0,28.3,25.9,26.1,25.4,24.8,97,85,70,1011.8,1008.9,1007.2,20.1,12.4,3.6,1.7
2019-02-05,31.7,28.7,26.3,25.8,25.3,23.9,94,83,63,1012.0,1009.7,1006.9,19.0,14.1,6.2,0.8
2019-02-06,30.8,28.4,26.5,25.9,25.3,24.4,94,84,69,1010.8,1008.8,1006.3,16.1,11.0,4.8,1.2
2019-02-07,30.4,28.0,25.8,26.4,25.3,24.4,95,86,74,1009.8,1007.8,1005.7,15.0,8.4,1.8,1.7
2019-02-08,30.5,27.8,25.9,25.7,25.3,24.7,97,86,73,1010.5,1008.3,1006.1,11.9,7.6,3.1,4.6
2019-02-09,32.8,28.3,25.0,26.1,24.9,23.2,98,83,58,1009.8,1007.7,1005.1,16.2,9.0,4.0,0.1
2019-02-10,34.0,28.8,25.1,25.8,21.4,12.9,99,70,28,1010.3,1007.6,1004.7,13.5,9.3,1.3,0.0
2019-02-11,33.2,27.5,22.6,25.3,21.8,16.1,96,74,39,1011.0,1008.1,1005.9,14.6,9.2,2.5,0.0
2019-02-12,34.0,28.6,25.0,26.1,23.9,18.8,99,78,41,1011.1,1008.6,1006.3,17.1,10.1,3.0,0.0
2019-02-13,32.8,28.6,25.0,25.8,24.5,22.3,99,80,56,1012.0,1009.7,1007.4,17.3,10.9,3.5,0.0
2019-02-14,32.6,28.8,25.8,25.8,24.5,22.4,96,79,56,1013.2,1010.8,1008.5,15.5,9.6,1.5,0.2
2019-02-15,32.2,28.6,26.4,26.3,25.3,22.4,97,83,57,1014.1,1011.2,1008.5,19.5,10.4,2.9,1.0
2019-02-16,33.0,27.8,23.5,25.4,22.3,17.9,99,76,42,1012.9,1010.5,1007.8,16.3,8.9,3.7,0.0
2019-02-17,32.5,28.8,26.0,26.0,24.5,23.0,91,79,58,1012.8,1010.0,1007.1,16.2,9.3,1.3,0.6
2019-02-18,32.5,29.1,26.5,26.0,25.1,23.1,96,80,59,1011.6,1009.2,1006.2,15.2,9.6,0.8,0.5
2019-02-19,32.0,29.0,26.8,25.8,25.0,23.7,92,80,63,1010.1,1007.8,1005.1,17.7,11.5,4.8,1.4
2019-02-20,32.2,29.1,26.5,26.2,25.4,24.3,95,82,63,1010.8,1008.3,1006.3,16.9,11.8,5.8,1.9
2019-02-21,32.8,29.6,27.7,26.3,25.2,23.8,90,78,59,1012.5,1010.2,1008.0,22.6,16.7,11.1,1.3
2019-02-22,31.8,29.1,27.5,26.3,25.3,24.4,90,81,66,1012.8,1010.5,1007.8,22.7,17.2,10.8,1.9
2019-02-23,31.4,29.0,27.5,25.6,24.9,24.3,87,79,67,1011.5,1009.3,1006.7,20.9,15.7,10.0,0.9
2019-02-24,28.2,27.0,25.0,25.6,24.3,22.7,91,85,77,1010.5,1008.1,1006.4,14.8,9.0,1.8,11.1
2019-02-25,30.0,27.6,25.3,25.0,24.3,23.6,93,82,69,1010.1,1007.9,1005.3,17.6,12.4,3.6,2.2
2019-02-26,27.9,27.1,25.8,25.6,24.5,23.5,91,86,80,1012.0,1009.3,1007.5,15.8,9.8,4.7,13.9
2019-02-27,30.2,27.6,25.6,25.4,24.8,24.2,95,85,72,1011.9,1009.7,1007.5,9.6,5.5,3.0,0.9
2019-02-28,31.1,28.2,25.8,26.0,24.9,24.3,95,83,67,1013.1,1010.1,1006.9,12.6,6.4,1.8,3.6
2019-03-01,30.4,27.9,26.2,24.8,24.2,23.3,92,81,70,1013.2,1011.4,1009.3,12.0,8.3,2.5,3.5
2019-03-02,30.6,28.0,25.5,25.0,24.4,23.6,92,81,67,1013.1,1011.0,1008.7,16.6,8.2,3.7,0.6
2019-03-03,31.4,28.3,25.4,25.6,24.8,23.6,96,82,64,1013.1,1010.6,1008.0,16.5,9.3,3.2,0.2
2019-03-04,31.4,28.3,26.8,25.4,24.9,24.2,92,82,65,1012.5,1010.3,1008.1,22.0,12.7,5.9,1.8
2019-03-05,31.2,28.7,26.8,25.7,25.0,24.3,89,81,67,1012.1,1009.9,1007.2,16.4,11.5,6.2,0.9
2019-03-06,31.7,28.0,25.8,25.7,24.9,23.5,88,84,67,1012.5,1010.8,1009.4,15.8,10.7,4.4,6.4
2019-03-07,30.8,28.5,26.4,25.7,24.9,23.9,93,82,67,1012.7,1010.5,1008.7,19.5,10.3,4.3,0.5
2019-03-08,31.3,28.2,25.2,25.5,24.8,24.2,94,82,68,1012.2,1009.3,1005.7,17.1,9.9,3.9,0.2
2019-03-09,31.7,28.5,25.6,25.4,24.7,23.8,94,81,63,1012.7,1009.6,1006.9,18.7,11.6,5.6,3.3
2019-03-10,30.9,28.1,25.3,25.9,25.1,24.1,94,84,69,1013.3,1010.7,1008.7,15.3,10.4,4.3,5.6
2019-03-11,31.5,28.3,25.5,25.7,25.0,24.1,94,83,65,1013.2,1010.1,1007.6,16.3,9.6,3.2,1.3
2019-03-12,31.4,29.1,27.3,25.8,25.2,24.4,90,80,67,1011.1,1009.2,1007.4,16.6,12.2,6.9,0.7
2019-03-13,32.4,29.4,27.1,25.7,24.9,23.3,90,78,59,1010.9,1008.5,1006.4,15.8,11.1,5.9,0.3
2019-03-14,32.9,29.5,27.2,25.8,25.0,23.7,91,78,59,1010.4,1007.7,1005.1,21.5,13.2,4.9,1.1
2019-03-15,32.0,29.2,26.6,25.9,25.3,24.3,95,80,66,1010.3,1008.0,1006.0,16.2,11.8,4.7,0.7
2019-03-16,31.7,28.8,27.3,26.0,25.5,24.4,92,83,66,1011.3,1009.1,1007.4,15.1,9.6,4.4,3.3
2019-03-17,31.9,28.8,26.0,25.6,24.6,23.1,94,79,60,1011.3,1009.1,1007.3,16.2,10.8,5.8,0.4
2019-03-18,32.5,29.0,25.9,25.5,24.7,23.6,94,79,60,1010.3,1008.1,1006.3,19.4,10.9,3.6,0.1
2019-03-19,32.6,29.5,27.5,25.6,24.6,22.9,86,76,57,1009.7,1007.6,1004.9,19.1,14.7,6.2,0.3
2019-03-20,32.0,29.2,27.4,25.6,25.0,24.0,89,79,63,1009.7,1007.5,1004.7,21.0,15.7,9.2,1.8
2019-03-21,32.1,28.9,26.3,26.0,25.2,24.4,92,81,66,1009.9,1007.3,1004.2,22.7,15.4,5.6,5.0
2019-03-22,29.8,27.5,24.9,26.0,24.8,23.6,93,85,74,1010.6,1007.8,1004.9,20.0,10.9,3.3,3.8
2019-03-23,31.8,28.8,26.9,26.1,25.1,23.0,93,81,63,1010.7,1008.5,1006.3,18.7,12.1,6.0,1.2
2019-03-24,31.0,28.9,27.6,25.6,24.7,24.2,89,78,68,1011.2,1008.9,1007.1,20.9,15.5,10.0,1.1
2019-03-25,31.3,28.4,26.7,25.3,24.3,23.3,90,79,63,1012.0,1009.8,1007.3,19.0,14.3,9.2,1.6
2019-03-26,31.5,28.6,25.6,25.5,24.6,23.7,93,79,65,1011.6,1009.6,1007.0,14.6,8.4,2.8,0.0
2019-03-27,31.9,29.2,27.4,25.8,25.1,24.1,88,79,63,1012.5,1010.2,1008.3,13.0,9.5,5.6,0.7
2019-03-28,32.2,29.5,27.4,26.2,25.6,24.9,91,80,66,1011.9,1009.9,1007.5,17.2,13.2,7.6,0.8
2019-03-29,31.6,29.2,27.8,26.3,25.7,25.2,90,82,69,1011.7,1009.5,1007.2,18.0,13.7,8.6,2.1
2019-03-30,31.9,29.0,27.6,25.6,25.0,24.0,88,80,64,1010.7,1009.2,1007.7,18.8,14.7,8.6,2.4
2019-03-31,31.5,28.8,26.7,25.6,25.2,24.6,91,82,67,1010.6,1008.7,1006.5,17.9,10.0,4.0,1.6
2019-04-01,33.1,29.3,26.4,25.6,25.0,23.4,94,78,58,1010.0,1007.3,1004.8,20.0,10.3,2.8,0.0
2019-04-02,32.3,29.5,27.6,25.6,25.2,24.5,89,78,63,1009.4,1007.5,1005.9,20.0,12.6,4.6,0.3
2019-04-03,33.0,29.9,27.9,26.2,25.2,23.4,89,77,58,1009.9,1007.4,1005.0,17.0,12.5,6.9,0.3
2019-04-04,32.8,29.6,28.2,26.2,25.2,24.4,89,78,63,1009.5,1006.8,1004.2,25.1,16.1,10.2,1.5
2019-04-05,31.8,29.3,27.1,25.6,25.0,24.3,90,78,65,1010.7,1007.8,1005.7,21.4,17.0,11.1,3.7
2019-04-06,32.3,29.6,27.7,26.1,25.3,24.4,88,78,64,1011.2,1008.7,1006.7,21.8,16.5,8.6,0.8
2019-04-07,30.4,28.3,25.7,26.4,25.3,24.5,93,84,72,1012.7,1009.9,1007.6,17.1,12.2,4.6,14.0
2019-04-08,31.7,29.0,26.0,25.7,24.7,23.4,91,78,61,1012.2,1009.7,1007.1,20.5,15.5,10.0,1.4
2019-04-09,31.9,29.3,27.5,25.7,25.0,23.9,89,79,63,1011.3,1008.9,1006.6,18.2,11.4,5.2,0.0
2019-04-10,31.8,28.6,27.1,25.9,24.9,24.0,91,81,65,1010.5,1008.6,1007.3,19.9,15.3,7.2,4.5
2019-04-11,29.8,27.6,25.1,25.3,24.6,23.8,95,84,71,1010.6,1008.4,1006.4,16.4,10.5,3.2,13.6
2019-04-12,30.9,28.5,26.0,25.7,24.5,23.7,93,80,67,1010.2,1007.7,1005.6,19.9,11.8,4.0,0.8
2019-04-13,31.2,27.7,24.5,24.9,23.9,22.9,94,80,61,1011.3,1009.5,1007.9,16.1,11.3,4.3,1.2
2019-04-14,29.5,27.4,26.1,25.2,24.5,23.7,95,85,74,1012.5,1010.3,1008.5,13.1,6.3,1.8,2.3
2019-04-15,30.6,27.6,24.9,25.3,24.2,22.9,96,82,64,1012.2,1009.9,1007.9,12.5,6.5,1.8,0.0
2019-04-16,30.9,28.5,26.5,24.6,23.9,23.3,87,77,64,1011.9,1010.0,1008.2,13.8,9.0,4.8,0.0
2019-04-17,31.8,28.7,25.7,25.3,24.6,23.9,92,79,65,1010.7,1008.8,1006.5,14.3,8.7,3.2,0.6
2019-04-18,32.2,29.3,27.3,25.6,25.0,24.1,90,78,63,1010.5,1008.6,1006.6,17.4,13.0,9.0,0.7
2019-04-19,31.9,29.3,27.8,25.9,24.7,23.5,88,77,63,1011.2,1009.2,1007.4,16.6,13.9,10.2,0.8
2019-04-20,32.4,29.6,27.6,25.4,24.5,22.9,88,75,57,1011.7,1009.6,1007.5,18.5,12.5,6.4,0.2
2019-04-21,32.7,29.5,27.1,25.6,24.8,23.0,90,77,57,1011.3,1008.6,1006.6,17.6,12.2,6.1,0.8
2019-04-22,32.2,29.7,27.7,25.2,24.1,23.3,86,72,60,1010.8,1008.4,1006.1,18.7,13.5,6.0,1.0
2019-04-23,30.6,27.9,26.1,25.3,24.8,24.1,91,83,71,1012.1,1009.1,1006.8,17.2,9.9,3.2,11.5
2019-04-24,31.2,28.1,25.9,25.7,24.8,24.1,95,83,66,1012.4,1010.2,1008.6,14.5,8.5,2.3,3.3
2019-04-25,31.2,28.3,25.4,25.5,24.8,24.3,95,82,67,1013.3,1010.9,1008.5,15.7,9.1,1.1,7.5
2019-04-26,30.8,28.2,27.1,25.7,25.2,24.7,91,84,70,1011.7,1009.8,1008.0,16.9,11.1,7.2,1.4
2019-04-27,31.4,28.8,27.0,25.7,25.2,24.7,91,81,68,1010.8,1008.8,1007.3,17.2,11.8,7.3,2.4
2019-04-28,31.8,28.9,27.0,25.8,25.3,24.8,91,81,67,1010.8,1009.0,1007.2,18.0,11.9,7.6,1.0
2019-04-29,31.2,28.9,27.8,26.0,25.4,24.5,88,82,73,1012.2,1009.5,1007.4,20.4,14.1,8.4,3.8
2019-04-30,31.5,28.7,26.3,25.6,24.8,24.1,91,80,65,1012.3,1010.3,1008.2,20.1,12.3,6.4,4.3
2019-05-01,31.2,28.7,25.7,25.4,24.6,23.9,94,79,66,1012.0,1010.1,1007.8,19.4,10.9,2.1,3.3
2019-05-02,30.8,27.8,26.1,25.6,24.8,24.2,94,84,68,1011.6,1009.7,1007.7,18.6,9.7,3.3,5.2
2019-05-03,29.3,27.8,26.2,25.7,25.1,24.5,92,85,78,1012.1,1009.6,1006.3,15.6,8.0,0.7,4.6
2019-05-04,29.6,27.3,25.0,25.3,24.7,24.1,96,86,73,1011.2,1009.2,1007.0,15.7,8.4,3.6,0.8
2019-05-05,32.2,28.5,25.3,25.6,24.7,23.9,94,81,63,1010.5,1008.9,1007.4,18.6,9.2,2.4,0.5
2019-05-06,32.6,29.5,27.2,25.3,24.5,23.1,89,75,57,1012.5,1010.1,1008.2,18.3,11.7,5.9,0.3
2019-05-07,31.7,29.3,27.7,25.8,25.1,24.3,88,79,65,1012.1,1010.2,1007.5,17.1,11.4,7.0,1.6
2019-05-08,32.6,29.5,26.9,25.8,24.7,23.3,92,76,58,1011.2,1009.3,1006.1,17.4,10.3,4.4,0.2
2019-05-09,32.5,29.3,27.6,25.3,24.6,23.3,86,76,58,1009.6,1008.0,1006.1,17.1,11.9,7.5,0.1
2019-05-10,31.1,28.7,26.7,25.6,24.9,23.8,92,80,66,1009.5,1007.9,1006.2,12.8,8.7,2.2,0.5
2019-05-11,30.4,28.2,26.4,25.7,25.0,23.7,94,83,70,1010.4,1008.9,1007.2,16.1,6.9,2.3,1.2
2019-05-12,32.1,28.4,25.0,25.1,24.1,22.6,96,79,60,1011.0,1009.1,1006.9,14.1,7.4,2.3,0.0
2019-05-13,31.5,28.7,26.5,25.7,24.6,23.6,90,79,63,1010.2,1008.7,1006.7,13.0,6.8,3.7,0.5
2019-05-14,30.6,27.9,25.9,26.0,25.1,24.5,97,85,73,1011.4,1008.7,1006.8,13.3,8.1,2.2,1.5
2019-05-15,29.8,27.2,25.6,25.0,24.5,23.9,93,86,73,1013.1,1010.4,1007.8,13.5,8.4,2.3,14.8
2019-05-16,30.0,27.2,24.4,25.2,24.3,23.6,96,85,70,1012.9,1011.2,1009.1,15.4,9.8,5.6,0.2
2019-05-17,30.5,28.0,26.0,25.2,24.7,24.1,92,82,69,1012.5,1010.6,1008.5,13.4,6.3,0.0,0.0
2019-05-18,31.2,28.4,25.6,25.1,24.6,23.8,94,80,66,1011.6,1009.4,1007.7,16.0,9.0,3.7,0.3
2019-05-19,31.4,28.9,27.3,25.4,24.5,23.6,85,77,64,1011.6,1010.0,1007.7,15.7,10.7,6.4,0.0
2019-05-20,28.5,27.1,25.2,25.1,24.2,23.3,93,84,78,1013.3,1010.9,1008.8,14.0,8.7,3.9,6.0
2019-05-21,28.5,26.8,25.1,25.0,24.4,23.9,94,87,79,1013.7,1010.8,1008.3,12.0,6.3,3.8,1.2
2019-05-22,29.2,27.0,25.3,25.1,24.5,24.0,95,86,74,1012.4,1010.1,1008.1,10.2,6.9,3.4,1.4
2019-05-23,30.6,27.8,25.1,25.3,24.6,24.1,95,83,71,1011.3,1009.7,1007.6,17.7,8.5,1.4,1.3
2019-05-24,29.2,27.4,25.6,25.1,24.7,24.3,93,85,79,1011.7,1009.9,1008.0,12.8,8.3,3.0,5.4
2019-05-25,29.6,27.1,24.8,25.4,24.5,23.9,96,86,73,1012.3,1010.3,1008.7,15.5,7.6,1.1,2.5
2019-05-26,29.1,27.4,26.2,25.5,24.8,24.3,91,86,77,1012.9,1010.5,1008.3,13.8,9.5,6.2,5.4
2019-05-27,29.8,27.1,24.5,24.7,24.2,23.8,96,85,71,1011.9,1010.2,1008.1,18.4,10.1,2.4,10.3
2019-05-28,29.5,27.4,25.5,25.8,24.4,24.0,92,84,76,1012.0,1010.0,1008.1,19.6,10.1,2.3,1.9
2019-05-29,29.6,27.4,25.8,25.5,24.5,23.9,91,84,77,1011.3,1009.6,1007.7,23.9,12.0,6.0,2.7
2019-05-30,27.9,26.2,24.8,24.6,24.0,23.3,93,88,81,1012.1,1010.4,1008.6,14.2,7.7,0.0,13.8
2019-05-31,26.2,25.1,24.3,24.2,23.5,22.6,94,91,87,1012.8,1010.8,1008.9,11.5,6.0,1.1,64.9
2019-06-01,28.7,26.3,24.5,24.9,23.8,23.2,94,86,72,1012.7,1010.7,1008.5,17.5,10.3,6.1,13.3
2019-06-02,29.3,27.1,25.0,23.9,23.6,23.1,91,82,70,1012.7,1010.9,1008.9,15.0,9.6,5.2,1.9
2019-06-03,30.1,27.3,24.9,24.2,23.6,23.3,91,81,67,1013.7,1011.8,1009.9,16.4,9.0,4.1,1.4
2019-06-04,28.6,27.0,25.5,25.8,24.3,23.6,91,85,78,1013.2,1011.5,1009.1,17.6,11.7,4.0,5.5
2019-06-05,29.1,27.0,25.4,25.4,24.3,23.7,92,85,72,1013.5,1011.1,1008.6,23.7,15.1,10.5,2.4
2019-06-06,28.3,26.7,25.5,24.9,24.1,23.2,93,86,74,1012.5,1010.9,1009.2,22.2,14.9,8.1,3.6
2019-06-07,28.3,26.2,24.6,24.5,23.7,23.2,94,87,75,1013.0,1010.7,1008.9,19.6,9.8,2.5,9.0
2019-06-08,29.0,26.7,24.9,24.1,23.6,22.9,91,84,73,1013.9,1012.3,1011.0,17.9,10.6,4.7,2.2
2019-06-09,27.6,26.2,25.0,24.9,24.0,23.6,93,88,80,1014.2,1012.5,1010.8,18.0,12.3,6.8,2.8
2019-06-10,27.4,25.7,25.0,24.1,23.4,22.7,93,87,79,1013.8,1012.0,1010.4,17.2,9.9,5.8,10.8
2019-06-11,28.5,26.2,24.4,24.3,23.5,22.8,94,85,76,1013.6,1012.1,1010.5,18.7,11.3,6.1,5.1
2019-06-12,28.9,26.6,25.1,24.2,23.7,23.3,93,84,73,1014.5,1012.5,1010.7,19.6,11.6,5.7,0.9
2019-06-13,28.8,26.4,24.7,24.7,24.0,23.5,94,87,77,1014.6,1012.9,1010.5,16.8,11.1,6.0,5.5
2019-06-14,28.1,26.1,25.0,24.6,23.9,23.3,95,87,79,1014.5,1012.7,1010.6,17.4,10.4,2.7,8.5
2019-06-15,26.1,25.3,24.4,24.3,23.9,23.4,96,92,86,1014.7,1012.7,1011.5,12.9,6.6,3.1,16.4
2019-06-16,29.3,26.2,24.0,26.2,24.1,23.4,97,89,77,1015.3,1013.2,1011.2,18.0,9.8,5.3,1.1
2019-06-17,29.1,26.7,24.8,24.6,23.8,23.6,94,85,74,1014.6,1013.0,1011.0,18.2,12.4,6.9,1.2
2019-06-18,28.7,26.8,25.2,25.5,24.1,23.6,93,85,74,1015.4,1013.4,1011.5,17.1,9.8,3.7,1.7
2019-06-19,29.5,26.9,24.9,26.1,24.6,24.1,96,87,76,1015.3,1012.7,1010.1,21.1,12.1,6.5,1.1
2019-06-20,27.6,26.5,25.8,25.3,24.2,23.6,92,87,80,1015.1,1013.0,1011.7,18.8,13.7,11.1,3.2
2019-06-21,28.0,26.3,25.0,25.0,24.0,23.5,94,87,77,1015.4,1013.8,1011.9,18.2,10.7,6.0,5.8
2019-06-22,28.1,26.3,25.1,25.1,24.1,23.6,93,88,81,1015.3,1012.9,1010.6,16.9,12.5,8.6,2.3
2019-06-23,28.0,26.2,24.8,24.5,23.8,23.0,92,87,79,1013.9,1012.0,1010.4,21.6,11.9,6.1,3.6
2019-06-24,27.3,25.9,24.4,24.8,23.6,23.0,94,87,79,1013.3,1012.0,1010.5,19.2,14.1,7.9,4.2
2019-06-25,26.9,25.3,24.0,23.8,23.2,22.7,96,88,81,1013.8,1012.2,1010.5,16.4,10.0,1.4,6.9
2019-06-26,27.1,25.4,24.4,25.4,23.5,23.0,92,89,86,1015.4,1013.3,1011.9,13.5,9.3,5.2,9.2
2019-06-27,27.9,25.7,24.1,25.1,23.5,22.8,95,88,78,1014.0,1012.6,1010.5,14.2,8.3,5.1,3.0
2019-06-28,26.3,25.2,24.0,23.9,23.2,22.5,92,88,83,1014.0,1012.6,1010.9,13.2,7.6,3.6,9.1
2019-06-29,27.9,25.9,24.3,25.0,23.5,23.0,93,87,77,1014.3,1012.5,1010.7,16.6,9.8,3.8,1.2
2019-06-30,28.1,26.1,24.6,25.2,23.7,22.8,94,87,77,1015.3,1013.3,1011.2,15.7,10.8,5.9,2.4
2019-07-01,27.9,26.1,24.7,24.8,23.7,22.6,93,87,81,1014.1,1012.3,1010.3,19.6,12.1,5.2,2.2
2019-07-02,28.0,26.4,24.9,24.1,23.7,23.4,93,86,77,1013.3,1010.1,1007.7,19.9,12.2,3.9,0.6
2019-07-03,27.9,26.2,25.2,25.3,24.2,23.5,93,88,83,1012.6,1010.4,1008.6,16.2,12.3,6.6,2.5
2019-07-04,27.4,25.8,24.7,24.3,23.6,23.1,92,88,80,1013.4,1011.6,1010.2,18.9,12.6,6.1,6.3
2019-07-05,27.2,26.0,25.1,25.6,23.8,23.1,92,88,79,1014.0,1012.2,1010.5,15.8,10.2,3.6,4.5
2019-07-06,29.0,26.0,24.1,24.1,23.5,23.0,95,87,71,1013.0,1011.5,1009.5,16.7,12.0,5.2,2.9
2019-07-07,28.2,26.1,25.0,24.0,23.4,23.2,91,85,76,1013.3,1011.5,1009.4,26.6,19.6,13.2,2.1
2019-07-08,27.9,25.8,24.3,23.7,22.9,22.5,93,84,76,1014.9,1012.9,1011.3,25.0,17.6,6.2,3.8
2019-07-09,27.3,25.6,24.5,23.9,23.0,22.6,90,86,78,1015.8,1014.0,1012.5,18.1,11.4,6.9,1.6
2019-07-10,28.1,26.0,24.5,24.0,23.2,23.0,92,85,76,1014.9,1013.2,1011.2,18.2,12.9,8.2,2.0
2019-07-11,27.4,25.5,24.6,24.3,23.4,22.8,92,88,80,1014.3,1012.5,1010.6,15.3,10.1,6.1,9.1
2019-07-12,25.1,24.0,22.8,23.4,22.6,21.7,95,92,87,1015.1,1012.8,1010.6,14.0,7.8,3.6,40.6
2019-07-13,27.0,25.0,23.2,24.4,23.1,22.3,95,89,82,1015.4,1013.4,1011.7,17.2,9.7,5.0,1.2
2019-07-14,28.5,25.7,23.3,23.7,23.0,22.2,95,86,70,1014.9,1012.5,1009.9,16.8,9.7,4.7,2.3
2019-07-15,26.8,25.2,24.2,23.9,23.3,22.6,95,89,82,1012.9,1010.9,1008.6,17.4,12.2,5.4,8.9
2019-07-16,26.6,24.9,23.5,23.9,22.9,22.4,95,89,80,1014.5,1012.2,1010.7,15.7,8.8,3.6,6.8
2019-07-17,28.9,25.6,23.0,24.0,22.9,22.2,97,86,67,1014.4,1012.8,1010.6,17.3,10.3,1.5,1.2
2019-07-18,27.3,25.7,24.8,23.5,23.1,22.8,92,86,78,1014.2,1012.2,1010.4,20.9,16.4,11.9,1.1
2019-07-19,27.4,25.5,24.6,24.0,23.2,22.9,92,87,81,1014.3,1012.7,1011.3,20.4,13.8,10.0,3.6
2019-07-20,26.6,24.9,23.8,24.3,23.1,22.3,95,90,82,1015.4,1013.4,1011.5,18.3,11.9,5.9,11.0
2019-07-21,27.6,25.3,23.6,23.4,22.9,22.6,95,87,76,1015.0,1012.7,1010.6,19.2,12.4,3.9,2.3
2019-07-22,28.3,25.7,23.9,23.9,23.0,22.6,93,86,76,1014.2,1012.7,1010.7,18.9,13.6,8.4,1.5
2019-07-23,26.3,25.1,24.0,23.8,23.1,22.7,93,89,85,1014.3,1012.4,1010.6,15.9,12.2,6.9,2.0
2019-07-24,27.6,25.4,23.9,24.7,23.1,22.5,92,87,77,1013.5,1011.8,1009.7,15.1,10.4,6.5,1.5
2019-07-25,28.0,25.7,24.4,24.1,23.2,22.7,92,86,78,1014.4,1011.9,1010.0,15.8,12.7,8.3,3.4
2019-07-26,26.7,25.2,24.4,23.8,23.2,22.8,92,89,84,1014.4,1012.3,1010.8,17.4,12.9,8.0,8.7
2019-07-27,26.9,25.3,24.2,24.1,23.2,22.6,93,88,82,1014.2,1012.4,1010.1,20.5,14.6,10.5,7.6
2019-07-28,26.7,25.2,24.3,24.1,23.1,22.7,91,88,84,1013.8,1012.0,1010.1,20.4,15.7,10.8,4.1
2019-07-29,26.6,25.2,24.5,23.9,23.0,22.4,92,88,80,1014.3,1012.5,1010.8,16.6,12.8,8.9,2.5
2019-07-30,27.0,25.2,24.0,24.2,23.0,22.4,92,88,81,1014.5,1012.8,1010.8,19.8,13.9,9.5,1.2
2019-07-31,27.5,25.3,23.9,24.3,22.8,22.4,92,86,77,1014.9,1012.3,1010.0,19.4,13.0,7.6,1.2
2019-08-01,27.7,25.4,24.2,23.1,22.7,22.3,92,85,74,1013.6,1011.9,1009.8,21.8,15.3,10.5,1.7
2019-08-02,27.1,25.3,24.0,23.3,22.6,22.1,90,85,77,1014.3,1012.5,1010.6,21.1,15.0,10.1,0.6
2019-08-03,26.8,25.2,24.3,22.8,22.6,22.4,91,86,77,1015.6,1013.3,1012.0,21.4,15.5,9.8,1.2
2019-08-04,27.2,25.2,23.6,23.0,22.5,22.0,94,85,75,1015.5,1013.9,1012.1,19.4,13.2,6.6,1.9
2019-08-05,27.5,25.4,23.9,22.7,22.3,21.9,91,83,72,1015.6,1013.8,1011.8,18.6,13.5,9.2,0.8
2019-08-06,27.5,25.5,24.2,23.3,22.5,22.1,90,84,73,1016.7,1014.6,1012.9,19.0,13.9,9.4,0.7
2019-08-07,27.8,25.4,23.4,23.6,22.6,22.3,94,85,74,1017.0,1015.0,1013.1,19.9,12.5,6.7,0.7
2019-08-08,27.1,25.3,24.3,23.2,22.7,22.1,92,86,74,1015.9,1014.3,1013.0,20.6,16.3,12.4,1.2
2019-08-09,27.4,25.2,23.8,23.8,22.8,22.3,93,87,79,1016.5,1014.9,1013.0,20.6,15.6,10.5,2.1
2019-08-10,27.6,25.5,24.4,23.6,22.9,22.5,91,85,78,1017.3,1015.0,1012.9,20.8,14.2,8.0,1.6
2019-08-11,28.1,25.4,23.8,23.9,22.7,22.1,93,85,76,1016.5,1014.1,1011.5,23.3,15.1,10.3,0.9
2019-08-12,27.5,25.6,24.3,22.4,22.0,21.6,88,81,72,1014.7,1012.6,1010.1,21.2,15.8,11.0,1.5
2019-08-13,27.8,25.6,24.5,23.6,22.6,21.9,88,83,78,1014.6,1012.3,1010.6,19.1,15.1,11.5,1.8
2019-08-14,27.8,25.8,24.2,22.9,22.5,22.1,89,82,72,1015.3,1013.4,1011.8,20.1,14.2,6.5,3.2
2019-08-15,27.6,25.6,24.0,23.4,22.8,22.4,94,85,73,1015.1,1013.5,1011.7,19.8,11.7,4.7,3.4
2019-08-16,28.1,25.8,24.4,23.4,22.8,22.1,91,83,74,1014.2,1012.5,1010.6,21.4,14.7,9.4,1.0
2019-08-17,28.2,25.9,24.3,23.0,22.6,22.2,91,83,70,1013.6,1012.0,1009.7,19.4,13.8,7.9,2.7
2019-08-18,28.1,25.9,24.2,23.3,22.7,22.2,92,83,71,1013.1,1011.5,1009.4,20.9,14.1,7.9,1.1
2019-08-19,27.3,25.8,24.6,23.8,23.0,22.4,91,85,78,1013.5,1011.8,1010.3,21.7,15.9,11.2,1.6
2019-08-20,27.7,25.8,24.4,24.0,23.2,22.4,92,86,76,1014.5,1012.4,1010.8,18.8,14.1,9.0,1.2
2019-08-21,27.3,25.6,24.5,23.5,23.0,22.7,93,86,78,1014.8,1012.9,1010.5,17.3,12.1,7.7,1.6
2019-08-22,27.8,25.7,24.3,23.4,22.9,22.1,91,84,75,1014.3,1012.5,1010.6,22.9,15.9,10.1,1.8
2019-08-23,27.0,25.5,24.1,23.1,22.7,22.0,91,85,77,1015.9,1013.8,1012.2,23.2,16.8,12.2,7.0
2019-08-24,27.1,25.6,24.7,23.1,22.5,21.7,89,83,75,1016.2,1014.0,1012.6,18.9,14.4,9.8,1.8
2019-08-25,28.0,25.3,23.5,23.5,22.8,22.3,94,86,77,1016.0,1014.2,1012.2,17.3,11.9,6.6,6.4
2019-08-26,27.0,25.4,24.4,24.1,23.0,22.4,91,87,80,1015.8,1014.0,1011.6,19.1,12.2,7.0,6.1
2019-08-27,27.6,25.5,23.8,23.4,22.8,22.2,94,85,75,1015.3,1013.6,1010.9,18.1,11.9,6.8,1.6
2019-08-28,27.3,25.4,23.6,23.4,22.8,22.4,94,86,75,1015.2,1013.2,1010.8,16.8,9.9,2.5,3.4
2019-08-29,28.9,25.7,23.3,23.2,22.8,22.5,96,85,69,1015.0,1013.2,1010.6,17.0,8.0,1.3,1.3
2019-08-30,28.7,25.7,24.0,23.4,23.1,22.4,95,86,69,1014.9,1012.6,1010.4,13.7,9.8,3.6,1.6
2019-08-31,28.1,25.4,23.0,24.2,23.1,22.2,96,87,77,1013.1,1011.4,1008.9,21.6,12.9,5.2,9.2
2019-09-01,27.2,25.3,24.2,23.4,22.9,22.6,93,87,79,1013.0,1010.7,1008.6,21.7,15.4,8.7,8.8
2019-09-02,27.5,25.2,23.9,24.4,23.3,22.7,94,90,79,1014.4,1011.9,1010.3,18.4,11.4,4.5,9.2
2019-09-03,27.5,25.5,23.7,23.4,23.0,22.7,94,86,76,1014.6,1013.0,1010.9,14.6,9.1,3.0,2.1
2019-09-04,26.3,25.1,23.7,23.7,23.0,22.5,94,89,81,1014.3,1012.5,1010.2,17.8,9.9,2.7,15.7
2019-09-05,27.7,25.8,24.5,24.9,23.5,23.1,93,88,80,1013.8,1012.3,1010.4,17.1,11.6,6.8,1.5
2019-09-06,26.6,25.1,24.1,23.6,23.2,22.9,94,89,84,1015.2,1012.7,1010.6,18.9,10.5,3.7,12.8
2019-09-07,27.6,25.4,23.6,24.2,23.2,22.8,96,88,77,1014.4,1012.8,1011.2,16.3,9.6,1.8,2.3
2019-09-08,27.5,25.4,23.9,24.8,23.4,22.7,93,89,83,1016.0,1013.7,1011.8,16.3,9.8,4.3,3.2
2019-09-09,27.1,25.4,24.1,24.0,23.2,22.9,95,88,78,1015.7,1013.6,1011.2,16.6,10.5,4.6,9.5
2019-09-10,27.0,25.1,24.0,24.2,23.3,22.9,96,90,81,1014.6,1012.5,1009.9,19.9,10.7,4.7,10.9
2019-09-11,26.3,24.8,23.7,23.9,23.3,22.9,95,92,87,1013.8,1011.5,1009.4,11.8,8.7,3.8,14.3
2019-09-12,27.3,25.5,24.0,24.5,23.3,22.7,93,88,81,1013.9,1011.9,1010.4,17.9,11.7,5.5,3.9
2019-09-13,27.7,25.8,24.0,25.4,23.6,22.9,94,88,78,1014.6,1012.7,1010.4,17.6,8.6,2.8,0.9
2019-09-14,28.0,26.0,24.4,24.2,23.5,23.1,93,86,77,1014.2,1011.8,1009.4,17.8,10.5,5.0,2.4
2019-09-15,28.1,25.8,24.2,24.4,23.5,22.9,95,87,76,1013.4,1011.4,1009.6,17.3,10.9,5.4,2.8
2019-09-16,28.6,26.4,24.7,24.9,23.9,23.3,93,86,78,1013.0,1010.9,1008.6,16.3,10.5,6.9,1.8
2019-09-17,27.7,25.9,24.6,24.5,23.6,23.1,93,87,78,1012.6,1010.5,1008.4,16.3,10.5,4.7,5.9
2019-09-18,27.3,25.0,23.4,24.8,23.5,22.5,97,92,83,1012.8,1010.9,1008.8,15.5,8.9,6.5,27.7
2019-09-19,26.1,24.7,23.7,23.7,23.2,22.7,96,91,83,1013.1,1011.2,1009.6,11.5,6.2,1.3,75.8
2019-09-20,28.1,26.1,24.4,25.0,23.8,23.3,95,87,77,1013.4,1011.7,1009.9,15.2,6.3,0.7,3.6
2019-09-21,28.9,26.0,23.3,23.7,23.2,22.5,96,85,69,1013.2,1011.6,1009.4,16.3,8.0,4.0,0.4
2019-09-22,28.1,26.3,24.8,25.0,23.6,22.9,94,85,76,1012.8,1010.8,1008.8,18.4,11.2,3.7,2.1
2019-09-23,28.9,26.5,24.2,24.0,23.6,23.3,95,85,73,1013.1,1011.2,1009.2,15.7,9.0,5.4,1.4
2019-09-24,29.2,26.4,23.9,24.3,23.6,23.2,96,85,73,1013.3,1011.5,1009.1,15.5,10.7,6.9,1.2
2019-09-25,29.3,26.8,25.0,24.3,23.7,23.2,93,84,72,1013.3,1011.2,1009.2,21.2,12.2,6.0,1.2
2019-09-26,28.9,26.6,25.0,24.3,23.9,23.6,93,85,74,1013.6,1011.8,1009.6,18.3,10.6,3.7,1.5
2019-09-27,28.7,26.4,24.5,24.9,23.9,23.3,93,87,75,1013.1,1011.4,1009.0,15.8,10.6,4.3,7.7
2019-09-28,27.0,25.2,24.1,24.0,23.5,23.2,96,90,83,1013.3,1011.7,1009.9,15.8,7.4,2.1,4.7
2019-09-29,28.4,25.9,23.8,24.2,23.7,22.7,94,88,76,1012.7,1011.3,1008.8,16.2,10.4,3.0,10.2
2019-09-30,27.7,25.8,25.1,24.7,23.7,23.2,93,88,82,1012.5,1010.1,1007.8,18.5,11.7,5.2,8.1
2019-10-01,27.0,24.5,23.6,24.7,23.1,22.1,95,92,87,1012.0,1010.3,1008.7,11.2,6.1,3.4,23.8
2019-10-02,27.3,25.3,23.5,24.1,23.2,22.7,96,88,79,1012.9,1011.1,1008.9,19.7,8.6,2.3,6.3
2019-10-03,28.5,25.5,23.2,24.5,23.3,22.4,96,88,74,1012.7,1010.5,1007.9,13.8,8.3,4.3,2.0
2019-10-04,26.2,24.7,23.5,24.6,23.1,22.4,97,91,84,1011.4,1009.6,1007.4,10.2,5.6,1.6,19.9
2019-10-05,25.7,24.5,23.7,23.9,23.1,22.5,96,92,86,1012.2,1010.3,1008.7,17.9,10.7,2.6,43.7
2019-10-06,28.3,25.2,23.0,25.0,23.5,22.6,98,91,79,1012.4,1010.4,1008.7,11.2,6.4,3.4,14.3
2019-10-07,27.5,25.5,24.3,24.9,23.7,23.1,95,90,80,1011.1,1009.3,1007.1,18.4,12.4,5.8,7.3
2019-10-08,26.7,25.1,24.2,24.6,23.4,22.7,93,91,87,1011.5,1009.6,1007.8,17.7,11.8,4.3,10.5
2019-10-09,27.8,25.3,24.4,24.0,23.3,23.0,93,89,80,1011.8,1009.6,1007.7,18.6,12.1,7.0,12.7
2019-10-10,27.8,25.9,24.3,24.9,23.6,23.2,94,88,78,1011.2,1009.1,1006.6,17.1,11.2,4.6,2.3
2019-10-11,27.3,25.5,23.9,24.7,23.6,22.8,96,89,85,1011.8,1009.5,1007.6,15.0,8.8,3.1,8.5
2019-10-12,25.8,24.1,22.6,23.8,22.9,22.1,97,93,84,1012.9,1010.7,1009.5,12.6,5.8,1.0,33.2
2019-10-13,29.2,25.4,22.6,24.5,23.0,22.0,97,87,70,1012.7,1010.4,1008.4,12.0,7.2,1.8,4.9
2019-10-14,30.1,26.6,24.2,24.5,24.0,23.0,96,86,68,1011.8,1010.0,1007.9,16.7,10.8,5.2,2.9
2019-10-15,28.1,26.1,24.2,24.1,23.5,22.9,95,86,76,1013.0,1010.9,1009.0,14.5,9.8,5.0,7.0
2019-10-16,28.9,26.2,24.5,25.1,23.9,23.4,94,87,75,1013.3,1011.2,1009.4,16.5,8.4,3.2,4.7
2019-10-17,28.4,26.0,24.0,25.4,23.9,22.9,95,88,79,1012.7,1010.7,1008.7,15.6,7.9,2.7,13.3
2019-10-18,28.1,25.5,23.8,24.6,23.5,22.7,94,89,81,1012.2,1010.1,1007.9,12.6,6.7,2.5,9.2
2019-10-19,26.5,24.8,23.4,24.1,23.1,22.5,96,90,82,1012.2,1009.8,1007.7,19.5,10.3,2.5,24.7
2019-10-20,27.1,25.2,24.2,24.2,23.4,23.1,96,90,84,1013.6,1011.2,1009.3,17.8,9.9,3.3,23.7
2019-10-21,28.5,25.8,23.7,25.6,23.7,23.1,97,88,75,1013.4,1010.9,1008.5,12.8,6.5,1.6,1.3
2019-10-22,29.3,26.3,24.2,25.3,24.0,23.5,96,87,76,1011.2,1009.1,1006.3,13.2,8.1,5.2,10.5
2019-10-23,28.1,25.9,24.2,24.3,23.8,22.9,96,88,78,1010.8,1008.9,1007.3,14.0,6.6,2.3,5.9
2019-10-24,28.3,25.9,24.4,26.6,24.3,23.2,96,91,82,1011.7,1009.8,1007.8,9.3,5.8,1.1,13.9
2019-10-25,28.7,25.5,23.6,24.6,23.5,22.8,97,89,75,1012.3,1010.1,1007.5,10.6,5.9,2.5,15.2
2019-10-26,27.8,25.5,23.5,25.2,24.0,22.9,97,92,83,1012.9,1010.5,1008.1,13.2,5.9,1.3,10.3
2019-10-27,27.0,25.3,24.2,24.4,23.7,23.0,98,91,85,1012.5,1010.6,1008.1,10.6,5.6,0.8,9.6
2019-10-28,27.4,25.0,23.5,24.0,23.2,22.5,96,90,80,1012.2,1010.1,1007.3,8.4,5.3,2.7,10.8
2019-10-29,27.6,25.5,23.5,25.0,23.4,22.8,98,88,79,1011.5,1009.4,1007.1,12.0,6.2,1.3,3.1
2019-10-30,27.7,26.0,24.5,24.5,23.4,22.8,91,86,77,1012.3,1010.0,1007.9,14.5,8.0,3.3,2.4
2019-10-31,29.2,26.5,24.2,26.0,23.9,23.3,94,86,73,1012.5,1010.7,1008.3,9.0,6.0,2.6,0.6
2019-11-01,30.0,26.8,24.3,25.6,24.4,23.4,95,87,75,1011.8,1009.8,1007.2,12.3,6.9,2.7,0.2
2019-11-02,29.2,26.8,25.2,26.1,24.4,23.5,94,87,79,1011.4,1009.2,1007.8,10.8,7.2,3.6,2.8
2019-11-03,27.8,26.0,24.5,24.9,23.8,23.2,96,88,80,1013.1,1011.0,1009.6,9.0,4.4,0.5,8.1
2019-11-04,30.1,26.3,23.4,24.8,23.9,22.7,97,87,71,1012.6,1010.9,1009.0,12.8,7.3,2.0,0.8
2019-11-05,28.7,26.8,24.7,26.2,24.6,23.9,96,88,78,1013.1,1011.2,1009.1,12.8,6.5,1.3,3.0
2019-11-06,29.7,26.8,24.5,25.2,24.3,23.7,96,87,73,1011.3,1009.6,1007.7,12.5,6.1,1.8,2.0
2019-11-07,29.2,27.1,25.0,26.0,24.7,24.1,95,87,78,1010.6,1008.9,1006.7,12.2,6.7,1.3,1.1
2019-11-08,29.3,27.0,24.8,25.1,24.5,23.8,96,87,75,1010.6,1008.7,1006.7,11.7,6.9,3.3,0.8
2019-11-09,30.5,27.2,24.9,25.7,24.6,24.1,96,86,71,1010.5,1008.8,1006.9,14.4,8.5,2.9,0.5
2019-11-10,26.7,26.0,25.1,25.0,24.2,22.9,95,90,84,1012.0,1009.4,1007.7,12.6,7.2,2.7,16.4
2019-11-11,30.0,26.7,24.5,25.4,24.4,23.9,97,88,77,1010.5,1008.1,1005.9,10.7,6.6,2.2,1.3
2019-11-12,29.2,27.2,25.3,25.4,24.5,24.1,94,85,77,1009.6,1007.8,1005.5,10.5,6.6,4.0,1.3
2019-11-13,29.8,27.2,24.7,25.0,24.3,23.8,96,85,70,1010.1,1008.1,1006.4,9.3,5.6,2.6,1.0
2019-11-14,32.3,27.7,24.7,25.4,24.4,22.8,97,83,58,1010.0,1008.3,1005.7,13.5,6.6,1.5,0.1
2019-11-15,30.3,27.7,25.3,26.0,24.7,24.2,94,84,71,1010.0,1008.3,1006.5,9.4,6.1,2.6,1.3
2019-11-16,29.3,27.3,25.1,26.5,25.0,24.4,96,87,78,1010.3,1008.1,1005.8,13.7,9.2,2.7,0.6
2019-11-17,29.9,27.8,26.0,25.9,25.1,24.7,95,85,74,1009.7,1008.2,1006.3,10.2,7.2,4.1,1.0
2019-11-18,29.9,27.7,25.6,27.0,25.2,24.9,96,87,74,1010.1,1008.1,1006.3,14.0,8.1,4.1,1.4
2019-11-19,30.4,27.8,25.4,25.0,24.7,24.3,94,84,70,1010.8,1009.0,1007.1,14.1,8.2,2.7,0.4
2019-11-20,30.2,28.1,25.7,26.6,25.1,24.6,94,84,74,1011.2,1008.9,1006.4,15.0,8.9,4.0,0.4
2019-11-21,31.0,28.1,26.9,25.3,24.7,24.2,90,82,69,1011.7,1009.5,1007.9,13.7,11.3,6.6,1.7
2019-11-22,30.3,27.6,24.6,24.7,23.8,23.2,95,81,67,1011.7,1009.9,1007.3,12.4,8.7,3.4,0.5
2019-11-23,30.6,27.8,25.1,24.7,24.1,23.3,94,81,65,1011.3,1009.6,1007.3,11.9,8.0,2.3,0.2
2019-11-24,30.4,27.9,25.7,24.7,24.2,23.5,92,81,67,1011.7,1009.5,1007.3,13.1,8.7,4.6,1.9
2019-11-25,31.0,28.0,25.3,25.0,24.6,24.1,95,82,69,1011.3,1009.6,1007.8,14.7,9.3,4.1,0.3
2019-11-26,30.7,28.2,25.9,25.7,24.8,24.3,92,82,69,1010.8,1009.2,1007.3,16.1,10.0,2.8,1.2
2019-11-27,31.2,28.2,25.8,25.7,24.8,23.8,94,82,65,1010.8,1009.1,1007.2,14.9,8.8,3.6,0.6
2019-11-28,30.8,27.9,25.6,25.2,24.8,24.0,96,84,68,1011.4,1009.4,1007.4,13.2,8.4,3.6,3.1
2019-11-29,30.9,28.0,25.3,25.3,24.6,23.6,95,83,65,1011.8,1009.7,1007.6,11.5,7.6,2.6,0.1
2019-11-30,32.0,28.2,24.9,25.1,24.4,23.1,98,81,61,1011.1,1009.2,1007.1,15.4,9.4,1.1,0.0
2019-12-01,31.8,28.1,24.7,25.2,24.0,21.8,96,79,55,1011.5,1009.5,1007.5,17.1,9.8,4.5,0.0
2019-12-02,31.3,28.5,25.9,25.1,24.3,21.7,92,79,57,1011.1,1009.3,1007.2,16.6,10.6,5.3,1.1
2019-12-03,31.3,28.4,25.9,25.4,24.8,23.8,94,82,66,1011.0,1009.3,1007.2,13.7,8.6,2.3,1.0
2019-12-04,31.4,28.0,25.3,25.3,24.5,22.9,98,82,62,1010.9,1009.1,1007.1,16.1,8.9,2.2,0.9
2019-12-05,30.7,27.9,25.3,25.2,24.4,23.4,96,82,65,1010.4,1008.7,1006.7,13.4,8.2,1.6,1.4
2019-12-06,29.7,27.3,25.5,24.9,24.4,23.7,93,84,71,1011.3,1009.4,1007.2,13.9,8.2,3.6,1.5
2019-12-07,30.4,27.6,24.9,25.2,24.6,24.1,97,84,69,1011.7,1009.6,1007.0,14.2,8.4,0.8,0.1
2019-12-08,30.1,27.6,25.0,24.8,24.3,23.5,95,83,68,1011.7,1009.6,1007.3,13.1,8.0,2.6,0.7
2019-12-09,31.1,28.2,25.9,25.1,24.1,22.4,91,79,61,1011.8,1009.6,1007.1,13.5,8.5,2.8,1.0
2019-12-10,31.9,28.0,24.8,25.0,24.0,20.7,97,80,52,1011.0,1009.1,1006.8,17.3,10.0,4.2,1.1
2019-12-11,30.2,27.6,25.2,25.1,24.1,22.7,94,82,66,1011.5,1009.2,1007.3,13.8,9.1,3.4,1.0
2019-12-12,30.1,27.5,24.6,24.5,23.7,22.9,96,80,67,1011.3,1009.5,1007.6,13.3,6.6,1.0,0.2
2019-12-13,30.6,27.4,24.1,24.7,23.7,22.5,96,81,62,1012.3,1010.0,1008.0,12.9,8.3,0.8,0.0
2019-12-14,30.6,27.3,24.3,24.7,24.0,22.6,98,83,62,1012.7,1010.7,1008.9,13.3,8.1,4.7,0.1
2019-12-15,30.9,27.9,24.9,25.0,24.3,23.2,97,82,65,1012.2,1009.8,1007.0,12.3,8.0,2.4,0.6
2019-12-16,32.8,28.2,24.5,25.1,23.7,20.8,97,79,49,1010.0,1007.9,1005.0,16.0,9.6,4.5,0.0
2019-12-17,33.2,28.5,24.9,25.2,24.2,21.5,96,79,52,1010.1,1008.2,1006.1,16.6,9.9,2.2,0.0
2019-12-18,32.5,28.6,25.2,25.3,24.2,22.0,97,79,55,1010.9,1009.0,1006.8,16.9,9.9,5.6,0.0
2019-12-19,33.2,28.4,24.6,25.2,24.0,21.0,99,79,51,1011.8,1009.6,1006.7,15.9,8.8,2.1,0.0
2019-12-20,33.5,28.7,25.4,25.4,24.4,21.3,96,79,49,1011.2,1009.4,1006.9,16.8,9.0,1.6,0.0
2019-12-21,30.8,28.2,26.0,25.4,24.5,23.4,91,81,65,1012.2,1010.3,1008.4,14.6,7.9,2.3,0.9
2019-12-22,32.3,28.2,24.4,24.9,23.8,21.5,97,78,54,1012.3,1010.2,1008.2,15.6,8.4,3.9,0.0
2019-12-23,33.1,27.8,23.2,24.8,17.3,6.3,99,61,19,1012.0,1009.9,1007.6,11.5,9.0,3.3,0.0
2019-12-24,32.6,27.2,21.5,23.0,18.9,13.0,88,65,31,1011.8,1009.7,1007.5,12.7,8.5,3.8,0.0
2019-12-25,33.0,27.4,22.5,24.2,21.7,17.1,98,74,39,1012.7,1009.9,1007.4,13.4,8.9,2.3,0.0
2019-12-26,32.8,27.8,23.3,24.2,22.3,17.9,98,75,43,1011.7,1009.4,1007.1,14.8,9.4,5.0,0.0
2019-12-27,33.8,28.1,23.7,24.9,22.7,18.3,97,75,40,1011.8,1009.2,1006.1,15.5,8.5,3.7,0.0
2019-12-28,33.0,27.8,23.7,24.6,21.9,17.7,97,73,42,1011.2,1008.9,1006.2,13.7,8.4,1.6,0.0
2019-12-29,34.5,27.8,22.4,23.8,17.8,6.9,96,62,18,1010.7,1008.1,1005.3,14.9,7.6,4.5,0.0
2019-12-30,33.5,26.9,21.1,21.9,16.7,4.0,87,60,17,1010.7,1008.2,1006.5,13.6,8.0,2.3,0.0
2019-12-31,33.0,26.9,21.6,22.8,16.1,6.6,95,59,21,1011.0,1008.7,1006.6,13.9,9.0,4.0,0.0
2020-01-01,33.4,27.2,21.6,22.9,14.7,3.9,96,54,18,1011.9,1009.2,1006.7,12.6,8.2,3.1,0.0
2020-01-02,33.1,26.8,22.0,17.8,10.2,3.6,65,38,20,1012.5,1010.1,1007.9,15.3,8.9,4.0,0.0
2020-01-03,33.3,26.7,21.6,14.9,6.4,2.6,50,29,18,1013.4,1011.0,1007.9,18.5,11.3,2.6,0.0
2020-01-04,33.3,26.4,21.0,18.2,8.1,3.4,69,33,19,1014.2,1011.0,1007.7,16.2,10.6,4.0,0.0
2020-01-05,32.1,26.4,20.9,18.0,11.6,7.5,71,42,23,1012.3,1009.9,1007.1,11.8,9.3,3.6,0.0
2020-01-06,32.8,27.0,21.9,22.4,16.3,11.0,79,55,27,1011.6,1009.0,1006.3,14.3,8.5,1.9,0.0
2020-01-07,33.0,27.1,22.2,22.3,18.1,13.0,90,62,31,1010.9,1008.6,1006.4,15.5,8.9,1.9,0.0
2020-01-08,32.7,27.7,23.8,24.9,21.3,17.4,91,71,41,1012.3,1009.6,1007.3,16.2,8.8,2.2,0.0
2020-01-09,32.2,27.3,23.2,25.3,23.4,20.5,98,81,50,1012.1,1009.7,1007.1,16.2,9.3,3.0,0.0
2020-01-10,32.2,28.2,26.0,25.6,24.0,21.2,94,80,54,1013.8,1011.1,1008.4,15.4,10.3,4.0,0.1
2020-01-11,30.5,27.8,26.3,25.6,24.5,23.4,95,83,66,1013.6,1011.7,1009.8,18.5,13.1,7.7,0.1
2020-01-12,31.1,27.7,24.7,25.4,24.4,23.1,98,83,62,1013.2,1010.7,1007.6,13.0,7.8,0.7,0.0
2020-01-13,31.4,28.1,25.7,25.5,24.8,23.1,98,84,61,1010.6,1008.6,1005.9,15.1,8.9,3.1,0.0
2020-01-14,33.3,28.5,25.8,25.7,24.6,21.7,98,81,51,1010.3,1007.8,1004.9,16.9,10.8,3.8,0.0
2020-01-15,32.6,28.2,25.6,25.8,24.4,21.2,97,81,54,1010.3,1008.1,1006.1,19.0,11.6,1.8,0.0
2020-01-16,32.8,28.3,25.3,26.0,24.4,21.2,98,81,53,1012.1,1009.7,1007.7,17.5,10.4,4.0,0.0
2020-01-17,33.4,28.6,26.1,26.1,23.7,18.9,98,78,42,1012.9,1010.7,1008.2,18.1,10.5,6.5,0.0
2020-01-18,33.4,28.1,24.8,25.4,23.1,18.6,99,77,42,1013.5,1010.9,1008.0,16.1,9.3,5.4,0.0
2020-01-19,32.3,27.9,24.8,25.2,20.6,10.8,98,70,27,1012.6,1009.9,1007.1,15.5,9.5,3.4,0.0
2020-01-20,31.8,27.2,22.5,23.0,18.7,12.5,92,64,32,1011.0,1009.0,1006.8,12.5,8.0,2.2,0.0
2020-01-21,33.8,27.9,22.5,24.6,19.6,13.4,91,65,31,1012.3,1009.4,1006.3,16.5,8.8,2.5,0.0
2020-01-22,32.5,27.3,22.6,24.8,21.8,17.1,95,75,40,1012.5,1009.4,1006.4,14.5,8.8,1.1,0.0
2020-01-23,32.1,27.2,23.5,25.4,23.4,20.7,98,82,53,1012.1,1009.4,1006.6,17.3,8.4,1.1,0.0
2020-01-24,32.8,27.6,24.7,25.2,19.4,10.0,98,68,25,1012.9,1010.1,1007.7,11.8,8.6,4.7,0.0
2020-01-25,32.8,26.6,20.2,22.7,11.1,0.2,93,45,15,1013.0,1010.2,1006.9,13.5,8.1,1.8,0.0
2020-01-26,32.7,25.9,18.7,18.9,9.9,0.7,82,45,13,1013.2,1010.8,1008.5,12.7,8.3,4.0,0.0
2020-01-27,32.3,26.3,19.7,22.9,17.7,12.7,90,63,32,1012.4,1010.4,1007.7,14.8,8.6,4.0,0.0
2020-01-28,32.5,26.3,21.0,24.9,22.0,19.2,98,79,49,1013.3,1010.4,1008.0,17.5,9.8,1.3,0.0
2020-01-29,32.7,27.0,23.5,24.6,22.4,18.2,99,79,44,1012.5,1009.9,1007.4,16.0,8.9,1.8,0.0
2020-01-30,32.1,26.4,22.0,25.2,22.6,20.0,99,82,51,1013.9,1011.2,1008.6,17.2,9.5,1.6,0.0
2020-01-31,32.2,27.3,24.2,24.9,23.5,21.0,99,82,54,1014.0,1011.5,1009.0,15.5,9.1,0.5,0.2
2020-02-01,33.5,27.5,23.4,24.8,21.6,16.0,99,75,36,1013.0,1010.5,1007.8,16.3,9.2,4.3,0.0
2020-02-02,33.7,27.6,24.0,24.5,21.1,11.9,99,73,27,1013.3,1010.9,1008.6,16.6,10.5,4.4,0.0
2020-02-03,32.3,26.9,22.5,24.6,21.9,15.6,98,77,37,1013.7,1011.4,1009.0,17.3,10.3,3.8,0.0
2020-02-04,32.7,27.5,24.2,24.7,23.0,19.8,99,79,47,1014.0,1011.4,1008.6,16.7,10.2,3.6,0.0
2020-02-05,32.0,27.6,23.8,25.0,23.1,20.1,98,79,52,1012.9,1010.2,1007.9,14.9,9.3,3.5,0.0
2020-02-06,33.2,28.1,23.8,24.9,21.2,15.2,97,71,34,1011.7,1009.6,1007.5,14.9,9.5,3.8,0.0
2020-02-07,34.8,28.2,22.7,24.5,16.3,4.2,94,58,15,1012.6,1009.7,1006.6,13.7,9.1,3.6,0.0
2020-02-08,34.5,28.3,22.9,23.9,16.6,6.9,80,54,19,1011.7,1009.6,1007.3,16.7,9.8,3.7,0.0
2020-02-09,32.9,28.0,23.6,25.1,23.4,20.9,96,78,50,1012.6,1010.3,1008.4,18.1,10.0,2.9,0.0
2020-02-10,31.9,28.1,25.1,25.3,24.6,23.4,96,82,63,1013.8,1011.1,1008.9,15.8,8.8,1.8,2.2
2020-02-11,34.0,28.4,24.6,25.4,19.5,8.6,99,66,22,1012.8,1010.4,1007.0,15.8,9.1,4.3,0.0
2020-02-12,34.0,27.5,21.0,21.7,12.9,2.2,83,48,14,1012.9,1009.9,1006.7,15.5,10.7,4.8,0.0
2020-02-13,33.1,27.2,21.1,23.9,14.9,6.6,87,53,21,1012.7,1009.6,1006.9,15.8,10.0,5.7,0.0
2020-02-14,33.9,27.2,21.5,24.2,18.9,11.4,94,66,27,1011.4,1008.1,1004.8,16.9,9.0,3.4,0.0
2020-02-15,33.4,27.5,22.3,25.0,21.6,16.6,95,74,38,1010.9,1007.9,1005.4,17.7,9.9,1.6,0.0
2020-02-16,32.5,27.8,23.7,24.9,23.1,20.3,99,78,50,1011.4,1008.9,1006.2,18.1,10.9,0.8,0.0
2020-02-17,33.4,28.7,25.1,25.3,24.0,21.7,95,77,51,1011.7,1009.6,1007.1,19.5,12.2,4.3,0.0
2020-02-18,33.3,29.0,25.8,25.4,24.3,22.1,95,78,52,1011.9,1009.9,1008.1,19.1,12.2,4.3,0.4
2020-02-19,32.4,28.7,25.6,25.3,24.6,22.6,97,80,56,1011.2,1008.7,1005.5,17.4,9.9,2.2,0.1
2020-02-20,33.1,28.9,25.6,25.7,24.6,22.4,96,79,54,1009.4,1007.3,1004.4,18.0,11.1,3.5,0.0
2020-02-21,33.4,29.1,26.2,26.0,24.8,22.7,95,79,55,1009.2,1007.2,1004.8,20.6,11.6,3.5,0.0
2020-02-22,33.9,29.6,26.8,26.2,24.8,21.5,94,77,49,1010.4,1008.1,1006.0,20.9,13.2,5.6,0.1
2020-02-23,33.6,29.7,27.3,26.4,25.2,21.9,93,78,50,1011.1,1008.9,1006.6,20.6,11.9,4.5,0.1
2020-02-24,33.6,29.6,27.1,26.4,25.3,22.0,95,79,51,1011.4,1008.7,1005.9,18.5,11.5,1.6,0.0
2020-02-25,32.9,28.9,26.1,26.4,24.3,19.8,97,78,46,1011.3,1008.7,1006.5,19.1,11.7,2.1,0.3
2020-02-26,31.9,28.7,26.0,25.6,24.4,22.8,96,79,59,1010.5,1008.2,1005.8,15.0,10.9,2.9,0.5
2020-02-27,33.0,29.3,26.2,25.8,24.8,23.0,96,78,56,1010.7,1008.7,1006.8,19.6,11.5,5.2,0.2
2020-02-28,33.5,29.7,26.5,26.2,25.3,23.7,94,78,57,1011.3,1009.2,1006.7,20.3,10.7,2.1,0.3
2020-02-29,33.6,29.9,27.1,26.3,25.3,23.2,92,77,55,1010.3,1008.3,1006.1,19.8,13.8,6.8,0.1
2020-03-01,32.4,29.7,27.7,26.1,25.1,24.3,90,77,63,1011.4,1008.8,1006.6,20.4,16.2,11.5,0.6
2020-03-02,31.9,29.0,27.4,25.5,24.9,24.1,90,79,64,1012.8,1010.6,1008.5,17.1,14.3,6.1,4.7
2020-03-03,31.9,28.4,25.1,26.1,24.7,24.1,95,81,64,1013.6,1011.3,1008.7,14.5,8.5,2.2,0.1
2020-03-04,33.0,29.7,27.7,26.1,25.1,23.8,91,77,59,1012.9,1010.5,1007.8,16.0,11.8,5.6,0.3
2020-03-05,33.0,29.6,27.8,26.2,25.0,23.9,89,77,59,1011.6,1009.3,1007.0,15.8,11.6,6.3,0.7
2020-03-06,32.1,29.0,26.7,26.3,25.2,24.1,90,81,63,1009.9,1008.5,1006.5,17.3,13.1,7.9,3.9
2020-03-07,30.9,28.0,25.7,25.6,24.9,23.9,95,84,68,1011.1,1008.9,1007.0,15.6,9.8,3.1,0.1
2020-03-08,31.7,28.7,26.4,25.2,24.2,23.2,89,77,62,1011.3,1009.4,1007.2,16.7,11.9,6.9,0.6
2020-03-09,32.6,29.4,27.3,25.3,24.5,23.0,88,76,57,1011.0,1008.8,1006.3,18.9,13.4,8.1,0.0
2020-03-10,32.9,29.5,27.2,25.6,24.9,23.5,89,77,58,1010.3,1007.8,1005.2,20.6,14.2,9.0,0.4
2020-03-11,32.8,29.7,27.3,26.0,25.2,24.0,88,78,62,1009.8,1007.9,1005.3,22.7,16.7,11.2,0.7
2020-03-12,31.1,29.1,27.5,26.1,25.6,24.6,90,82,69,1009.8,1007.9,1005.9,17.1,12.7,6.9,0.6
2020-03-13,31.0,28.6,26.9,26.2,25.2,24.5,92,82,70,1010.5,1008.6,1006.7,19.5,11.4,5.5,1.9
2020-03-14,31.1,28.1,25.1,25.8,24.7,24.2,97,83,70,1011.5,1009.2,1006.8,14.2,8.5,3.4,5.7
2020-03-15,32.7,29.0,25.9,25.1,24.3,22.6,93,77,55,1010.2,1008.3,1005.9,21.1,12.9,4.7,0.0
2020-03-16,33.0,29.5,26.7,25.5,24.5,23.0,92,76,56,1009.8,1007.7,1004.8,18.7,13.8,6.6,0.2
2020-03-17,32.6,29.5,27.0,25.4,24.7,23.1,91,76,58,1010.4,1008.1,1005.9,19.5,12.9,4.0,0.0
2020-03-18,33.0,29.5,27.6,25.5,24.9,23.6,88,77,59,1010.7,1008.7,1006.4,21.4,17.4,11.6,0.2
2020-03-19,32.3,29.1,27.5,25.4,24.8,24.2,88,78,63,1011.0,1008.9,1007.1,23.8,18.4,13.6,0.4
2020-03-20,31.5,28.8,27.0,25.3,24.6,23.9,87,78,64,1011.6,1009.4,1007.5,19.4,15.9,7.4,0.4
2020-03-21,32.3,29.0,27.0,25.6,24.9,23.7,91,79,61,1011.2,1008.7,1006.2,17.7,12.3,6.8,0.8
2020-03-22,32.4,29.0,26.9,25.7,24.7,22.9,92,78,59,1010.7,1008.5,1006.1,16.9,12.0,5.8,0.1
2020-03-23,31.1,28.5,26.8,25.5,24.7,23.8,90,80,66,1011.7,1009.3,1007.1,20.1,14.9,7.6,0.5
2020-03-24,29.8,26.9,26.0,25.0,24.6,24.0,93,88,71,1011.9,1009.7,1007.3,22.3,15.4,10.2,3.7
2020-03-25,28.7,26.9,25.7,25.0,24.3,23.8,93,86,76,1012.7,1010.2,1008.2,19.2,10.7,3.9,7.9
2020-03-26,30.1,27.5,25.1,25.1,24.1,22.6,96,83,68,1011.1,1008.7,1005.9,12.4,7.7,1.0,0.0
2020-03-27,30.7,28.2,26.8,25.3,24.6,23.3,90,81,66,1011.0,1008.9,1007.1,15.3,11.3,6.7,0.4
2020-03-28,31.1,28.1,25.6,25.3,24.6,23.5,95,82,64,1011.0,1009.2,1007.5,17.2,11.0,4.3,0.1
2020-03-29,32.0,28.6,26.1,25.4,24.6,23.5,94,80,61,1010.5,1008.8,1006.6,21.2,12.5,6.5,0.0
2020-03-30,32.2,28.8,26.7,25.4,24.4,23.1,89,78,60,1009.8,1007.8,1005.3,20.9,15.1,10.7,0.0
2020-03-31,32.3,29.0,27.0,25.5,24.4,22.9,90,77,59,1010.3,1008.2,1006.2,17.8,13.3,7.6,0.0
2020-04-01,32.2,28.5,26.6,25.4,24.5,22.7,93,80,57,1011.0,1009.3,1007.8,20.0,13.4,7.0,1.1
2020-04-02,31.5,28.5,25.1,24.8,23.3,21.6,93,75,56,1010.6,1008.7,1007.2,15.5,9.9,3.4,0.0
2020-04-03,32.3,29.1,26.9,25.4,24.4,23.2,91,77,59,1010.9,1008.7,1006.9,21.5,14.3,7.1,0.0
2020-04-04,31.9,28.7,27.6,25.2,24.4,23.5,87,78,62,1012.2,1010.3,1008.4,23.9,15.8,7.5,0.8
2020-04-05,30.3,27.9,25.2,25.3,24.8,24.4,96,84,71,1011.6,1009.5,1007.3,14.7,8.8,0.7,0.0
2020-04-06,31.3,28.5,27.1,25.3,24.6,23.8,89,80,65,1012.4,1010.5,1008.4,18.6,12.8,7.8,0.4
2020-04-07,31.1,28.1,25.0,24.9,24.2,23.3,95,80,63,1011.7,1009.5,1006.8,16.1,8.7,1.3,0.0
2020-04-08,32.2,28.9,26.5,24.7,24.0,23.3,88,75,60,1011.1,1008.9,1005.7,21.2,13.5,4.8,0.0
2020-04-09,32.6,29.3,27.2,24.9,24.2,23.2,86,75,58,1010.8,1009.0,1006.8,17.2,12.0,6.4,1.3
2020-04-10,31.8,28.3,25.7,25.0,23.3,21.2,93,76,58,1011.3,1009.6,1007.5,11.6,6.2,1.8,1.9
2020-04-11,32.9,29.2,25.8,24.6,23.5,22.7,88,72,56,1012.0,1009.9,1008.4,15.9,9.0,1.8,0.3
2020-04-12,32.4,29.5,27.1,24.8,24.2,23.0,86,74,59,1012.0,1009.9,1007.4,18.2,12.4,5.5,0.2
2020-04-13,32.4,29.6,27.8,25.3,24.6,23.3,86,75,59,1011.6,1009.4,1007.3,16.3,12.5,7.4,0.0
2020-04-14,33.4,29.7,27.3,25.3,24.5,23.1,88,75,55,1010.3,1008.9,1006.9,17.4,11.4,6.0,0.2
2020-04-15,33.4,29.9,27.2,25.5,24.6,23.5,89,75,58,1010.6,1008.7,1006.3,17.4,12.4,6.1,0.0
2020-04-16,32.6,29.5,27.6,25.8,25.2,23.9,88,78,61,1010.3,1008.4,1005.3,23.6,15.0,6.9,2.2
2020-04-17,31.4,28.6,27.4,25.4,24.6,24.1,87,79,66,1010.6,1008.5,1006.8,21.7,15.9,11.5,3.6
2020-04-18,30.7,28.4,26.8,25.2,24.8,24.2,89,81,70,1012.4,1009.6,1007.7,19.1,14.6,7.4,3.2
2020-04-19,29.6,27.3,25.7,25.2,24.4,23.6,94,84,71,1013.7,1011.5,1009.6,18.4,11.6,3.9,3.8
2020-04-20,31.0,28.2,25.8,25.2,24.4,23.6,91,80,67,1013.4,1011.0,1008.8,17.1,9.8,4.0,0.7
2020-04-21,31.7,28.4,25.3,25.2,24.6,23.9,94,81,64,1011.9,1009.7,1006.8,16.9,9.5,3.4,0.9
2020-04-22,30.8,28.7,27.4,25.4,24.6,23.5,89,79,68,1011.1,1008.9,1007.0,18.9,13.4,7.6,2.1
2020-04-23,29.9,27.6,25.6,25.2,24.6,24.1,95,84,71,1011.1,1009.1,1007.4,19.1,9.6,2.5,1.2
2020-04-24,31.1,28.3,25.8,25.1,24.7,24.3,93,81,67,1010.8,1009.1,1006.9,16.9,10.2,3.6,0.1
2020-04-25,29.4,27.9,26.1,25.3,24.7,24.2,90,83,76,1011.7,1009.5,1007.4,21.8,15.2,7.9,4.8
2020-04-26,29.0,27.7,26.6,25.1,24.5,24.0,91,83,77,1012.5,1010.1,1008.2,16.6,10.3,4.9,5.4
2020-04-27,30.2,27.8,25.4,25.2,24.4,23.6,96,83,69,1013.1,1011.3,1009.3,14.4,8.2,1.6,0.4
2020-04-28,30.6,28.0,25.8,25.0,24.0,22.7,94,79,63,1013.3,1011.4,1009.3,17.1,10.1,2.3,0.0
2020-04-29,31.2,28.6,26.8,25.4,24.2,23.4,88,77,64,1013.3,1011.5,1009.7,16.3,11.8,6.1,0.4
2020-04-30,31.3,28.3,25.7,25.3,24.4,23.3,94,80,64,1014.0,1012.1,1010.4,18.0,12.0,5.1,0.6
2020-05-01,32.0,28.7,26.5,24.6,23.5,21.7,89,74,56,1014.0,1012.3,1010.3,14.4,10.8,6.0,0.0
2020-05-02,32.5,29.3,26.6,25.6,24.3,23.0,90,75,57,1013.5,1011.0,1008.7,18.0,12.7,4.8,0.3
2020-05-03,31.3,28.5,26.9,25.6,25.0,24.1,91,82,68,1012.1,1009.8,1008.1,19.1,13.2,7.3,2.0
2020-05-04,30.4,27.8,25.7,25.1,24.5,23.8,96,83,69,1011.9,1010.2,1008.1,11.9,5.8,0.7,0.9
2020-05-05,32.3,28.9,25.9,25.1,24.3,23.3,92,77,60,1011.6,1009.9,1007.7,15.6,10.0,4.1,0.0
2020-05-06,32.2,29.2,26.8,25.6,24.7,23.4,93,78,60,1011.4,1009.3,1007.2,18.0,12.0,6.0,0.5
2020-05-07,32.3,29.2,27.3,25.2,24.4,23.1,86,76,58,1011.3,1009.2,1007.4,19.3,13.9,9.0,0.3
2020-05-08,31.9,29.2,27.4,25.1,24.5,23.7,87,77,62,1012.1,1009.5,1007.9,16.1,11.0,6.2,0.5
2020-05-09,31.8,28.9,27.2,25.3,24.7,23.8,88,79,63,1012.4,1010.2,1008.1,18.0,13.1,8.7,3.3
2020-05-10,30.7,28.1,26.9,25.3,24.5,23.2,88,81,70,1012.6,1010.7,1009.3,15.9,10.3,1.8,6.8
2020-05-11,29.2,27.1,25.0,24.7,24.0,23.5,94,83,75,1013.8,1012.1,1010.1,14.0,7.3,2.8,11.2
2020-05-12,30.3,27.7,25.0,24.8,24.2,23.7,93,82,68,1013.8,1011.8,1009.6,14.7,8.4,4.2,1.3
2020-05-13,31.1,28.4,26.9,25.1,24.3,22.0,88,79,58,1013.3,1011.5,1009.4,13.0,8.6,4.8,1.9
2020-05-14,31.1,28.6,26.0,25.0,24.6,23.9,94,80,66,1012.6,1010.7,1008.6,15.7,9.1,3.2,0.2
2020-05-15,32.5,29.3,26.9,25.2,24.3,22.8,89,75,57,1012.1,1010.5,1008.4,16.3,11.1,5.1,0.1
2020-05-16,31.9,29.1,27.4,25.1,24.5,23.6,86,77,62,1011.9,1010.4,1008.1,20.1,13.3,8.1,1.5
2020-05-17,31.7,29.0,26.9,25.4,24.6,23.6,91,78,65,1012.8,1010.9,1008.6,14.3,8.9,3.8,0.5
2020-05-18,31.7,28.8,27.4,24.7,24.3,23.7,84,77,63,1013.6,1011.6,1009.8,19.9,13.2,7.9,0.7
2020-05-19,30.3,27.7,26.3,24.8,24.4,24.0,89,82,70,1014.1,1012.2,1010.7,15.8,11.0,5.2,2.9
2020-05-20,31.5,27.8,25.3,24.9,24.2,23.7,93,82,64,1013.5,1011.9,1010.5,18.9,11.7,3.8,2.1
2020-05-21,30.8,28.1,26.8,25.1,24.7,24.3,90,82,69,1014.0,1012.1,1010.1,20.1,12.8,5.0,3.6
2020-05-22,28.9,26.9,25.3,24.8,24.3,23.8,94,86,76,1014.1,1012.6,1011.1,16.9,10.9,3.4,7.5
2020-05-23,30.0,27.7,25.7,24.7,24.3,23.7,93,82,69,1013.4,1011.9,1010.2,18.3,10.1,3.3,1.5
2020-05-24,30.8,27.6,24.9,25.0,24.2,23.5,93,82,65,1013.4,1011.8,1009.6,18.7,10.4,4.1,1.1
2020-05-25,28.4,26.2,24.7,24.7,24.0,23.0,95,88,75,1013.4,1011.9,1009.8,9.2,5.6,0.7,24.9
2020-05-26,30.4,27.3,24.6,24.9,24.2,23.6,95,84,70,1013.1,1011.7,1009.8,13.0,7.0,1.5,0.1
2020-05-27,31.4,27.9,25.8,25.2,24.6,23.3,94,83,64,1013.0,1011.3,1008.7,18.9,10.2,2.8,1.0
2020-05-28,28.2,26.4,25.1,25.4,24.7,23.8,96,91,85,1013.0,1011.1,1009.2,10.8,7.6,3.5,15.8
2020-05-29,30.3,27.4,25.0,25.0,24.4,24.0,95,84,71,1012.4,1010.5,1008.6,13.4,7.5,1.6,3.0
2020-05-30,28.9,27.1,25.8,24.9,24.4,24.1,91,85,77,1013.4,1010.8,1009.2,18.0,11.3,4.0,10.1
2020-05-31,29.8,27.2,24.4,24.6,24.2,23.7,97,84,71,1013.8,1011.9,1010.0,13.9,7.5,1.0,6.1
2020-06-01,30.3,27.3,25.7,25.2,24.1,23.4,91,83,71,1014.5,1012.6,1010.6,16.6,9.6,5.2,5.9
2020-06-02,29.0,26.9,25.5,23.9,23.4,22.9,88,81,69,1014.3,1012.4,1009.9,11.7,6.8,1.1,0.2
2020-06-03,30.0,27.3,24.6,24.6,23.9,23.0,92,82,67,1013.3,1011.7,1009.4,15.5,8.8,4.3,1.2
2020-06-04,29.8,27.3,25.4,25.5,24.4,23.8,93,85,73,1013.4,1011.4,1010.1,16.5,10.1,5.4,1.1
2020-06-05,29.9,27.7,25.7,24.7,24.2,23.6,92,82,70,1014.7,1012.7,1010.7,13.5,7.9,3.3,1.0
2020-06-06,28.6,26.8,25.6,25.3,24.2,23.7,92,86,80,1015.5,1012.9,1011.1,14.4,9.1,3.7,4.9
2020-06-07,28.6,26.3,24.3,25.9,24.2,23.5,96,88,77,1015.1,1012.9,1011.1,10.5,7.5,3.6,7.7
2020-06-08,30.9,27.2,24.3,24.5,23.8,23.2,94,82,65,1013.3,1011.4,1009.0,18.6,10.8,4.7,0.2
2020-06-09,28.5,26.8,25.0,24.5,23.9,23.3,91,84,75,1013.1,1011.5,1009.2,20.9,11.0,6.0,1.3
2020-06-10,28.6,26.4,24.6,24.4,23.8,23.1,96,86,72,1014.2,1012.4,1010.9,13.7,7.1,1.1,7.1
2020-06-11,28.6,26.0,23.8,24.5,23.4,22.9,97,86,74,1014.7,1013.0,1011.3,18.1,10.2,3.5,5.6
2020-06-12,27.0,25.8,25.0,24.2,23.7,23.3,92,88,83,1013.1,1011.7,1010.2,15.7,9.6,6.1,5.8
2020-06-13,28.8,26.6,24.5,24.4,23.6,23.2,95,84,72,1013.5,1011.8,1010.2,13.7,7.5,2.5,3.6
2020-06-14,27.8,26.5,25.1,25.3,24.2,23.6,93,87,82,1014.3,1012.7,1011.2,14.2,8.0,4.0,3.0
2020-06-15,28.9,26.7,24.4,24.3,23.8,23.4,95,84,74,1014.4,1012.7,1010.8,14.1,8.0,2.9,5.3
2020-06-16,29.0,27.4,26.2,25.5,24.4,24.0,89,84,76,1013.0,1011.3,1009.7,17.6,11.9,7.4,1.8
2020-06-17,27.1,26.1,25.1,24.7,23.9,22.9,91,88,80,1013.4,1011.4,1009.9,18.2,11.9,3.8,8.2
2020-06-18,26.2,24.8,24.0,23.8,23.4,23.1,96,92,84,1014.7,1012.9,1011.2,17.3,8.7,4.7,110.6
2020-06-19,28.0,25.5,23.9,25.4,23.6,22.9,95,89,80,1016.0,1014.0,1012.2,12.2,7.1,4.1,2.4
2020-06-20,28.5,25.8,24.4,24.5,23.7,23.2,93,88,79,1015.6,1013.8,1011.7,16.1,10.2,6.5,13.6
2020-06-21,27.1,25.5,24.6,24.3,23.6,23.1,94,89,85,1014.6,1012.9,1011.2,13.6,8.7,3.2,8.3
2020-06-22,27.7,25.6,24.0,24.5,23.4,22.7,95,88,81,1013.6,1011.6,1009.6,12.7,7.9,1.8,9.4
2020-06-23,28.3,25.9,23.5,24.8,23.4,22.8,96,86,75,1012.5,1010.8,1008.7,13.0,7.9,2.6,2.1
2020-06-24,28.4,26.4,24.4,24.4,23.7,23.0,92,86,75,1012.4,1011.1,1009.5,16.3,9.8,2.8,3.8
2020-06-25,28.8,26.6,24.9,24.6,23.9,23.5,93,85,75,1012.6,1011.0,1009.6,18.8,11.4,5.2,1.7
2020-06-26,28.3,26.3,24.9,25.2,23.9,23.4,94,86,80,1012.6,1010.9,1008.7,22.4,13.1,4.0,2.2
2020-06-27,26.9,25.8,24.6,24.0,23.5,23.2,94,87,82,1011.9,1010.4,1008.8,16.8,11.6,5.1,7.1
2020-06-28,26.8,25.0,24.1,24.2,23.3,22.7,96,90,85,1012.4,1011.0,1009.7,13.0,8.5,4.7,10.4
2020-06-29,25.8,24.5,23.8,24.2,23.2,22.8,94,92,87,1013.4,1011.6,1010.0,14.4,7.5,2.9,60.7
2020-06-30,26.2,24.9,23.9,24.4,23.3,22.3,94,90,86,1013.3,1011.6,1009.9,15.5,9.1,3.1,7.8
2020-07-01,27.5,25.5,24.1,24.2,23.3,22.9,94,88,78,1013.4,1011.3,1009.1,10.7,8.3,3.6,13.1
2020-07-02,28.4,26.2,24.6,25.0,23.6,23.0,92,86,75,1012.7,1010.6,1008.3,17.6,10.6,5.7,2.2
2020-07-03,28.4,26.3,24.9,24.5,23.5,23.2,91,85,75,1012.9,1010.5,1007.9,25.0,14.9,8.8,1.5
2020-07-04,26.0,24.9,24.3,23.7,23.2,22.5,96,90,85,1013.4,1011.4,1009.9,20.0,12.5,3.8,48.0
2020-07-05,26.4,24.9,23.5,24.2,23.2,22.2,96,90,85,1013.4,1011.9,1009.8,9.5,6.0,3.1,10.9
2020-07-06,28.5,25.5,23.6,24.2,23.3,22.6,95,88,74,1013.1,1011.2,1009.1,11.5,8.8,6.0,4.1
2020-07-07,26.5,25.3,24.4,23.8,23.3,22.9,94,89,83,1012.1,1010.3,1008.6,15.3,10.1,4.8,10.4
2020-07-08,25.9,24.7,24.0,23.9,23.1,22.8,94,91,87,1011.9,1010.3,1009.0,11.7,8.0,4.7,17.8
2020-07-09,25.7,24.8,24.0,24.2,23.1,22.5,93,90,85,1013.6,1011.7,1010.0,14.0,10.0,5.8,10.0
2020-07-10,27.9,25.2,23.8,24.4,23.4,23.0,96,90,82,1013.7,1011.9,1010.6,16.6,10.1,5.3,3.5
2020-07-11,25.9,24.7,24.0,23.8,23.1,22.7,95,91,86,1014.1,1012.4,1011.2,15.5,10.3,5.6,14.3
2020-07-12,26.7,24.9,23.4,23.6,23.0,22.6,95,89,82,1014.9,1013.0,1011.3,20.2,11.3,6.5,5.8
2020-07-13,27.1,25.4,24.1,23.8,22.7,22.2,90,85,77,1013.8,1011.9,1009.8,22.7,14.4,8.4,1.7
2020-07-14,28.0,25.7,23.9,22.9,22.5,22.2,92,83,71,1013.2,1011.5,1009.1,24.0,17.0,11.2,1.7
2020-07-15,27.2,25.6,24.6,22.6,22.4,22.1,87,83,74,1013.5,1011.9,1010.3,20.5,15.6,10.7,0.7
2020-07-16,27.1,25.2,24.1,22.7,22.2,21.8,90,84,73,1014.9,1013.2,1011.6,19.6,12.1,6.2,2.5
2020-07-17,27.1,25.2,24.3,24.3,22.7,22.3,89,86,76,1014.5,1012.8,1011.0,14.2,9.7,5.2,2.4
2020-07-18,27.9,25.1,23.2,23.3,22.5,21.5,96,86,71,1014.2,1012.4,1010.2,16.6,9.3,3.6,1.3
2020-07-19,28.0,25.3,23.3,23.3,22.7,22.2,95,86,71,1013.5,1011.7,1009.4,18.7,11.3,6.4,0.3
2020-07-20,27.0,25.2,24.0,23.1,22.8,22.5,93,87,78,1012.8,1011.3,1009.6,18.1,10.5,4.6,3.1
2020-07-21,27.1,25.1,23.6,24.1,23.2,21.9,96,89,82,1013.0,1011.3,1009.5,16.1,9.5,4.7,7.3
2020-07-22,26.9,25.2,23.9,24.3,23.1,22.7,94,88,82,1013.6,1011.6,1009.7,17.8,11.1,5.8,0.7
2020-07-23,27.3,25.2,23.6,24.5,23.0,22.6,95,88,78,1013.0,1011.4,1009.4,21.7,13.0,7.4,1.2
2020-07-24,27.9,25.4,23.8,23.2,22.7,22.4,94,86,72,1012.4,1011.1,1009.7,21.1,13.1,6.0,1.4
2020-07-25,28.3,25.6,23.9,23.0,22.5,22.0,93,84,69,1013.6,1011.5,1010.0,20.9,14.6,7.6,0.7
2020-07-26,27.3,25.3,24.3,22.6,22.2,22.0,90,83,73,1013.8,1011.8,1009.9,23.5,16.8,10.2,1.6
2020-07-27,27.6,25.3,23.7,22.2,21.9,21.6,89,81,71,1014.1,1012.3,1010.3,24.9,16.4,9.5,0.8
2020-07-28,27.5,25.2,23.8,22.4,22.1,21.6,92,83,70,1013.9,1012.2,1010.6,23.7,16.4,7.0,0.7
2020-07-29,27.8,25.2,23.2,22.6,22.1,21.5,94,84,69,1014.3,1012.3,1010.4,20.2,12.3,5.4,0.6
2020-07-30,27.5,25.3,23.9,22.5,22.0,21.3,90,82,70,1014.6,1012.7,1010.9,21.2,15.7,9.7,1.0
2020-07-31,26.7,24.9,24.1,22.4,22.1,21.8,89,85,75,1014.4,1012.7,1011.2,27.0,17.4,9.2,2.5
2020-08-01,27.2,25.2,23.8,22.3,22.1,21.9,91,83,73,1015.3,1013.6,1012.1,19.8,14.7,10.2,1.7
2020-08-02,27.3,25.0,23.5,22.6,21.9,21.0,93,84,72,1015.6,1013.9,1012.2,23.1,15.7,7.6,0.7
2020-08-03,27.8,25.1,23.9,22.3,21.9,21.2,90,83,68,1016.7,1014.7,1013.0,25.2,17.5,12.6,0.1
2020-08-04,27.8,24.9,23.1,22.2,21.4,20.7,92,81,66,1016.6,1014.9,1012.6,23.5,16.1,9.8,0.2
2020-08-05,27.3,24.7,22.9,21.6,21.1,20.5,90,81,69,1016.1,1014.2,1011.9,25.5,16.9,9.9,1.0
2020-08-06,26.8,24.8,23.3,21.2,20.4,19.7,86,77,65,1015.8,1014.3,1013.3,25.8,19.6,14.3,0.7
2020-08-07,27.0,24.8,23.6,21.2,20.6,20.2,85,78,67,1016.4,1014.6,1013.1,26.1,17.7,11.6,1.4
2020-08-08,27.8,24.8,23.0,21.6,20.7,19.8,91,79,62,1017.5,1015.4,1013.9,17.1,12.4,9.0,0.4
2020-08-09,28.2,25.0,22.6,21.9,21.3,20.4,94,81,63,1016.0,1014.0,1012.3,21.1,14.6,7.6,0.1
2020-08-10,27.4,25.1,23.6,21.9,21.1,20.4,90,79,65,1014.5,1012.7,1011.0,25.7,17.7,11.6,0.3
2020-08-11,27.3,25.1,23.1,21.8,21.2,20.3,91,80,66,1014.6,1013.1,1012.0,21.0,15.3,7.4,0.2
2020-08-12,28.6,24.7,22.3,21.9,21.3,20.1,97,82,61,1014.9,1013.1,1011.6,17.3,10.4,4.7,0.0
2020-08-13,28.5,25.0,22.5,22.1,21.6,20.8,96,82,65,1014.3,1012.4,1010.2,20.4,12.1,5.4,0.0
2020-08-14,27.8,25.0,23.4,22.7,21.9,20.9,92,84,67,1012.6,1010.8,1009.0,24.5,15.8,6.5,1.6
2020-08-15,27.6,25.1,23.6,22.5,22.0,21.5,94,83,69,1012.9,1011.0,1009.3,20.5,14.9,9.2,1.7
2020-08-16,28.7,25.1,22.5,22.5,21.8,21.1,96,83,65,1012.7,1010.7,1008.6,17.9,12.8,7.2,0.8
2020-08-17,28.2,25.2,23.4,22.5,22.0,21.5,94,83,67,1011.9,1010.3,1008.6,21.7,15.3,9.8,1.4
2020-08-18,29.0,25.6,23.7,22.7,22.0,21.0,93,82,62,1012.6,1010.3,1007.5,19.5,14.4,9.8,0.5
2020-08-19,29.4,25.7,23.7,22.8,22.2,21.2,94,82,61,1011.8,1009.7,1007.1,23.4,16.7,10.7,0.3
2020-08-20,28.7,25.7,24.1,22.5,21.8,20.8,89,80,63,1011.4,1009.4,1007.4,24.2,18.1,12.8,0.2
2020-08-21,26.4,24.9,24.3,22.7,22.3,22.0,90,86,78,1012.4,1010.2,1008.6,24.6,17.2,10.7,2.6
2020-08-22,26.8,24.8,23.7,22.6,22.3,21.9,93,86,76,1014.1,1011.7,1010.0,21.7,15.3,7.9,2.5
2020-08-23,27.5,25.0,23.7,22.8,22.2,21.7,94,85,71,1014.3,1012.4,1010.4,21.4,14.7,7.0,0.7
2020-08-24,27.4,24.8,23.5,22.5,21.7,20.7,93,83,67,1013.2,1011.5,1009.8,19.6,14.5,8.2,0.3
2020-08-25,27.5,25.1,23.3,22.1,21.5,20.7,91,81,68,1013.4,1011.4,1010.0,20.0,12.0,6.1,0.7
2020-08-26,27.9,25.1,22.8,22.4,22.0,21.2,96,84,68,1014.2,1012.4,1010.5,17.3,11.1,5.3,1.0
2020-08-27,28.7,25.6,23.5,22.6,21.9,20.7,94,81,64,1014.6,1012.6,1010.2,21.1,14.0,6.1,0.9
2020-08-28,29.1,26.1,24.2,22.4,21.9,21.2,89,79,63,1013.9,1011.7,1009.4,22.4,16.8,10.7,0.5
2020-08-29,28.5,25.8,24.0,22.6,22.2,21.6,92,81,67,1013.0,1011.4,1009.5,20.7,14.2,8.9,1.5
2020-08-30,28.1,25.7,24.1,22.6,22.2,21.6,91,82,68,1013.7,1011.7,1009.8,20.5,13.6,7.1,2.7
2020-08-31,28.0,25.3,23.9,23.0,22.4,22.0,94,84,72,1014.0,1012.2,1010.1,22.1,14.6,7.0,7.2
2020-09-01,26.3,25.0,24.2,23.0,22.6,22.4,90,87,82,1013.5,1011.3,1008.9,14.7,10.7,7.6,2.5
2020-09-02,27.7,25.5,24.2,23.1,22.7,22.4,91,85,75,1012.0,1010.3,1008.3,18.1,11.8,7.2,1.5
2020-09-03,27.9,25.7,24.0,23.2,22.6,22.1,92,83,71,1014.4,1011.5,1009.5,20.9,13.7,8.5,2.6
2020-09-04,28.4,25.7,24.2,23.6,22.8,22.3,92,85,70,1015.3,1013.5,1011.9,19.6,13.0,8.9,1.7
2020-09-05,27.5,25.7,24.5,22.8,22.3,21.8,88,82,72,1014.7,1012.1,1010.1,25.3,18.2,11.0,1.0
2020-09-06,28.5,25.8,24.1,22.5,22.1,21.6,90,80,67,1012.8,1010.6,1007.9,19.6,14.1,9.3,0.9
2020-09-07,28.2,25.7,24.2,22.4,22.1,21.7,89,81,69,1011.9,1010.0,1007.8,18.7,12.8,7.6,2.9
2020-09-08,29.0,26.1,24.5,22.9,22.5,21.9,90,81,66,1012.2,1010.2,1008.6,18.3,13.6,7.4,1.3
2020-09-09,25.4,24.2,23.8,23.2,22.8,22.5,95,92,86,1013.8,1011.5,1009.8,16.2,10.3,3.5,148.3
2020-09-10,27.5,25.2,23.4,24.0,22.9,21.6,96,87,76,1013.9,1011.8,1009.5,20.7,9.7,2.3,2.0
2020-09-11,27.4,25.6,24.4,23.6,23.0,22.7,92,86,77,1012.3,1010.7,1008.5,19.6,11.8,6.2,0.7
2020-09-12,27.2,25.6,24.5,24.3,23.3,22.8,92,87,80,1013.3,1011.3,1009.9,18.9,12.5,9.7,6.7
2020-09-13,27.0,25.1,23.9,25.4,23.4,23.0,96,90,80,1014.6,1012.3,1010.5,15.3,10.2,6.5,10.3
2020-09-14,27.3,25.5,23.9,24.4,23.3,22.3,92,88,82,1014.7,1012.9,1010.8,17.2,11.5,5.0,2.6
2020-09-15,27.9,25.5,24.2,24.3,23.3,22.5,92,88,78,1013.4,1010.9,1008.6,16.4,11.3,6.5,8.8
2020-09-16,26.3,24.9,23.5,24.6,22.9,21.8,94,89,80,1012.5,1010.2,1008.6,20.9,13.8,7.2,10.0
2020-09-17,27.6,25.3,23.7,24.3,22.8,22.2,94,87,74,1013.5,1011.5,1009.9,18.7,13.2,7.0,4.9
2020-09-18,27.8,25.6,24.0,23.8,23.1,22.8,93,86,75,1014.9,1012.6,1010.6,15.0,9.2,4.0,2.0
2020-09-19,27.8,25.4,23.9,24.4,23.4,23.2,96,89,78,1014.1,1012.1,1010.0,16.5,10.2,4.1,3.0
2020-09-20,26.3,25.2,24.3,23.8,23.2,22.7,94,89,83,1014.0,1012.1,1010.0,19.7,10.6,5.8,7.0
2020-09-21,28.1,25.6,23.8,24.8,23.3,22.7,94,87,77,1014.4,1012.1,1010.2,20.8,12.8,9.3,3.5
2020-09-22,28.2,25.7,24.3,24.2,23.2,22.5,92,86,78,1013.9,1012.0,1010.4,17.6,12.4,8.8,10.6
2020-09-23,27.7,25.8,24.5,24.5,23.2,22.9,92,86,78,1014.3,1012.6,1010.9,18.5,10.8,4.5,2.7
2020-09-24,27.6,25.4,23.8,23.4,23.0,22.4,94,87,76,1014.6,1012.9,1011.1,10.3,7.1,4.3,2.3
2020-09-25,28.1,25.5,23.5,23.4,23.0,22.6,96,87,73,1014.4,1012.6,1010.4,15.3,8.5,2.9,1.2
2020-09-26,28.2,25.4,24.2,25.0,23.3,23.0,93,88,80,1013.6,1011.1,1009.1,11.5,8.4,4.7,13.2
2020-09-27,27.6,25.3,23.4,23.7,22.9,22.6,96,87,75,1012.1,1010.3,1008.2,13.8,10.2,6.2,4.7
2020-09-28,28.1,25.7,23.7,24.5,23.2,22.6,94,86,74,1013.0,1011.1,1008.9,18.8,11.0,4.8,2.7
2020-09-29,27.9,26.0,24.1,24.5,23.2,22.7,93,85,76,1013.6,1011.6,1009.7,20.0,11.7,3.2,3.6
2020-09-30,27.4,25.4,24.3,24.4,23.2,22.5,92,87,83,1013.7,1011.1,1009.4,20.6,12.6,5.6,8.4
2020-10-01,27.7,25.5,23.4,24.5,23.0,22.4,95,86,74,1012.8,1010.5,1008.1,18.2,11.4,5.5,2.4
2020-10-02,27.7,25.6,23.7,24.3,23.2,22.8,95,86,77,1011.9,1009.9,1008.4,13.1,8.8,5.2,3.3
2020-10-03,28.1,25.9,24.7,24.0,23.2,22.8,91,85,78,1012.5,1010.4,1008.5,15.9,8.4,4.4,2.9
2020-10-04,28.6,26.0,24.0,25.4,23.7,22.9,94,87,76,1013.4,1011.2,1009.7,12.6,7.2,2.6,4.6
2020-10-05,29.3,26.2,24.2,25.1,23.8,23.1,94,87,74,1014.2,1011.8,1009.3,12.5,8.2,2.6,1.0
2020-10-06,28.3,26.2,24.3,25.2,23.9,22.9,93,87,81,1013.4,1011.6,1009.0,16.6,10.4,5.9,4.9
2020-10-07,27.7,25.5,23.6,23.9,23.3,22.5,98,88,78,1013.7,1011.8,1009.6,14.7,7.9,2.5,3.1
2020-10-08,27.6,25.4,24.0,25.0,23.7,23.0,94,91,83,1013.9,1011.8,1010.3,14.4,7.7,1.3,7.7
2020-10-09,26.6,25.3,24.1,24.1,23.4,22.9,94,89,83,1014.1,1012.1,1009.8,15.7,8.8,3.4,12.2
2020-10-10,27.8,25.7,23.9,25.3,23.6,22.8,93,88,77,1014.4,1012.4,1010.6,15.5,7.2,1.9,3.9
2020-10-11,26.8,25.3,23.8,24.9,23.5,22.6,95,90,83,1014.2,1012.1,1010.1,11.0,6.4,1.9,14.0
2020-10-12,29.7,25.9,23.2,23.8,23.1,22.3,97,85,65,1013.1,1011.2,1008.9,17.3,10.8,2.1,0.9
2020-10-13,28.8,26.2,24.4,24.9,23.6,23.1,92,86,78,1013.2,1011.2,1009.3,16.6,10.7,6.0,2.3
2020-10-14,27.1,25.5,24.1,24.7,23.6,23.1,94,89,80,1013.9,1011.7,1009.9,13.2,7.9,3.6,2.2
2020-10-15,28.8,26.0,23.8,25.3,23.7,23.1,96,88,76,1013.8,1011.8,1009.6,17.7,9.9,5.4,1.9
2020-10-16,27.8,25.8,23.8,25.0,23.8,23.1,96,89,82,1013.3,1011.3,1009.0,15.8,9.6,5.1,2.1
2020-10-17,26.8,25.4,24.4,24.5,23.4,22.9,93,89,82,1012.7,1010.9,1008.7,10.3,5.4,2.4,8.6
2020-10-18,28.7,26.0,23.8,23.9,23.5,22.9,95,86,73,1012.0,1010.1,1008.0,15.3,7.5,2.5,1.2
2020-10-19,29.2,26.5,24.2,24.9,23.9,23.1,94,86,75,1012.2,1010.5,1008.5,14.8,8.7,4.2,1.6
2020-10-20,29.0,26.6,24.5,25.0,24.1,23.6,95,86,74,1012.5,1010.7,1009.0,17.6,9.6,3.2,1.2
2020-10-21,29.4,26.8,24.8,24.4,24.1,23.6,95,85,71,1012.3,1010.7,1008.6,14.4,8.9,4.6,2.7
2020-10-22,29.3,27.0,25.1,24.7,24.3,23.9,94,85,74,1012.5,1010.8,1008.8,14.4,9.8,3.8,1.8
2020-10-23,29.5,27.0,25.3,25.2,24.2,23.8,93,85,72,1012.8,1011.0,1009.5,15.8,10.6,6.1,2.2
2020-10-24,29.6,26.9,24.7,25.8,24.1,23.4,96,85,70,1012.0,1010.4,1008.6,19.4,10.9,4.6,3.6
2020-10-25,27.7,26.1,24.9,26.5,24.3,23.4,93,90,85,1011.4,1009.8,1008.1,15.5,6.7,2.4,12.5
2020-10-26,29.2,26.6,24.9,26.0,24.6,24.1,96,89,77,1011.2,1009.2,1007.1,12.2,6.6,0.7,4.3
2020-10-27,28.7,26.7,25.1,25.9,24.5,24.1,94,88,77,1010.7,1008.9,1006.9,14.3,7.8,1.9,2.7
2020-10-28,29.0,26.6,24.9,26.8,24.9,24.1,96,90,83,1011.5,1009.4,1007.4,13.0,8.2,2.4,1.5
2020-10-29,28.6,26.6,24.9,26.6,24.7,23.8,94,89,82,1012.4,1010.2,1008.0,13.3,7.8,1.8,1.1
2020-10-30,29.4,27.0,25.0,24.7,24.3,23.6,96,85,71,1011.8,1010.1,1008.2,14.8,8.5,0.5,0.8
2020-10-31,29.6,27.2,25.3,25.7,24.6,24.2,94,86,75,1011.6,1009.9,1008.0,13.7,9.2,2.6,1.6
2020-11-01,29.4,27.0,25.1,26.1,24.6,24.0,96,87,73,1011.2,1009.2,1006.8,16.7,9.4,3.1,1.7
2020-11-02,29.0,26.7,24.5,25.1,24.4,23.6,96,87,77,1012.3,1010.0,1008.1,14.4,6.9,1.8,3.6
2020-11-03,30.2,26.9,24.3,27.0,24.6,23.5,98,88,68,1012.6,1010.4,1008.8,16.0,9.2,3.1,1.1
2020-11-04,28.4,26.7,25.0,26.1,24.7,24.2,95,89,81,1012.1,1010.4,1008.4,11.6,7.7,3.3,6.9
2020-11-05,29.1,26.8,24.3,25.9,24.7,23.1,96,88,79,1012.0,1010.1,1007.9,10.8,5.9,1.3,9.5
2020-11-06,29.7,27.5,25.7,26.7,24.9,24.3,94,86,73,1012.6,1010.5,1008.9,14.5,9.7,4.9,1.8
2020-11-07,30.0,27.1,25.7,26.9,25.1,24.4,94,89,79,1013.2,1011.4,1009.5,15.3,9.5,2.2,5.7
2020-11-08,30.9,27.6,25.4,24.8,24.2,22.7,94,82,62,1013.8,1012.1,1010.2,15.1,8.9,1.8,0.9
2020-11-09,30.4,27.1,24.8,24.6,24.1,23.0,96,84,64,1013.4,1011.9,1009.8,12.4,8.1,1.9,3.0
2020-11-10,29.2,27.3,26.0,25.8,24.5,24.1,92,85,76,1012.8,1011.0,1009.1,12.8,7.5,2.0,2.0
2020-11-11,29.7,27.1,24.7,24.8,23.9,23.0,96,83,70,1012.1,1010.2,1007.8,13.8,6.6,1.8,1.2
2020-11-12,31.6,27.9,24.7,25.2,24.3,23.1,95,82,62,1011.7,1009.8,1007.8,13.4,8.6,3.1,0.0
2020-11-13,32.7,28.2,24.7,25.2,23.6,19.0,96,78,46,1012.3,1010.2,1008.0,15.6,10.0,3.6,0.0
2020-11-14,30.5,27.7,25.5,25.8,24.7,23.5,97,84,66,1012.7,1010.3,1008.0,16.0,10.2,3.8,0.1
2020-11-15,31.2,28.0,25.4,24.7,24.3,23.3,94,81,63,1011.3,1009.4,1007.6,14.5,8.6,2.1,0.6
2020-11-16,30.0,27.4,25.2,25.5,24.5,23.7,96,85,72,1011.7,1009.7,1007.5,16.3,9.3,2.6,4.0
2020-11-17,30.0,27.3,25.0,25.9,24.7,24.2,96,86,73,1011.3,1009.2,1007.3,14.2,8.5,2.6,1.3
2020-11-18,30.5,27.5,25.6,25.6,24.8,24.5,94,86,75,1011.2,1009.0,1006.8,16.3,9.5,0.8,3.8
2020-11-19,29.6,27.3,25.0,25.3,24.5,24.0,97,85,73,1011.3,1008.8,1006.9,14.8,9.0,3.3,2.9
2020-11-20,29.9,26.9,24.0,24.6,23.9,23.3,96,84,69,1010.7,1008.6,1006.8,12.3,8.8,3.2,1.2
2020-11-21,30.1,27.1,25.2,25.0,24.4,23.5,94,85,72,1011.2,1009.0,1007.4,14.7,8.3,2.0,4.8
2020-11-22,31.6,27.8,25.0,25.1,24.4,22.5,96,83,59,1011.6,1009.5,1007.9,17.2,10.6,2.6,0.2
2020-11-23,30.1,27.6,25.2,25.0,24.5,23.9,96,84,71,1012.2,1010.5,1008.4,15.8,10.6,5.7,1.3
2020-11-24,30.1,27.4,25.8,25.0,24.5,24.1,92,85,74,1012.6,1010.5,1008.1,17.7,9.8,2.3,1.1
2020-11-25,31.1,27.5,25.2,25.4,24.4,24.0,95,84,68,1011.5,1009.4,1007.5,16.2,9.9,4.1,1.1
2020-11-26,30.9,27.5,24.8,25.0,24.1,23.6,97,82,66,1011.1,1009.2,1006.7,15.9,10.1,3.1,3.2
2020-11-27,29.5,26.8,24.8,24.8,24.1,23.6,94,85,75,1011.7,1009.7,1008.4,17.4,9.2,0.8,7.1
2020-11-28,29.6,26.9,25.0,25.3,24.2,23.6,94,85,75,1012.4,1010.5,1008.2,15.6,7.0,2.6,1.3
2020-11-29,30.2,27.1,24.0,25.4,24.1,23.1,95,84,67,1012.0,1010.0,1007.7,13.0,8.6,2.2,0.4
2020-11-30,30.9,27.6,24.8,24.9,24.4,23.3,96,83,64,1012.5,1010.2,1008.7,16.6,10.3,4.3,0.1
2020-12-01,30.4,27.5,25.2,25.2,24.6,23.8,96,85,68,1012.1,1009.8,1007.6,17.7,10.7,5.5,2.2
2020-12-02,31.2,27.8,25.1,24.8,24.2,22.7,95,81,61,1011.6,1010.0,1007.9,17.9,12.2,6.3,1.2
2020-12-03,30.8,27.7,25.2,25.0,24.3,23.6,95,82,66,1012.4,1010.4,1008.6,18.3,12.5,7.7,2.7
2020-12-04,30.8,27.8,25.2,24.8,24.3,23.4,95,82,65,1013.2,1011.1,1009.5,17.8,11.6,5.2,1.2
2020-12-05,31.3,28.0,25.8,24.5,24.1,22.9,92,80,61,1012.6,1010.6,1008.7,16.2,11.5,5.3,0.4
2020-12-06,31.2,28.0,25.4,24.8,24.3,23.3,94,81,63,1011.6,1010.1,1008.1,18.5,11.6,6.3,0.5
2020-12-07,30.4,28.0,26.4,24.8,24.3,23.7,90,80,67,1013.2,1011.3,1009.6,16.3,13.1,8.4,0.9
2020-12-08,30.7,27.6,25.2,25.0,24.1,23.5,93,82,66,1013.1,1011.4,1009.7,17.4,10.0,1.6,1.4
2020-12-09,30.3,27.7,25.5,24.5,24.0,23.2,92,81,67,1012.4,1010.4,1008.5,16.1,10.5,3.6,0.9
2020-12-10,30.1,27.6,25.8,24.8,24.3,23.9,92,83,70,1012.7,1010.7,1008.4,16.9,11.5,4.8,1.0
2020-12-11,30.7,28.0,25.8,24.8,24.3,23.4,91,81,66,1012.8,1010.6,1008.1,17.6,13.1,5.2,0.7
2020-12-12,30.6,27.9,25.9,25.1,24.5,23.8,93,82,68,1011.8,1010.1,1008.1,17.3,12.2,5.0,1.6
2020-12-13,30.0,27.6,25.6,24.7,24.3,23.9,93,83,72,1011.1,1009.3,1007.4,17.9,10.9,3.3,1.6
2020-12-14,30.7,27.7,25.4,24.7,24.0,23.1,92,81,64,1010.8,1009.1,1007.0,15.5,10.1,5.5,0.6
2020-12-15,30.4,27.6,25.2,24.6,24.2,23.5,94,82,67,1010.5,1008.8,1007.0,14.9,9.7,5.7,0.9
2020-12-16,30.4,27.5,25.1,25.3,24.3,23.5,94,83,69,1011.1,1009.3,1007.9,16.3,9.9,3.6,1.1
2020-12-17,30.6,27.3,25.5,25.1,24.6,24.2,96,86,69,1011.5,1009.4,1007.0,17.4,11.1,4.4,0.4
2020-12-18,31.0,27.6,24.8,24.8,23.9,21.9,96,81,58,1011.2,1009.5,1007.4,18.4,10.5,2.6,0.1
2020-12-19,30.0,27.4,25.0,25.0,24.1,23.0,96,83,67,1011.3,1009.2,1007.3,17.4,10.7,4.7,1.7
2020-12-20,30.6,27.3,24.5,24.8,24.1,22.5,96,83,62,1011.0,1009.4,1008.1,15.0,10.2,3.9,0.6
2020-12-21,29.9,27.3,24.9,24.8,24.4,23.8,96,85,73,1011.2,1009.6,1007.7,14.7,9.2,2.8,0.5
2020-12-22,30.3,27.7,25.3,25.2,24.6,23.5,96,84,68,1011.3,1009.2,1007.3,14.1,10.3,3.4,0.5
2020-12-23,31.2,27.9,25.3,24.8,24.4,23.8,94,82,66,1011.4,1009.1,1007.5,15.0,10.0,3.9,0.2
2020-12-24,30.1,27.5,24.2,25.0,24.3,23.3,97,83,69,1010.3,1008.8,1006.7,14.6,8.5,2.3,2.0
2020-12-25,31.3,27.4,24.8,24.9,24.3,22.4,97,84,59,1010.2,1007.9,1005.4,15.1,9.7,5.9,0.1
2020-12-26,33.2,27.7,23.5,24.9,20.6,12.1,96,71,30,1009.8,1007.9,1005.3,14.6,10.6,5.0,0.0
2020-12-27,32.3,27.3,23.9,24.6,22.5,17.5,97,77,44,1010.6,1008.2,1006.1,16.2,9.2,0.8,0.0
2020-12-28,32.6,27.4,23.7,24.6,23.0,19.8,97,79,47,1010.5,1008.2,1005.9,17.7,9.7,0.4,0.0
2020-12-29,33.0,27.7,24.1,24.5,22.8,19.1,97,77,45,1010.1,1008.0,1006.0,17.0,10.5,1.8,0.0
2020-12-30,33.0,27.9,24.1,24.8,23.3,20.4,96,78,47,1010.7,1008.6,1006.9,17.4,10.7,1.3,0.0
2020-12-31,32.4,27.9,24.0,24.9,23.7,21.3,96,79,53,1010.9,1009.2,1007.4,19.1,10.8,4.1,0.0
2021-01-01,31.8,28.0,24.7,24.9,23.9,21.6,96,80,56,1010.5,1008.9,1006.8,18.9,11.4,6.1,0.1
2021-01-02,31.7,28.7,26.1,24.9,24.3,23.2,92,78,61,1010.9,1009.0,1007.1,18.0,12.1,6.1,0.5
2021-01-03,31.7,28.6,26.8,25.3,24.5,23.4,90,79,63,1011.0,1009.0,1007.3,18.4,11.6,7.4,0.2
2021-01-04,31.0,28.3,25.8,25.3,24.8,24.3,94,82,69,1010.6,1008.2,1005.7,18.3,11.5,2.8,0.4
2021-01-05,31.6,28.4,26.1,25.4,24.8,23.1,95,82,61,1009.4,1007.7,1006.1,20.7,12.7,3.8,1.8
2021-01-06,31.3,28.4,26.4,25.3,24.8,23.3,92,81,63,1010.4,1008.5,1006.7,17.1,12.6,5.8,1.4
2021-01-07,30.3,27.9,25.9,25.2,24.6,23.9,93,83,69,1011.1,1009.3,1007.6,19.6,14.5,6.2,2.4
2021-01-08,30.5,27.9,25.8,25.0,24.4,23.2,93,82,65,1011.2,1009.4,1007.5,17.1,12.2,5.6,1.7
2021-01-09,31.1,27.8,25.4,25.0,24.4,22.5,96,83,60,1010.9,1008.8,1006.5,19.7,11.4,4.6,0.1
2021-01-10,30.8,27.7,25.2,25.2,24.4,23.1,96,83,64,1010.1,1008.1,1006.1,17.2,10.6,4.5,0.9
2021-01-11,31.3,27.9,25.4,25.1,24.2,22.2,96,82,59,1009.7,1008.0,1006.3,15.5,11.2,6.2,0.3
2021-01-12,31.5,27.8,25.0,24.9,24.3,22.5,97,82,60,1010.9,1009.0,1007.4,19.1,12.5,4.8,1.6
2021-01-13,31.3,27.7,25.1,24.9,23.7,21.2,96,80,55,1012.3,1010.1,1008.1,17.8,12.2,6.1,0.7
2021-01-14,31.2,27.6,24.8,24.9,24.0,22.6,95,82,61,1012.0,1009.7,1007.2,18.0,11.1,5.1,4.0
2021-01-15,30.8,27.5,24.8,25.0,24.2,22.6,98,83,62,1010.9,1008.5,1006.6,17.1,10.4,2.6,1.3
2021-01-16,29.2,26.7,24.1,24.9,23.9,23.3,96,85,71,1009.6,1007.9,1006.5,17.5,10.6,4.4,2.8
2021-01-17,30.3,27.5,25.2,24.5,24.1,22.9,93,82,64,1010.1,1008.3,1006.4,14.6,7.7,0.8,0.4
2021-01-18,30.7,27.6,24.8,24.7,24.2,23.5,96,83,67,1010.7,1008.8,1007.0,15.6,10.2,5.6,0.8
2021-01-19,30.8,27.3,25.1,24.7,24.2,22.6,97,84,62,1012.1,1009.4,1007.2,17.0,11.1,1.8,0.0
2021-01-20,32.5,27.8,25.1,24.8,23.5,18.4,96,79,46,1011.1,1009.1,1006.7,14.9,10.4,4.4,0.0
2021-01-21,32.5,27.6,24.5,24.9,20.8,7.6,98,72,23,1011.5,1009.4,1007.2,14.8,10.7,3.3,0.0
2021-01-22,32.5,27.4,23.6,23.9,22.3,18.4,98,76,43,1012.0,1009.6,1007.2,16.0,9.7,2.0,0.0
2021-01-23,32.9,27.4,23.3,24.1,22.0,16.7,97,75,41,1011.5,1009.2,1006.6,16.4,9.8,1.1,0.0
2021-01-24,31.4,26.9,23.3,24.1,22.5,19.2,98,79,49,1010.7,1008.5,1005.9,16.2,10.0,1.8,0.0
2021-01-25,32.0,27.9,24.9,24.4,23.6,21.4,94,78,57,1011.3,1008.9,1006.7,16.5,10.9,1.4,0.0
2021-01-26,32.4,27.9,23.9,24.8,23.4,21.1,96,78,52,1011.4,1009.1,1006.7,18.8,11.7,2.1,0.0
2021-01-27,32.3,28.2,25.2,25.1,24.0,20.8,96,80,51,1011.0,1008.8,1006.4,20.7,12.1,5.7,0.2
2021-01-28,31.5,28.1,25.7,25.5,24.5,23.0,97,82,61,1011.0,1009.0,1007.3,17.6,10.9,4.5,1.3
2021-01-29,31.1,28.1,25.9,25.3,24.7,23.8,95,83,65,1011.7,1009.4,1007.5,16.6,10.5,3.1,0.9
2021-01-30,31.5,28.0,25.7,25.6,24.8,23.1,97,84,63,1011.5,1009.4,1007.2,18.2,10.7,4.8,2.9
2021-01-31,31.9,28.1,25.1,25.2,24.3,21.7,97,81,55,1010.7,1008.7,1006.3,20.0,11.4,1.8,0.5
2021-02-01,30.9,28.1,25.3,25.2,24.7,23.6,94,82,66,1011.6,1009.3,1007.6,16.6,11.3,3.1,2.5
2021-02-02,30.8,27.9,25.7,25.6,24.8,23.4,96,84,65,1011.8,1009.7,1008.0,17.5,10.3,1.5,1.0
2021-02-03,31.7,28.3,25.8,25.5,24.8,23.1,96,82,61,1012.0,1009.9,1007.9,17.0,10.5,2.6,0.8
2021-02-04,31.3,28.2,26.1,25.5,25.1,24.4,94,83,69,1011.2,1009.2,1007.2,18.0,11.0,3.3,1.2
2021-02-05,31.6,28.2,26.1,25.5,24.9,23.1,93,83,61,1011.4,1009.5,1007.6,18.0,11.0,4.7,2.7
2021-02-06,31.5,28.5,26.0,25.5,24.9,23.6,95,81,63,1011.2,1009.2,1007.1,19.0,11.6,4.1,1.5
2021-02-07,32.4,28.9,26.3,25.5,24.9,23.5,93,80,60,1010.7,1008.4,1006.0,19.7,13.2,5.6,0.4
2021-02-08,31.7,28.7,26.3,25.7,25.0,23.9,93,81,65,1010.2,1007.6,1005.1,19.3,13.4,6.1,1.0
2021-02-09,32.5,28.8,25.6,25.8,24.7,22.7,96,80,56,1010.2,1008.2,1005.6,20.7,13.1,5.9,0.3
2021-02-10,32.0,29.0,26.0,25.6,24.8,23.5,95,79,62,1010.5,1008.5,1006.4,17.2,12.2,3.2,0.8
2021-02-11,32.6,29.0,26.2,25.8,25.0,23.7,97,80,61,1010.1,1008.5,1006.8,17.4,12.3,4.4,1.8
2021-02-12,32.4,29.0,26.5,25.6,24.8,23.3,93,79,59,1010.0,1008.1,1006.3,17.2,11.6,5.1,0.2
2021-02-13,32.2,28.8,26.5,25.9,25.2,24.2,95,81,64,1009.2,1007.5,1006.1,18.2,11.3,4.0,0.9
2021-02-14,31.2,28.6,26.8,25.6,25.0,24.5,90,81,68,1009.1,1007.4,1005.9,18.8,13.5,7.8,2.0
2021-02-15,31.3,28.3,24.9,25.2,24.8,24.2,96,82,66,1009.6,1007.8,1005.4,16.4,10.9,1.9,5.1
2021-02-16,31.4,28.5,26.8,25.5,25.2,24.7,91,83,70,1010.0,1007.7,1005.7,15.7,10.1,5.1,0.8
2021-02-17,32.4,28.4,26.1,25.5,24.9,23.0,95,82,58,1011.2,1008.3,1006.2,19.0,10.4,3.0,2.1
2021-02-18,33.2,28.4,25.5,25.6,22.7,16.5,97,75,39,1012.1,1009.7,1007.6,19.9,11.3,5.4,0.0
2021-02-19,32.5,27.8,24.0,24.0,15.8,2.8,96,57,16,1013.9,1011.1,1009.1,18.0,10.9,4.5,0.0
2021-02-20,32.7,27.6,22.6,21.5,13.4,2.3,79,47,15,1013.4,1011.3,1009.0,18.6,11.3,3.4,0.0
2021-02-21,33.8,27.6,21.9,24.1,17.8,9.6,85,58,24,1012.1,1009.9,1007.3,18.8,11.3,2.6,0.0
2021-02-22,32.0,27.8,23.4,24.4,22.8,20.1,96,76,49,1011.3,1009.4,1006.9,19.1,12.2,1.5,0.0
2021-02-23,32.4,28.6,24.7,24.0,23.0,21.5,94,73,53,1011.7,1009.8,1008.0,16.6,11.0,3.3,0.6
2021-02-24,32.0,28.6,25.8,25.0,24.0,22.4,88,76,58,1011.6,1009.6,1006.8,15.6,11.1,4.9,0.4
2021-02-25,31.4,28.6,26.0,25.3,24.7,23.6,94,80,64,1011.4,1008.8,1006.8,23.2,14.6,7.2,0.8
2021-02-26,31.3,28.6,26.9,25.1,24.3,22.9,86,78,62,1011.0,1008.5,1005.8,21.0,12.6,2.6,1.0
2021-02-27,30.3,28.0,25.7,24.7,23.9,23.0,91,79,66,1010.5,1007.9,1005.5,16.0,10.1,2.7,0.6
2021-02-28,32.7,28.5,24.9,24.8,23.8,20.9,94,77,50,1009.2,1006.6,1004.2,18.4,11.1,4.1,0.0
2021-03-01,32.5,29.0,26.5,25.4,24.8,23.5,91,79,60,1008.6,1006.5,1004.5,19.7,13.0,5.2,0.8
2021-03-02,32.5,29.2,27.0,26.1,25.2,23.4,94,80,60,1009.1,1007.1,1004.8,20.4,12.3,6.7,0.5
2021-03-03,33.0,29.4,27.0,25.8,25.0,22.9,92,78,55,1009.0,1007.1,1005.1,20.1,11.9,4.7,0.3
2021-03-04,32.9,29.4,27.8,26.1,25.3,23.7,90,79,59,1009.7,1007.0,1004.9,20.9,14.0,8.4,1.4
2021-03-05,32.2,29.3,27.3,26.0,25.2,24.1,89,79,62,1009.6,1007.3,1005.3,22.2,15.7,9.8,1.5
2021-03-06,32.0,29.0,26.5,25.7,25.1,24.2,89,80,64,1011.5,1009.2,1007.4,19.6,15.2,10.2,1.9
2021-03-07,31.4,28.7,26.9,25.9,25.3,24.8,89,82,68,1012.3,1009.4,1006.3,20.1,14.9,7.9,1.4
2021-03-08,32.2,28.8,26.6,25.6,25.1,24.5,92,81,64,1010.1,1008.1,1005.8,20.8,15.2,6.4,0.8
2021-03-09,31.4,28.8,27.3,25.6,24.9,24.0,90,80,65,1009.1,1007.3,1005.7,20.2,14.5,8.6,0.9
2021-03-10,31.3,28.4,26.4,25.1,24.7,24.1,90,81,66,1009.5,1007.4,1005.3,25.0,16.4,10.1,1.7
2021-03-11,30.7,28.2,25.9,24.9,24.5,23.9,93,81,68,1009.2,1007.3,1004.8,23.1,14.3,5.8,1.2
2021-03-12,32.1,28.6,26.3,24.8,24.4,23.2,90,79,59,1009.7,1007.2,1004.4,20.5,13.1,4.3,1.2
2021-03-13,32.2,27.8,25.2,25.3,24.6,23.2,93,83,59,1010.8,1008.1,1006.0,17.9,11.7,3.1,17.0
2021-03-14,30.2,27.8,26.2,25.4,24.5,23.5,92,83,67,1011.4,1009.4,1007.4,21.0,13.7,4.0,0.3
2021-03-15,31.5,28.2,25.8,24.4,23.8,23.4,89,78,64,1010.5,1008.1,1006.1,20.2,11.8,4.2,0.0
2021-03-16,31.8,29.0,27.4,24.4,23.5,22.7,81,73,60,1009.8,1007.8,1005.5,19.7,14.8,7.8,0.0
2021-03-17,28.4,27.0,25.3,24.6,24.2,23.6,92,85,79,1010.9,1008.5,1006.7,17.6,13.1,5.4,5.7
2021-03-18,29.5,26.9,25.4,24.7,24.1,23.4,93,84,70,1011.3,1008.9,1006.8,18.4,9.7,2.9,4.3
2021-03-19,29.5,26.8,23.6,24.4,23.5,22.5,94,82,70,1010.5,1008.6,1007.1,14.7,7.6,2.6,0.0
2021-03-20,30.2,27.4,25.0,24.6,23.6,22.7,91,80,64,1010.4,1008.5,1006.3,15.0,8.3,2.3,0.0
2021-03-21,30.8,28.2,26.0,24.5,24.0,23.5,90,78,65,1010.4,1007.9,1005.0,19.5,11.5,4.0,0.2
2021-03-22,30.1,27.6,26.7,25.0,24.6,24.3,89,84,72,1010.6,1007.7,1006.0,20.9,15.6,11.5,9.5
2021-03-23,27.5,26.1,25.1,24.5,23.9,22.9,93,88,83,1013.1,1009.8,1007.4,17.8,11.6,3.3,18.9
2021-03-24,30.4,26.5,23.5,25.0,23.8,22.1,95,86,68,1013.1,1010.8,1008.5,18.8,9.2,3.9,1.6
2021-03-25,29.7,27.4,26.3,24.3,23.7,22.5,88,81,66,1013.4,1010.8,1008.8,18.1,13.2,6.4,1.5
2021-03-26,30.7,27.5,24.1,24.8,24.2,23.3,96,83,69,1011.5,1008.9,1006.6,18.4,9.9,2.7,0.0
2021-03-27,30.4,28.1,26.4,25.2,24.6,24.0,89,81,68,1011.6,1009.1,1006.9,15.3,10.1,4.7,0.9
2021-03-28,31.1,28.0,25.9,25.8,24.8,24.2,94,83,68,1011.3,1009.0,1007.3,17.6,11.1,3.1,0.7
2021-03-29,31.9,27.9,24.8,25.0,24.3,22.1,97,82,56,1011.3,1009.2,1007.3,21.1,11.1,1.8,0.0
2021-03-30,32.1,28.2,25.2,25.1,24.2,22.9,96,80,60,1011.0,1008.6,1006.7,19.9,10.5,2.0,0.6
2021-03-31,31.8,28.8,26.9,25.5,24.7,23.7,91,79,62,1010.1,1007.9,1005.7,18.8,12.2,3.7,1.0
2021-04-01,31.5,28.5,26.9,25.5,25.0,24.5,88,82,68,1011.2,1008.6,1007.0,17.5,11.3,3.7,1.1
2021-04-02,31.2,28.6,26.7,25.8,25.1,24.2,93,82,68,1011.3,1009.1,1007.4,18.6,11.6,4.3,1.1
2021-04-03,30.4,28.3,26.9,25.3,24.9,24.3,91,82,72,1011.2,1008.8,1007.0,16.1,10.4,3.6,1.4
2021-04-04,31.8,29.2,27.5,25.4,24.6,23.7,87,77,63,1010.5,1008.5,1006.7,17.4,13.8,6.3,1.3
2021-04-05,32.0,29.1,27.7,25.6,24.8,23.6,88,78,61,1010.7,1008.6,1006.9,21.3,16.0,8.8,1.2
2021-04-06,32.2,29.3,27.5,25.6,24.7,23.6,88,77,61,1010.5,1008.5,1006.4,20.5,14.9,6.3,0.4
2021-04-07,32.4,29.4,27.5,25.7,25.1,23.7,90,78,60,1010.8,1008.5,1006.5,16.9,14.2,8.4,1.0
2021-04-08,31.7,29.2,27.8,26.0,25.1,24.2,88,79,65,1010.8,1008.6,1006.7,21.7,15.3,9.5,1.6
2021-04-09,32.0,28.9,27.4,25.7,24.7,22.8,89,79,59,1010.4,1007.9,1006.0,21.1,14.0,8.4,1.0
2021-04-10,30.9,28.3,25.9,25.3,24.6,23.4,93,81,65,1009.1,1007.1,1005.4,18.1,11.2,3.8,0.3
2021-04-11,31.2,28.4,25.9,25.4,24.5,23.5,94,80,64,1010.8,1007.8,1005.8,17.3,11.7,6.7,0.0
2021-04-12,32.7,28.9,26.2,25.3,24.6,22.8,93,78,59,1011.3,1009.2,1006.8,19.5,10.6,3.7,0.1
2021-04-13,32.0,29.2,27.4,25.7,24.4,22.9,90,76,60,1012.5,1010.3,1008.2,16.3,11.9,7.4,0.3
2021-04-14,32.5,29.1,27.2,25.0,24.2,22.7,88,75,57,1011.9,1009.7,1007.8,20.5,14.8,9.7,0.2
2021-04-15,33.1,29.2,26.7,24.9,23.7,21.8,90,74,54,1011.0,1008.6,1006.1,18.8,11.5,2.9,0.1
2021-04-16,32.3,28.9,27.2,24.3,23.5,22.5,83,73,57,1010.0,1007.8,1006.1,22.9,15.0,10.2,2.3
2021-04-17,30.9,28.5,26.4,24.8,24.3,22.8,89,79,62,1011.6,1008.2,1006.4,19.3,12.8,6.7,2.8
2021-04-18,30.9,26.6,24.0,25.4,24.3,22.7,94,87,69,1011.7,1009.8,1008.3,10.6,7.5,4.3,8.8
2021-04-19,30.7,27.3,23.8,24.6,23.6,22.8,96,81,63,1011.1,1009.5,1008.3,15.2,9.1,3.3,0.3
2021-04-20,31.2,28.1,25.6,25.1,24.5,24.0,93,82,66,1010.4,1008.6,1006.6,22.7,12.6,5.9,0.8
2021-04-21,31.7,28.8,26.5,25.1,24.4,23.2,91,78,61,1010.8,1008.6,1006.5,17.6,11.5,6.6,0.2
2021-04-22,32.1,28.9,26.1,25.2,24.5,22.3,94,78,56,1011.1,1008.9,1006.1,16.3,10.1,3.8,0.6
2021-04-23,32.5,29.0,25.8,25.4,24.3,22.7,93,77,57,1010.4,1008.7,1005.9,18.1,12.1,5.3,1.8
2021-04-24,31.5,29.1,27.6,24.9,24.3,23.1,84,76,61,1010.7,1008.6,1006.6,22.6,15.7,6.6,3.3
2021-04-25,31.3,28.8,27.1,24.8,24.1,23.1,87,76,62,1011.0,1008.6,1006.2,17.9,11.4,4.7,0.3
2021-04-26,32.5,29.4,27.2,25.0,24.2,23.1,86,75,59,1010.7,1008.5,1005.6,15.8,11.5,5.9,0.1
2021-04-27,31.9,29.5,27.8,25.2,24.3,23.5,86,74,61,1009.5,1007.2,1005.4,21.0,15.4,8.7,0.5
2021-04-28,31.2,28.3,26.8,25.0,23.9,22.7,85,77,64,1009.9,1008.2,1006.5,16.2,11.7,5.8,0.7
2021-04-29,31.2,27.8,24.5,24.5,23.5,22.7,93,78,61,1010.5,1008.6,1006.8,16.5,9.9,4.1,0.0
2021-04-30,32.4,29.1,27.0,24.7,23.8,21.8,86,74,54,1010.1,1008.3,1006.5,18.3,11.8,6.3,0.2
2021-05-01,33.0,29.3,26.7,24.7,24.0,22.5,88,74,54,1010.1,1008.2,1006.7,19.8,13.0,5.8,0.5
2021-05-02,32.8,29.8,27.8,24.8,23.9,22.6,82,72,55,1009.8,1007.9,1006.1,19.7,14.7,10.7,0.0
2021-05-03,30.9,28.1,26.8,25.0,24.3,23.8,88,80,67,1010.6,1008.4,1006.4,22.6,16.2,10.4,2.1
2021-05-04,29.1,27.3,26.2,24.7,24.3,23.5,90,84,74,1011.0,1009.1,1007.3,19.4,10.5,4.2,2.0
2021-05-05,30.9,28.0,25.4,25.4,24.2,23.4,93,81,65,1011.0,1008.9,1006.9,19.9,12.1,3.5,0.8
2021-05-06,28.7,27.3,25.8,24.4,23.8,23.2,90,81,72,1012.8,1010.6,1009.0,18.4,14.7,6.4,0.8
2021-05-07,30.1,27.7,25.4,24.5,24.0,23.4,92,81,68,1013.8,1011.8,1009.1,21.4,11.3,3.8,1.1
2021-05-08,29.7,26.8,24.2,24.3,23.4,22.4,95,82,67,1014.1,1012.3,1010.2,20.4,12.8,4.0,1.7
2021-05-09,28.4,26.4,24.8,23.7,22.7,21.1,92,81,66,1014.5,1011.9,1009.4,8.7,6.0,3.4,1.1
2021-05-10,30.6,27.6,24.9,24.1,23.4,22.8,95,79,63,1014.1,1011.5,1009.2,14.0,8.8,2.9,0.4
2021-05-11,30.9,28.0,25.4,24.3,23.6,22.9,93,78,63,1013.5,1011.1,1009.2,18.6,11.2,2.8,0.8
2021-05-12,31.0,28.4,26.5,24.0,23.4,22.6,85,75,61,1012.7,1010.9,1009.4,19.3,13.9,7.6,1.3
2021-05-13,31.5,28.3,25.9,24.2,23.4,22.5,88,75,61,1012.2,1010.1,1008.1,20.8,11.6,3.8,0.9
2021-05-14,31.1,28.2,25.8,25.0,24.2,23.4,93,80,64,1011.2,1009.4,1008.0,14.7,8.7,2.3,1.5
2021-05-15,32.0,28.8,26.6,24.9,24.2,23.1,90,77,60,1011.3,1009.4,1007.3,16.3,10.4,4.8,0.6
2021-05-16,31.3,28.2,25.4,24.9,24.0,23.3,93,79,63,1011.2,1009.5,1007.5,16.6,10.7,3.4,1.2
2021-05-17,30.8,28.3,26.8,24.8,24.3,23.8,87,79,66,1011.5,1009.9,1008.4,15.8,11.3,6.1,1.2
2021-05-18,30.3,28.1,26.8,25.0,24.4,23.0,89,81,65,1012.9,1010.9,1009.4,14.9,10.6,4.8,6.0
2021-05-19,31.5,28.2,25.4,25.0,24.0,22.8,94,79,60,1012.9,1011.0,1008.8,18.8,10.9,2.0,2.1
2021-05-20,31.0,27.8,26.5,24.6,24.1,23.5,89,80,67,1012.8,1011.4,1010.0,15.1,11.9,5.1,3.6
2021-05-21,30.6,27.9,25.6,25.0,24.2,23.3,93,81,65,1013.2,1011.3,1009.6,17.7,10.8,3.7,1.0
2021-05-22,30.5,27.4,25.8,24.5,24.0,23.1,91,82,65,1013.3,1011.9,1010.4,18.1,8.7,2.2,1.2
2021-05-23,30.9,27.6,24.5,24.6,23.9,23.2,97,81,66,1013.7,1011.6,1009.6,15.2,7.4,0.0,0.0
2021-05-24,31.5,28.5,25.9,24.7,24.0,22.7,92,77,62,1012.8,1011.0,1008.7,16.0,10.4,3.7,0.0
2021-05-25,31.6,28.9,27.3,25.2,24.3,23.2,88,77,61,1012.6,1010.5,1008.3,18.4,14.1,10.1,0.8
2021-05-26,31.7,28.7,26.8,24.7,24.2,23.5,87,77,62,1012.6,1010.6,1008.5,22.7,15.8,9.1,1.5
2021-05-27,30.5,28.2,26.4,25.1,24.5,24.1,91,81,69,1012.3,1010.4,1008.5,19.5,13.5,7.2,1.9
2021-05-28,30.5,28.1,26.1,25.1,24.5,23.9,90,81,70,1012.2,1010.1,1008.0,15.3,9.3,3.9,1.0
2021-05-29,30.2,28.2,26.9,25.1,24.7,24.1,89,82,70,1011.6,1009.8,1008.0,13.8,8.5,4.7,1.3
2021-05-30,29.7,28.0,26.6,25.6,24.9,24.3,93,84,74,1010.6,1008.7,1007.3,16.0,9.6,3.6,2.2
2021-05-31,30.7,27.7,26.0,25.2,24.6,24.1,92,83,71,1011.4,1009.5,1008.2,21.4,13.8,7.3,2.0
2021-06-01,29.6,26.9,25.8,24.6,24.2,23.4,92,85,72,1011.2,1009.9,1007.8,14.8,8.1,2.6,3.1
2021-06-02,30.2,27.5,25.4,24.7,24.3,23.9,96,83,69,1012.4,1010.6,1008.6,13.3,7.1,1.8,1.5
2021-06-03,31.0,28.3,26.4,24.9,24.3,23.3,89,79,65,1012.2,1010.6,1008.8,18.0,10.7,4.8,0.0
2021-06-04,28.8,26.9,25.4,24.9,24.4,23.8,94,86,78,1012.7,1010.7,1008.8,13.6,9.3,3.6,9.2
2021-06-05,28.0,26.2,25.1,24.5,23.8,22.9,95,87,74,1013.1,1011.0,1009.0,13.6,6.4,0.0,4.8
2021-06-06,29.9,26.7,24.1,24.5,23.5,22.1,98,84,64,1012.0,1010.3,1008.9,15.4,8.0,1.5,1.0
2021-06-07,30.1,27.6,25.9,24.4,23.6,22.7,89,79,65,1011.8,1010.0,1008.2,14.9,7.8,1.8,0.7
2021-06-08,29.9,26.8,25.2,24.7,24.3,23.9,93,86,72,1011.8,1010.1,1008.1,13.3,7.2,2.3,2.5
2021-06-09,30.1,26.8,24.4,24.7,23.8,22.8,94,84,70,1011.8,1010.2,1009.1,17.9,8.3,2.8,1.3
2021-06-10,29.3,27.0,25.0,24.9,24.2,23.3,98,85,71,1011.2,1009.5,1007.6,12.1,7.1,2.6,2.5
2021-06-11,31.2,27.2,25.1,24.4,23.8,22.8,92,82,61,1011.1,1009.5,1008.5,18.1,10.5,3.9,2.4
2021-06-12,29.4,27.4,25.4,24.9,24.4,24.1,94,84,74,1013.6,1011.6,1010.3,17.1,7.0,0.7,0.6
2021-06-13,30.0,27.1,24.0,24.6,23.8,23.2,96,82,68,1013.3,1011.6,1009.6,19.0,8.9,1.1,0.4
2021-06-14,31.0,28.3,26.5,24.7,23.3,20.9,89,75,55,1013.5,1011.5,1009.6,15.0,10.8,5.8,0.2
2021-06-15,31.5,28.6,26.6,25.0,24.3,23.2,89,78,62,1012.6,1011.3,1010.0,21.1,13.7,6.8,1.4
2021-06-16,31.3,27.6,24.9,25.0,23.9,22.1,95,81,63,1013.1,1011.3,1010.3,23.8,12.0,4.1,11.6
2021-06-17,30.3,26.9,24.6,24.5,23.7,22.7,95,84,66,1015.2,1013.1,1011.6,12.6,8.7,1.8,6.4
2021-06-18,29.6,27.0,24.3,25.1,23.9,23.2,95,84,73,1014.3,1012.8,1011.1,15.3,9.7,1.1,7.0
2021-06-19,29.7,27.2,24.9,24.3,23.8,22.5,93,82,66,1013.9,1012.2,1010.3,16.8,9.2,2.0,4.5
2021-06-20,27.1,25.6,24.5,24.2,23.6,23.0,93,89,82,1014.5,1012.7,1011.3,11.5,7.6,1.5,20.3
2021-06-21,27.4,25.3,23.4,24.2,23.2,22.1,95,88,77,1015.2,1013.2,1011.9,15.5,9.7,3.6,25.6
2021-06-22,29.4,26.0,23.4,23.9,22.8,21.4,92,83,67,1013.7,1012.0,1010.1,17.3,9.9,6.1,6.2
2021-06-23,27.3,25.3,23.9,24.2,23.3,22.9,94,89,80,1013.6,1011.7,1009.7,16.7,8.2,1.8,17.5
2021-06-24,27.9,25.6,24.2,24.8,23.7,23.1,95,89,81,1013.6,1011.7,1009.8,12.6,5.9,1.1,8.6
2021-06-25,29.6,26.6,24.4,25.6,23.8,23.1,93,85,69,1013.6,1011.3,1008.9,15.9,7.4,2.6,2.4
2021-06-26,26.6,25.0,23.2,24.4,23.2,22.4,96,90,81,1013.6,1011.0,1009.0,13.7,8.6,3.7,20.3
2021-06-27,28.0,25.3,22.9,23.8,23.0,22.1,98,87,74,1012.7,1010.6,1009.1,12.2,6.8,2.3,0.4
2021-06-28,28.9,26.0,23.8,24.2,23.3,22.4,93,86,70,1014.7,1012.3,1010.6,14.3,7.7,3.9,4.9
2021-06-29,28.5,26.3,24.9,25.1,23.7,22.8,92,86,72,1014.8,1013.5,1012.1,15.9,9.4,4.7,7.0
2021-06-30,28.6,26.1,24.5,24.8,23.7,22.8,94,87,73,1014.6,1013.3,1012.1,15.3,8.5,3.7,5.3
2021-07-01,29.0,26.2,24.5,25.4,23.7,23.3,94,86,73,1015.1,1013.0,1011.2,13.6,8.2,3.2,3.7
2021-07-02,28.1,25.9,23.9,25.1,23.6,22.8,94,88,77,1014.2,1012.5,1010.8,21.9,9.8,4.5,19.3
2021-07-03,27.3,25.1,24.1,24.7,23.4,21.9,95,90,84,1015.0,1012.8,1011.4,12.9,8.5,3.3,31.6
2021-07-04,28.7,25.2,22.4,23.6,22.0,19.4,93,83,68,1015.0,1013.6,1012.1,12.3,8.9,4.1,7.8
2021-07-05,29.5,26.4,23.9,23.8,23.2,22.4,92,83,68,1015.2,1013.7,1011.6,16.6,10.8,5.6,0.8
2021-07-06,29.1,26.8,25.2,23.9,23.4,22.7,90,82,69,1014.7,1012.7,1010.4,18.0,11.3,5.1,2.1
2021-07-07,28.4,26.4,25.0,24.2,23.4,22.8,91,84,72,1013.5,1011.2,1008.8,19.9,13.4,4.4,3.1
2021-07-08,27.3,25.8,24.9,24.7,23.5,23.0,91,87,83,1014.4,1012.9,1011.5,16.4,12.8,9.8,2.7
2021-07-09,26.4,25.1,23.9,24.1,23.0,22.4,93,88,81,1015.5,1013.4,1011.6,16.6,11.8,7.5,11.0
2021-07-10,27.6,25.5,23.5,24.7,22.7,22.2,95,85,73,1015.5,1013.2,1010.9,15.8,8.9,3.7,2.2
2021-07-11,28.6,25.7,23.6,23.1,22.5,22.2,92,83,69,1015.2,1013.3,1011.7,18.3,10.5,4.8,2.0
2021-07-12,28.2,26.1,24.2,23.3,22.9,22.5,92,83,72,1015.3,1013.7,1011.7,18.8,11.5,5.5,3.1
2021-07-13,28.8,26.1,23.7,23.3,22.8,22.0,95,83,67,1014.8,1012.8,1010.7,20.6,12.6,6.3,0.8
2021-07-14,27.1,25.8,24.4,24.2,23.0,22.4,91,85,76,1014.3,1012.4,1010.6,20.5,13.9,9.5,1.3
2021-07-15,28.2,25.9,24.5,24.0,23.1,22.5,90,84,75,1013.2,1011.6,1009.9,19.5,13.1,8.0,4.4
2021-07-16,25.3,24.7,24.2,24.2,23.0,22.2,95,90,85,1013.9,1012.1,1010.6,23.0,12.6,7.6,76.2
2021-07-17,27.7,25.7,24.2,23.8,23.1,22.7,94,85,76,1015.0,1013.5,1012.1,17.8,11.3,3.3,2.5
2021-07-18,27.9,25.7,24.2,23.7,22.9,22.5,94,85,73,1015.2,1013.2,1011.3,19.1,11.7,5.5,0.7
2021-07-19,27.7,25.8,24.5,23.7,22.8,22.3,89,84,76,1014.6,1012.7,1011.0,21.1,14.5,9.2,1.7
2021-07-20,27.8,25.7,24.3,23.8,22.7,21.9,88,84,76,1015.6,1013.7,1012.0,20.9,14.2,10.6,3.2
2021-07-21,28.1,25.8,24.6,23.0,22.4,21.7,89,82,69,1017.1,1015.1,1013.5,19.6,14.0,9.8,3.5
2021-07-22,28.2,25.8,23.8,22.8,22.2,21.5,92,81,67,1017.3,1015.4,1013.4,19.3,12.5,3.4,0.6
2021-07-23,28.5,25.8,24.4,22.8,22.3,22.0,90,81,68,1016.5,1014.4,1012.2,18.2,14.1,9.4,0.6
2021-07-24,28.0,25.7,24.0,22.9,22.3,21.8,92,81,69,1015.2,1013.5,1011.9,19.6,13.4,6.5,1.1
2021-07-25,28.2,25.9,24.4,22.6,22.0,21.5,89,79,67,1015.0,1013.0,1011.2,21.4,14.9,7.4,0.5
2021-07-26,27.6,25.8,24.5,22.2,21.6,21.2,86,78,68,1014.1,1012.7,1011.2,25.6,16.9,7.4,1.0
2021-07-27,28.1,26.1,24.7,21.9,21.2,20.2,82,75,63,1014.3,1012.5,1010.8,23.6,17.9,11.7,0.3
2021-07-28,28.2,25.9,24.3,22.3,21.8,20.9,88,79,64,1014.4,1012.5,1010.7,18.8,12.5,7.4,1.8
2021-07-29,29.0,25.8,23.1,22.9,22.1,21.2,94,81,63,1014.7,1012.8,1010.9,18.8,11.0,5.4,0.9
2021-07-30,28.6,26.2,24.3,23.2,22.6,21.7,92,81,67,1014.8,1012.9,1011.1,19.9,13.8,7.9,0.1
2021-07-31,28.7,26.4,24.8,23.2,22.5,21.9,89,80,67,1015.9,1013.7,1012.2,20.8,15.2,8.9,2.3
2021-08-01,29.5,26.2,24.0,23.6,22.8,21.8,95,82,63,1016.6,1015.0,1013.7,19.1,12.2,7.5,1.1
2021-08-02,28.5,26.1,25.1,23.5,22.8,22.0,90,82,68,1016.1,1014.1,1012.6,15.9,12.9,9.1,0.9
2021-08-03,28.4,26.2,24.9,23.6,23.2,22.8,92,84,74,1014.4,1012.8,1010.7,21.2,11.9,6.5,2.3
2021-08-04,27.9,25.5,24.5,23.6,23.0,22.5,91,86,77,1016.3,1013.7,1012.3,22.0,13.5,9.0,7.5
2021-08-05,26.8,25.1,23.9,23.6,23.0,22.7,94,89,80,1017.3,1015.4,1013.2,18.3,11.4,5.8,14.8
2021-08-06,27.9,25.7,23.8,24.2,23.1,22.6,95,86,73,1016.7,1014.7,1011.6,18.1,10.3,5.7,1.5
2021-08-07,28.9,25.7,24.1,24.3,23.3,22.8,93,87,73,1015.6,1013.7,1011.3,20.9,12.4,5.6,5.7
2021-08-08,27.3,25.4,24.4,24.4,23.2,22.8,92,88,82,1015.3,1013.4,1011.8,23.9,16.1,11.3,8.5
2021-08-09,27.5,25.5,24.1,24.2,23.1,22.7,92,87,77,1015.8,1014.3,1012.7,20.7,14.6,9.7,2.7
2021-08-10,27.3,25.2,23.9,24.5,23.1,22.6,95,88,77,1015.9,1013.5,1010.6,20.2,12.5,7.1,3.0
2021-08-11,27.5,25.5,24.2,23.2,22.5,21.8,90,83,73,1014.6,1012.4,1010.5,25.1,16.2,12.1,1.0
2021-08-12,27.2,25.4,24.1,23.8,22.9,21.9,91,86,81,1014.7,1012.8,1011.2,19.1,15.0,11.2,2.3
2021-08-13,27.3,25.5,24.5,23.8,22.8,22.5,90,85,78,1014.9,1013.3,1011.9,17.3,12.4,8.4,2.2
2021-08-14,27.1,25.5,24.4,23.4,22.6,22.2,89,84,75,1014.6,1012.2,1009.9,22.2,14.4,7.6,1.3
2021-08-15,27.1,25.3,23.9,23.7,22.6,22.0,92,85,74,1012.8,1011.3,1009.3,20.8,12.8,7.7,1.5
2021-08-16,28.1,25.6,24.5,23.2,22.5,22.1,89,83,71,1014.0,1011.8,1010.4,20.5,12.8,7.1,1.1
2021-08-17,27.2,25.4,24.2,23.1,22.7,22.1,93,85,74,1014.9,1013.2,1011.8,14.1,9.1,4.3,2.3
2021-08-18,28.0,25.4,24.0,23.3,22.8,22.2,94,86,72,1014.9,1013.6,1011.7,13.5,8.8,3.1,2.4
2021-08-19,28.3,25.1,23.5,23.3,22.8,21.9,94,88,70,1014.6,1011.7,1009.0,16.6,8.9,5.2,10.5
2021-08-20,26.5,24.9,23.5,23.5,22.8,22.4,94,88,80,1012.8,1010.6,1008.5,18.9,13.5,5.1,10.7
2021-08-21,26.7,24.7,23.8,23.9,23.0,22.6,94,90,83,1013.3,1011.3,1009.9,18.9,9.7,4.0,30.6
2021-08-22,27.2,24.9,23.2,25.6,23.3,22.7,97,91,80,1013.0,1011.1,1008.9,13.0,6.6,0.7,4.8
2021-08-23,27.7,25.3,23.3,25.6,23.4,22.8,97,89,79,1012.2,1009.9,1006.9,17.8,8.8,2.5,4.5
2021-08-24,27.5,25.3,24.1,24.6,23.2,22.6,95,88,82,1011.4,1009.2,1007.1,17.1,9.9,4.1,10.3
2021-08-25,26.9,25.3,24.0,24.5,23.2,22.4,92,88,81,1011.6,1009.7,1007.9,16.4,10.7,5.5,6.5
2021-08-26,27.3,25.5,24.1,23.6,23.3,22.9,94,88,79,1012.9,1010.9,1009.2,16.7,9.5,5.2,2.8
2021-08-27,28.6,26.0,24.8,24.9,23.6,23.3,92,87,76,1014.0,1011.9,1010.4,20.1,12.6,8.4,3.7
2021-08-28,27.8,25.5,23.0,24.2,23.5,22.7,98,89,80,1013.9,1011.7,1008.7,15.5,9.6,3.1,1.5
2021-08-29,28.0,25.9,24.7,24.5,23.4,22.7,92,86,77,1012.3,1010.0,1007.6,19.7,12.4,7.7,5.9
2021-08-30,27.1,25.2,23.6,24.3,23.3,22.8,95,89,81,1012.2,1010.0,1008.0,18.2,10.3,4.1,13.7
2021-08-31,29.3,25.9,24.0,24.3,23.5,22.9,96,87,70,1012.3,1010.4,1008.4,18.2,9.9,3.4,2.1
2021-09-01,29.0,26.2,24.0,25.3,23.8,22.9,94,87,75,1011.9,1009.8,1007.6,21.5,13.4,6.1,5.0
2021-09-02,27.2,25.5,23.9,23.5,23.3,22.9,97,88,77,1012.8,1010.7,1009.1,18.2,11.8,4.0,10.9
2021-09-03,26.2,25.0,24.2,24.0,23.3,22.9,94,90,83,1013.7,1011.8,1010.4,18.9,10.7,2.9,11.5
2021-09-04,28.7,25.4,23.6,24.2,23.4,22.9,96,89,77,1013.4,1011.2,1009.0,17.3,10.3,4.7,9.4
2021-09-05,27.8,25.5,23.7,25.5,23.4,22.8,95,89,79,1014.4,1011.8,1009.5,17.6,10.9,6.6,3.0
2021-09-06,26.8,25.4,24.3,24.7,23.6,22.9,97,90,84,1014.0,1012.0,1010.1,15.6,8.9,4.4,6.9
2021-09-07,28.7,25.7,24.0,25.3,23.7,22.9,97,89,73,1013.9,1011.7,1009.0,15.8,7.1,1.3,2.2
2021-09-08,28.5,26.1,24.6,24.2,23.6,23.2,94,86,75,1012.6,1010.7,1008.7,20.0,12.2,6.2,1.5
2021-09-09,28.4,26.1,24.2,25.1,23.8,23.2,95,88,73,1013.3,1011.2,1009.2,16.7,9.1,2.3,1.6
2021-09-10,29.0,25.9,24.6,24.2,23.8,23.3,94,88,73,1013.8,1012.3,1010.3,15.1,8.4,2.4,11.1
2021-09-11,28.0,25.4,23.7,24.2,23.4,22.5,96,89,72,1014.7,1012.8,1010.7,11.7,7.4,1.8,18.2
2021-09-12,28.7,26.1,24.4,24.3,23.8,23.3,97,87,74,1013.6,1011.6,1008.7,20.9,12.2,7.2,0.5
2021-09-13,26.9,25.2,24.1,24.0,23.3,22.7,94,89,80,1012.9,1010.9,1008.7,13.5,9.2,4.2,16.8
2021-09-14,27.9,25.2,23.3,25.3,23.2,22.4,96,89,82,1013.1,1010.9,1009.3,17.0,8.0,3.6,5.4
2021-09-15,27.0,25.3,24.0,24.5,23.5,22.9,95,90,84,1014.6,1012.4,1010.4,14.4,7.6,3.6,3.1
2021-09-16,28.6,25.7,23.3,24.3,23.2,22.6,96,87,72,1014.8,1013.1,1011.0,16.8,8.9,3.3,5.6
2021-09-17,28.9,25.9,24.4,24.7,24.0,23.4,97,89,76,1014.5,1012.0,1009.2,13.4,8.9,3.6,3.7
2021-09-18,27.5,25.8,24.2,24.7,23.7,23.3,95,88,79,1014.0,1011.7,1009.8,16.3,9.4,4.1,8.9
2021-09-19,28.0,26.0,24.3,24.9,23.5,23.1,93,86,79,1013.3,1011.4,1009.3,16.3,8.6,2.9,3.2
2021-09-20,29.3,26.4,24.4,24.1,23.4,22.7,94,84,69,1013.0,1010.9,1007.9,13.3,9.2,4.7,0.0
2021-09-21,27.7,25.8,25.0,24.4,23.5,22.9,93,88,82,1013.4,1011.0,1008.8,15.9,9.2,2.6,12.1
2021-09-22,26.2,24.6,23.4,24.2,23.2,22.4,96,92,85,1014.1,1011.6,1009.4,9.2,4.0,1.5,31.1
2021-09-23,28.8,25.8,22.8,24.9,23.5,22.2,97,88,71,1013.1,1011.3,1009.2,10.9,6.6,0.4,1.4
2021-09-24,28.6,26.2,24.2,25.6,24.0,22.7,94,88,78,1014.1,1011.9,1009.5,17.1,9.2,4.3,3.0
2021-09-25,28.7,25.4,23.6,24.8,23.5,23.0,96,90,76,1013.5,1011.9,1010.5,13.3,7.8,5.1,9.1
2021-09-26,28.8,25.5,22.8,23.7,23.0,22.3,99,87,68,1013.2,1011.6,1009.8,13.6,7.6,3.0,0.9
2021-09-27,27.8,25.8,24.3,24.6,23.7,23.4,96,88,79,1012.8,1011.1,1009.2,14.0,6.7,2.8,4.6
2021-09-28,28.7,26.5,24.9,24.4,23.8,23.3,96,85,75,1012.1,1010.1,1007.9,13.9,7.5,0.5,2.3
2021-09-29,28.9,26.5,24.2,25.4,23.8,23.1,93,86,73,1012.3,1010.0,1007.7,16.3,8.5,2.8,1.2
2021-09-30,27.9,26.0,24.5,25.6,23.8,23.3,94,88,79,1012.9,1010.7,1008.7,13.0,6.8,2.1,15.6
2021-10-01,28.4,26.0,24.4,25.5,23.9,23.4,94,88,79,1013.4,1011.4,1009.5,14.0,8.6,3.6,1.2
2021-10-02,29.5,26.7,24.5,24.3,23.8,23.3,93,85,70,1012.2,1010.2,1007.9,18.1,10.1,4.5,1.7
2021-10-03,28.6,26.3,24.6,25.6,24.2,23.6,94,89,83,1012.2,1010.4,1009.0,14.9,8.4,3.1,4.6
2021-10-04,28.7,26.6,24.7,26.5,24.7,23.9,97,89,81,1012.2,1010.1,1007.8,15.4,8.1,2.5,1.8
2021-10-05,29.5,27.0,24.9,25.4,24.3,23.9,94,86,76,1012.1,1010.1,1007.4,18.4,9.2,3.9,1.3
2021-10-06,26.6,25.7,24.9,24.2,23.6,23.1,93,88,83,1012.9,1010.6,1008.8,16.9,8.6,4.8,16.8
2021-10-07,29.2,26.4,24.1,24.2,23.7,23.0,96,86,71,1012.3,1009.9,1007.6,13.0,6.3,1.3,2.6
2021-10-08,29.7,26.9,24.4,26.4,24.5,23.4,94,87,77,1010.2,1008.4,1006.1,15.6,8.5,4.1,0.5
2021-10-09,28.0,26.7,25.7,25.5,24.5,23.9,92,88,83,1011.9,1009.4,1007.7,14.3,9.4,5.0,10.2
2021-10-10,28.5,26.3,25.3,25.1,24.3,23.8,93,89,81,1012.9,1010.6,1009.0,14.4,8.9,2.3,11.4
2021-10-11,29.7,26.9,24.7,24.8,24.2,23.7,95,85,70,1012.8,1010.9,1008.7,14.7,8.4,4.4,2.9
2021-10-12,30.0,27.4,25.4,25.1,24.4,24.2,93,84,71,1012.1,1010.0,1007.3,17.8,10.4,5.8,1.9
2021-10-13,29.6,27.4,25.4,25.6,24.7,24.3,93,85,75,1011.4,1009.6,1007.6,15.1,10.3,5.4,1.1
2021-10-14,29.4,26.9,24.7,25.2,24.3,23.5,95,86,74,1011.9,1010.0,1007.9,14.9,9.4,4.5,5.1
2021-10-15,29.2,26.6,24.5,25.3,24.1,23.6,96,87,74,1011.4,1009.8,1007.9,15.5,8.6,2.2,1.3
2021-10-16,29.8,27.0,25.5,24.6,23.9,23.5,91,84,72,1011.3,1009.4,1007.3,18.3,12.2,6.4,2.1
2021-10-17,29.3,26.8,25.1,25.0,23.9,22.9,92,84,73,1011.7,1009.2,1007.6,18.9,10.8,6.9,2.0
2021-10-18,26.2,25.0,24.2,23.9,23.4,22.8,95,91,85,1012.6,1010.3,1008.2,12.1,7.7,4.1,13.7
2021-10-19,29.3,26.2,23.9,24.5,23.6,22.9,95,86,70,1012.6,1010.9,1009.2,19.6,10.7,6.1,10.1
2021-10-20,28.6,26.1,24.4,24.7,24.1,23.5,95,89,78,1012.8,1011.0,1008.7,12.2,7.5,4.9,3.6
2021-10-21,28.6,25.7,23.8,24.5,23.5,22.7,95,88,78,1012.7,1010.8,1008.2,11.9,6.4,1.3,30.9
2021-10-22,29.0,25.6,24.2,25.6,23.5,22.6,94,88,82,1013.2,1010.5,1008.5,13.0,8.0,3.2,9.3
2021-10-23,26.2,24.7,23.8,23.8,23.2,22.6,97,91,84,1014.7,1012.1,1010.5,14.5,6.1,1.0,24.8
2021-10-24,28.8,25.8,23.4,24.6,23.7,23.0,97,89,74,1014.8,1012.0,1009.1,13.4,7.3,2.1,4.7
2021-10-25,29.7,26.9,24.7,25.3,24.3,23.7,94,86,75,1013.1,1011.1,1008.9,20.0,11.9,7.2,4.0
2021-10-26,29.5,26.9,24.8,24.9,24.3,23.8,94,86,76,1013.6,1011.4,1009.2,13.9,7.9,2.3,1.1
2021-10-27,28.8,26.1,24.7,25.1,23.7,22.9,93,87,79,1012.7,1011.0,1009.3,11.3,7.6,0.8,4.9
2021-10-28,28.5,26.2,24.3,25.2,23.9,23.0,95,87,81,1012.5,1010.6,1008.5,14.3,7.0,1.4,2.6
2021-10-29,29.5,26.7,24.2,24.7,24.1,23.4,97,86,73,1011.0,1009.2,1007.1,13.4,7.4,1.5,1.0
2021-10-30,29.3,26.9,24.9,25.4,24.4,23.5,94,86,77,1012.1,1009.8,1008.2,15.6,10.1,3.2,2.9
2021-10-31,29.2,26.7,24.9,25.1,24.1,23.3,96,86,76,1013.9,1011.4,1009.2,20.0,12.1,1.1,1.2
2021-11-01,29.6,26.8,25.0,25.1,24.1,23.5,93,85,75,1013.6,1011.6,1010.0,18.8,12.6,5.6,2.1
2021-11-02,28.6,26.2,24.2,23.7,23.2,22.1,92,84,73,1013.9,1012.0,1009.9,16.9,6.9,3.2,0.4
2021-11-03,29.6,26.7,23.7,24.8,23.8,23.1,96,85,71,1012.6,1010.7,1008.7,15.3,8.5,2.2,0.4
2021-11-04,29.2,26.9,25.0,25.1,24.3,23.7,95,86,77,1012.3,1010.2,1008.4,15.8,8.6,2.3,3.9
2021-11-05,29.3,26.5,24.5,25.0,23.9,23.2,93,86,75,1012.0,1010.1,1007.7,8.0,5.4,3.3,1.0
2021-11-06,29.8,26.7,23.4,24.1,23.4,22.2,93,83,68,1011.0,1009.3,1007.0,14.9,8.3,2.1,0.3
2021-11-07,29.7,26.7,25.2,25.5,24.1,23.2,95,86,73,1010.8,1008.7,1007.2,16.1,8.0,2.1,5.1
2021-11-08,30.1,27.1,25.0,24.7,24.3,23.7,95,85,72,1010.4,1008.3,1006.4,14.5,8.2,1.8,1.5
2021-11-09,29.4,26.9,24.9,25.3,24.1,23.3,92,85,77,1011.8,1009.1,1007.0,12.4,7.9,1.8,2.7
2021-11-10,29.2,26.4,24.9,25.2,24.1,23.2,96,87,79,1012.4,1009.9,1007.8,16.2,9.1,3.7,7.7
2021-11-11,29.2,26.5,24.7,25.3,24.0,23.1,93,87,76,1011.4,1010.1,1008.8,11.2,7.1,2.4,8.5
2021-11-12,29.3,26.4,23.6,24.6,23.8,23.2,98,86,74,1010.7,1008.5,1006.3,12.5,8.4,4.2,0.9
2021-11-13,29.5,27.2,24.8,24.9,24.1,23.6,94,84,71,1010.2,1008.5,1006.9,14.5,7.8,1.9,2.3
2021-11-14,30.0,27.5,25.2,25.6,24.6,24.1,94,85,74,1012.5,1009.6,1007.8,14.8,9.0,2.0,0.4
2021-11-15,29.6,26.9,25.8,25.4,24.4,23.6,92,87,77,1011.8,1010.0,1007.7,13.5,7.6,2.4,6.0
2021-11-16,29.9,27.1,25.1,24.9,24.3,23.2,93,85,73,1011.3,1009.1,1006.8,17.4,9.0,3.7,2.1
2021-11-17,30.4,27.8,25.6,25.0,24.2,23.3,91,81,67,1010.6,1008.6,1006.3,13.8,9.1,5.0,1.1
2021-11-18,30.4,27.4,25.0,25.4,24.6,24.2,95,85,75,1011.2,1009.3,1007.2,14.0,8.3,1.5,1.8
2021-11-19,30.0,27.1,25.1,24.9,24.2,23.4,95,84,73,1011.5,1009.6,1007.5,17.7,9.2,0.4,2.5
2021-11-20,29.9,27.3,24.9,25.1,24.2,23.6,95,83,69,1011.1,1009.1,1007.0,13.0,7.7,3.0,0.4
2021-11-21,30.5,27.8,25.9,25.2,24.7,23.9,93,83,68,1010.0,1008.0,1006.3,12.9,8.3,3.9,1.1
2021-11-22,30.2,27.8,25.7,25.0,24.6,24.1,92,83,72,1011.7,1009.3,1007.2,16.5,10.0,3.3,1.1
2021-11-23,30.6,27.5,25.2,24.9,24.2,23.7,93,83,70,1012.0,1010.5,1008.6,17.1,10.8,2.3,1.5
2021-11-24,30.5,27.7,25.4,24.7,24.3,23.7,94,82,67,1011.9,1009.8,1007.3,16.2,8.7,3.2,1.3
2021-11-25,30.2,27.4,24.6,24.7,24.2,23.3,94,83,68,1010.9,1008.9,1006.9,16.4,9.6,0.7,1.6
2021-11-26,30.8,27.8,25.1,24.8,24.0,23.0,93,80,64,1011.3,1009.3,1007.5,15.7,9.9,3.2,0.3
2021-11-27,30.3,27.7,25.5,24.7,24.2,23.6,93,82,69,1011.5,1009.4,1007.3,15.5,9.7,3.7,1.4
2021-11-28,31.1,27.8,25.3,24.4,23.9,23.2,94,80,64,1011.4,1009.3,1007.0,15.6,10.7,2.6,0.3
2021-11-29,30.8,27.8,25.7,24.8,23.9,23.0,93,80,63,1011.0,1009.3,1007.1,15.8,9.7,2.6,0.6
2021-11-30,31.0,27.7,24.4,24.6,23.6,22.5,93,79,61,1011.7,1009.7,1007.9,15.3,10.1,4.7,1.4
2021-12-01,31.5,28.0,24.7,24.6,24.0,22.4,96,80,60,1010.6,1008.7,1006.5,17.4,10.2,1.5,0.2
2021-12-02,31.6,28.0,25.1,24.4,24.0,22.6,94,80,59,1009.8,1008.0,1006.1,18.9,11.2,4.6,0.7
2021-12-03,32.1,28.2,25.0,24.9,24.1,22.3,96,79,56,1010.4,1008.4,1006.6,18.5,9.7,2.5,0.2
2021-12-04,32.1,28.6,25.6,25.1,24.3,22.1,96,79,56,1010.4,1009.0,1006.7,15.7,9.1,1.8,0.1
2021-12-05,32.6,28.4,25.0,25.7,24.2,21.8,92,79,54,1010.8,1009.0,1006.6,17.6,11.0,2.1,2.8
2021-12-06,31.7,28.1,25.2,24.8,24.3,23.1,96,80,61,1011.4,1009.6,1008.0,20.0,12.4,4.6,0.3
2021-12-07,31.6,28.1,25.5,24.9,24.2,22.8,93,80,60,1012.2,1010.0,1007.4,13.4,8.9,2.2,1.2
2021-12-08,30.9,27.8,24.9,25.1,24.3,23.3,94,82,67,1012.1,1010.2,1008.3,15.0,9.1,2.6,0.8
2021-12-09,31.9,27.9,24.6,25.0,24.0,22.0,96,81,57,1010.6,1008.5,1005.8,15.0,9.6,5.1,0.0
2021-12-10,31.6,27.7,24.4,25.1,23.9,22.6,99,81,60,1008.8,1007.3,1005.2,14.0,8.6,0.4,0.1
2021-12-11,32.0,28.2,25.1,25.2,23.9,21.5,96,79,54,1009.0,1007.2,1005.1,14.5,9.6,2.3,0.0
2021-12-12,33.1,28.2,24.9,25.0,23.8,20.7,97,78,48,1009.6,1007.8,1006.3,17.0,8.6,2.1,0.0
2021-12-13,32.8,28.1,24.4,25.0,24.0,22.1,96,80,54,1009.8,1008.0,1006.2,19.4,10.8,1.3,0.0
2021-12-14,31.9,28.5,25.6,25.0,24.2,22.5,95,79,58,1009.6,1007.8,1006.2,17.2,10.1,3.4,1.6
2021-12-15,32.1,28.4,25.4,24.8,24.2,23.3,93,79,61,1009.8,1008.0,1005.9,15.8,9.6,4.1,0.6
2021-12-16,33.4,28.5,25.5,25.2,23.9,20.0,96,78,45,1010.8,1008.8,1006.3,15.0,8.8,2.9,0.1
2021-12-17,32.0,28.2,24.8,25.0,23.5,19.9,96,77,49,1011.7,1009.6,1007.7,14.0,9.6,4.5,0.0
2021-12-18,32.3,27.9,23.7,23.9,17.6,9.0,94,60,24,1011.9,1009.6,1007.3,16.2,9.7,4.2,0.0
2021-12-19,31.8,27.0,21.5,20.7,14.8,9.5,85,51,27,1012.2,1009.2,1006.7,11.2,8.9,2.2,0.0
2021-12-20,33.5,27.9,23.7,21.4,15.3,10.4,71,49,25,1011.2,1008.9,1006.7,12.8,8.8,4.0,0.0
2021-12-21,33.4,27.6,22.8,21.9,15.2,9.9,81,50,25,1011.5,1008.8,1006.0,14.1,8.7,5.0,0.0
2021-12-22,33.6,27.9,22.9,21.8,16.0,9.7,77,52,24,1011.6,1009.5,1007.4,14.5,9.8,4.6,0.0
2021-12-23,33.2,27.8,23.3,23.9,18.0,11.3,85,60,26,1010.6,1008.6,1005.7,17.0,8.3,2.4,0.0
2021-12-24,31.7,27.6,23.4,23.8,23.0,21.0,97,77,54,1011.0,1008.6,1006.1,17.1,9.7,4.1,0.0
2021-12-25,33.9,28.1,23.8,24.7,23.0,18.0,96,76,39,1010.8,1008.8,1006.9,21.8,11.7,2.3,0.0
2021-12-26,32.4,28.1,24.8,24.7,23.6,21.7,97,78,54,1011.1,1009.1,1007.0,18.3,11.6,5.1,0.0
2021-12-27,32.4,28.1,25.2,25.2,24.4,21.5,96,81,53,1011.3,1009.5,1007.4,17.9,10.5,1.8,0.9
2021-12-28,32.1,27.6,24.5,25.2,23.8,21.2,97,81,53,1012.1,1010.0,1007.5,18.5,11.1,3.3,0.2
2021-12-29,30.1,27.3,25.4,24.5,23.7,22.9,91,81,65,1012.7,1010.8,1009.0,14.6,8.2,4.3,0.4
2021-12-30,32.7,27.7,23.9,24.5,22.8,19.6,96,77,47,1011.4,1009.3,1006.8,18.2,9.1,1.5,0.0
2021-12-31,30.9,27.5,24.1,24.4,23.2,21.5,96,79,57,1012.1,1010.1,1008.5,13.7,9.4,1.9,1.0
2022-01-01,31.3,27.9,24.7,24.1,23.3,22.1,95,77,59,1012.2,1009.9,1007.4,16.1,9.0,0.4,0.7
2022-01-02,31.9,27.7,24.4,24.8,23.7,21.5,96,80,55,1011.1,1009.0,1006.3,15.8,8.8,0.7,0.5
2022-01-03,33.7,27.9,24.9,25.0,21.1,9.5,97,72,23,1011.0,1009.1,1007.5,16.1,10.4,4.6,0.0
2022-01-04,31.1,27.4,24.4,24.3,19.5,8.2,93,67,26,1011.7,1010.0,1008.3,17.0,10.0,7.1,0.0
2022-01-05,31.7,27.5,23.9,24.1,21.1,16.0,96,71,39,1011.7,1009.7,1007.3,12.9,7.6,1.9,0.0
2022-01-06,32.7,27.4,22.3,23.7,20.0,13.1,88,67,32,1010.4,1008.7,1006.4,16.7,8.8,2.6,0.0
2022-01-07,31.9,27.9,24.2,24.3,23.5,22.0,98,78,56,1011.1,1009.1,1006.8,18.3,11.1,3.7,0.1
2022-01-08,32.2,28.1,24.3,24.6,23.8,22.2,96,79,56,1011.0,1009.0,1006.8,16.8,9.8,2.9,1.8
2022-01-09,33.7,28.2,25.0,25.2,23.5,15.8,97,78,34,1011.3,1008.6,1006.0,17.3,9.2,0.5,1.0
2022-01-10,31.4,27.7,24.7,24.9,23.4,21.4,97,79,56,1009.6,1007.8,1005.9,15.9,10.0,4.8,0.0
2022-01-11,31.5,28.1,25.2,24.4,23.6,22.0,93,78,57,1010.5,1008.3,1005.8,17.3,11.0,3.1,0.3
2022-01-12,31.5,28.1,25.1,25.1,24.3,23.5,96,81,62,1011.6,1009.7,1007.6,18.7,11.6,3.2,0.5
2022-01-13,29.7,26.5,23.8,25.8,24.1,22.6,93,87,80,1013.8,1011.3,1009.4,18.2,11.4,1.9,10.3
2022-01-14,29.9,27.2,25.0,25.0,24.4,23.7,97,85,70,1013.6,1011.5,1009.6,17.8,8.9,1.9,0.4
2022-01-15,31.8,27.6,24.9,24.8,24.1,20.2,96,82,50,1012.6,1010.3,1007.6,19.8,10.4,0.0,0.0
2022-01-16,31.1,27.5,24.8,24.7,23.8,21.7,94,81,59,1013.3,1011.0,1008.7,16.7,9.8,3.0,0.1
2022-01-17,30.0,26.8,23.5,24.1,23.2,22.7,96,81,66,1013.6,1011.8,1010.0,18.3,9.6,2.8,0.0
2022-01-18,31.7,27.4,24.2,23.9,22.9,20.0,94,77,50,1014.0,1011.9,1009.6,18.3,10.3,3.6,0.1
2022-01-19,31.5,27.3,23.6,24.2,20.8,13.5,93,71,34,1013.7,1011.3,1008.8,14.5,8.5,4.2,1.0
2022-01-20,31.3,26.5,22.3,22.2,14.7,8.0,89,53,27,1012.8,1010.6,1008.0,13.1,8.9,4.9,0.0
2022-01-21,31.4,26.3,21.1,22.3,16.0,6.4,81,57,24,1012.4,1010.3,1008.3,12.0,9.1,2.3,0.0
2022-01-22,32.9,26.9,21.5,23.6,17.3,9.5,92,62,24,1012.7,1010.2,1008.0,17.0,10.0,4.6,0.0
2022-01-23,32.9,27.0,22.7,24.3,18.9,10.8,96,66,26,1012.6,1009.9,1007.3,15.8,10.8,4.3,0.0
2022-01-24,32.9,27.2,23.8,24.6,22.2,14.8,99,77,37,1011.7,1009.0,1006.7,17.6,10.0,4.3,0.0
2022-01-25,33.0,27.4,23.0,24.6,18.0,6.0,99,64,21,1010.8,1008.3,1005.9,13.0,8.8,3.4,0.0
2022-01-26,31.0,26.0,20.9,23.3,16.6,3.2,91,63,17,1010.6,1008.4,1006.5,16.8,9.8,5.4,0.0
2022-01-27,32.0,26.6,22.1,23.9,22.0,20.5,95,77,51,1011.6,1009.2,1007.2,16.0,9.2,3.3,0.0
2022-01-28,31.8,27.3,23.9,24.7,23.0,20.7,98,79,53,1011.8,1009.1,1006.3,17.9,10.0,3.7,0.0
2022-01-29,33.0,27.3,22.8,24.5,17.9,7.1,97,64,21,1012.0,1009.2,1006.6,15.3,8.6,1.6,0.0
2022-01-30,31.5,25.7,20.1,21.4,15.9,4.2,87,60,19,1012.3,1009.7,1007.2,14.8,8.6,2.6,0.0
2022-01-31,30.8,25.8,20.9,21.2,13.0,2.9,88,51,19,1011.5,1009.0,1006.5,17.4,10.8,4.0,0.0
2022-02-01,32.6,26.1,20.5,21.6,14.1,3.5,82,54,17,1012.0,1009.3,1006.6,14.1,9.6,4.1,0.0
2022-02-02,33.1,26.4,20.7,23.6,17.9,10.1,89,64,25,1011.9,1009.5,1006.9,18.0,10.5,1.8,0.0
2022-02-03,31.7,26.9,23.2,24.0,22.5,20.6,97,78,53,1013.0,1010.6,1008.1,16.9,10.8,2.5,0.0
2022-02-04,31.1,27.4,24.2,24.4,23.6,22.4,97,81,61,1012.6,1010.6,1008.3,16.3,10.7,4.0,0.4
2022-02-05,31.4,27.5,24.6,24.8,23.3,19.9,97,80,51,1011.9,1009.8,1007.1,18.6,10.4,3.3,1.8
2022-02-06,31.9,27.3,23.5,24.4,22.7,18.0,95,79,43,1011.5,1009.5,1007.6,18.1,9.8,1.4,0.0
2022-02-07,31.5,27.3,24.1,24.6,23.5,21.8,97,81,58,1011.5,1009.2,1006.7,18.4,9.7,3.5,0.0
2022-02-08,32.1,27.9,24.0,24.3,23.4,21.4,96,78,54,1011.1,1009.2,1007.3,19.8,10.9,3.4,0.0
2022-02-09,32.7,28.2,24.4,24.8,23.7,21.4,97,78,52,1011.2,1009.0,1007.3,19.5,10.5,1.9,0.1
2022-02-10,32.1,28.0,24.5,25.1,24.1,22.3,97,81,57,1010.5,1008.0,1005.9,19.2,10.5,1.1,0.0
2022-02-11,32.1,28.0,25.1,25.3,24.2,22.5,97,81,57,1009.2,1007.2,1005.7,17.5,11.0,3.6,0.1
2022-02-12,31.4,27.6,24.8,25.1,23.9,22.4,97,82,59,1010.2,1008.2,1006.7,17.2,10.2,0.8,0.1
2022-02-13,32.4,28.2,24.6,25.0,23.9,22.2,98,79,55,1010.5,1008.9,1006.6,16.8,11.4,3.0,0.4
2022-02-14,32.7,28.4,25.5,25.7,24.5,23.0,97,81,57,1011.0,1008.5,1005.8,20.4,12.4,3.4,1.1
2022-02-15,32.4,28.7,26.2,25.8,24.5,22.3,96,79,56,1011.4,1008.8,1006.7,19.4,12.4,5.5,0.5
2022-02-16,31.4,28.1,25.9,25.5,24.4,23.3,93,81,62,1011.7,1009.1,1007.1,17.5,13.0,6.5,4.0
2022-02-17,31.3,28.0,26.1,25.1,24.2,23.3,92,81,64,1010.2,1007.7,1005.6,15.4,12.0,6.6,0.7
2022-02-18,31.8,28.4,26.2,24.9,24.4,23.2,91,80,63,1009.7,1007.4,1005.2,21.0,13.4,6.6,0.3
2022-02-19,29.6,27.5,26.3,25.2,24.5,23.7,92,84,73,1011.5,1008.7,1006.7,24.0,13.6,3.9,1.9
2022-02-20,30.3,27.4,25.8,24.5,24.0,23.3,92,82,71,1012.4,1009.7,1007.6,18.7,11.1,2.2,0.7
2022-02-21,31.3,27.7,24.7,24.9,24.2,23.3,97,82,62,1011.5,1009.4,1007.0,18.7,10.0,2.3,1.2
2022-02-22,32.1,28.3,25.6,25.2,24.5,23.4,97,81,60,1011.8,1009.2,1007.1,20.1,11.9,2.3,0.4
2022-02-23,32.6,28.6,26.2,25.3,24.3,22.5,92,79,55,1012.0,1009.9,1008.2,19.3,13.7,7.9,0.6
2022-02-24,32.3,28.7,25.7,25.2,24.4,23.5,94,79,60,1011.6,1009.3,1007.3,18.4,13.0,6.9,0.4
2022-02-25,32.0,28.5,25.5,25.4,24.6,23.8,95,80,62,1010.8,1008.6,1006.9,18.6,11.3,4.1,0.2
2022-02-26,31.9,28.4,25.7,25.9,24.8,23.2,98,82,60,1009.9,1007.9,1006.0,19.4,12.4,1.8,0.1
2022-02-27,31.9,28.5,25.9,25.5,24.3,23.3,92,79,61,1010.8,1008.8,1006.6,19.8,13.7,7.2,1.4
2022-02-28,32.4,28.8,26.1,24.7,24.0,22.8,91,76,57,1010.3,1008.6,1007.1,21.4,14.0,5.8,0.3
2022-03-01,32.5,29.1,26.5,25.2,24.1,22.8,91,76,58,1010.0,1008.2,1005.8,20.4,14.8,7.2,0.1
2022-03-02,32.5,28.8,26.2,25.3,23.9,21.9,86,76,55,1010.5,1008.3,1006.0,22.4,15.6,9.7,0.6
2022-03-03,31.0,28.1,26.1,25.2,24.6,24.1,90,82,68,1010.3,1008.5,1006.0,22.5,14.5,3.4,3.9
2022-03-04,30.4,27.4,24.9,25.0,24.4,23.4,93,84,71,1010.5,1008.1,1005.3,17.6,12.9,4.7,15.2
2022-03-05,30.8,27.3,24.2,24.9,24.4,23.4,96,84,69,1010.3,1007.7,1004.2,17.7,10.8,4.8,0.2
2022-03-06,29.5,27.8,26.6,24.9,24.5,23.4,89,83,71,1009.8,1007.5,1005.2,17.1,12.1,8.9,2.5
2022-03-07,31.2,28.5,26.7,25.2,24.6,24.2,90,80,67,1009.2,1007.0,1004.6,16.6,11.7,5.2,0.3
2022-03-08,31.7,28.8,26.7,25.3,24.6,23.6,90,79,63,1008.6,1006.2,1003.9,18.2,12.9,5.2,0.1
2022-03-09,31.7,29.0,26.9,25.6,25.2,24.6,92,81,66,1008.0,1005.8,1003.2,20.6,15.8,9.7,1.1
2022-03-10,32.0,28.5,27.0,25.8,24.8,23.7,90,81,64,1008.6,1006.7,1004.8,25.6,15.3,9.2,2.2
2022-03-11,31.3,28.1,25.3,25.1,24.2,23.5,93,80,64,1010.4,1007.4,1005.5,19.3,10.5,2.6,3.9
2022-03-12,29.8,27.1,24.1,25.1,24.0,22.9,94,84,70,1010.3,1008.1,1006.2,13.8,9.7,4.6,8.9
2022-03-13,29.6,27.0,25.0,25.1,24.5,24.0,94,87,77,1009.5,1007.7,1006.0,13.8,7.3,1.6,7.0
2022-03-14,30.7,27.6,25.0,25.1,24.4,23.2,94,83,68,1009.8,1007.6,1005.0,18.8,10.4,4.9,1.1
2022-03-15,30.9,27.9,25.8,25.1,24.5,23.2,92,82,64,1011.2,1008.9,1007.1,18.8,13.6,7.8,5.1
2022-03-16,30.9,28.1,26.0,25.0,24.4,23.8,89,81,70,1011.0,1008.8,1005.8,17.7,12.4,5.8,1.9
2022-03-17,31.3,28.4,25.9,25.3,24.7,24.2,93,81,66,1009.5,1007.7,1005.8,18.1,11.1,3.4,0.8
2022-03-18,31.7,28.8,26.6,25.2,24.7,23.9,90,79,63,1009.3,1007.4,1005.5,18.6,13.1,6.4,2.3
2022-03-19,31.8,28.9,26.9,25.3,24.7,24.2,90,78,64,1010.9,1008.1,1006.2,21.7,14.9,8.6,2.2
2022-03-20,31.9,28.9,26.7,25.4,24.5,23.3,91,78,61,1010.8,1008.8,1007.0,22.6,17.4,13.2,1.4
2022-03-21,31.6,29.0,27.0,24.8,24.4,23.8,87,77,64,1010.8,1008.5,1006.1,21.6,16.6,12.8,1.2
2022-03-22,31.4,28.3,25.2,25.2,24.0,23.3,94,78,63,1010.1,1008.3,1006.6,19.6,14.4,8.5,3.1
2022-03-23,31.7,29.2,27.4,24.6,24.2,23.6,85,75,63,1010.5,1008.4,1006.4,20.5,15.8,11.8,1.1
2022-03-24,31.0,28.3,25.4,25.2,24.4,22.9,89,80,66,1009.9,1008.1,1005.2,17.5,11.8,4.7,2.7
2022-03-25,31.4,28.2,25.9,25.1,24.7,23.9,93,82,65,1008.8,1007.3,1005.6,15.2,10.6,4.3,0.7
2022-03-26,31.5,28.7,26.4,25.3,24.9,24.2,93,81,65,1009.2,1007.5,1005.8,17.4,11.1,3.8,1.3
2022-03-27,32.2,28.9,26.8,25.5,25.0,23.7,92,80,61,1010.9,1008.7,1007.0,19.3,13.2,7.2,1.6
2022-03-28,31.4,28.6,27.1,26.2,25.2,24.3,94,83,69,1011.5,1009.0,1007.1,20.5,15.5,9.1,1.3
2022-03-29,31.5,28.8,26.9,25.2,24.5,23.1,89,78,61,1010.2,1007.8,1005.5,18.4,13.8,7.2,1.9
2022-03-30,30.9,28.3,26.5,25.2,24.8,24.2,92,82,69,1008.2,1006.1,1003.9,18.2,10.6,4.0,0.2
2022-03-31,32.4,29.3,27.0,25.4,24.7,24.0,90,77,61,1009.6,1006.5,1004.3,19.6,14.4,8.8,0.3
2022-04-01,31.0,28.3,27.1,25.1,24.6,23.8,88,80,68,1011.6,1008.3,1006.1,21.7,15.9,8.8,5.6
2022-04-02,30.6,28.1,26.2,25.1,24.2,23.5,93,80,66,1011.5,1008.9,1006.8,20.1,14.7,2.6,3.3
2022-04-03,32.1,29.1,27.1,24.6,23.8,22.6,85,74,57,1010.6,1008.4,1006.6,20.2,15.3,9.9,0.2
2022-04-04,31.8,28.5,27.0,24.5,24.0,23.4,85,77,62,1010.7,1008.9,1007.4,20.4,13.9,10.0,0.5
2022-04-05,31.7,28.7,26.8,25.0,24.4,22.9,89,78,60,1011.3,1009.1,1006.9,17.6,13.1,8.7,4.5
2022-04-06,29.9,28.1,26.8,25.3,24.8,24.1,88,82,72,1011.0,1008.6,1006.5,19.4,11.0,6.0,0.2
2022-04-07,31.4,28.3,26.7,24.7,24.3,23.7,89,79,64,1011.4,1008.7,1006.4,21.1,13.5,7.0,1.0
2022-04-08,31.0,28.5,27.0,24.6,24.2,23.6,87,78,67,1010.8,1008.8,1006.6,23.8,16.3,10.0,0.8
2022-04-09,30.7,27.5,25.9,24.9,23.4,21.1,94,79,64,1009.8,1008.5,1007.0,15.5,9.0,4.9,0.6
2022-04-10,30.8,27.7,25.0,24.8,24.0,23.5,97,81,67,1009.7,1007.4,1005.3,14.2,7.5,0.5,0.1
2022-04-11,32.2,28.9,26.2,24.7,23.8,22.8,90,75,58,1009.5,1007.3,1005.5,19.1,11.1,5.1,0.1
2022-04-12,29.6,27.4,26.2,24.3,23.8,23.2,86,81,72,1010.8,1007.7,1006.0,14.0,9.6,3.4,6.5
2022-04-13,29.5,27.1,24.7,24.2,23.5,23.0,95,81,68,1010.1,1007.6,1005.4,15.7,8.9,0.7,4.7
2022-04-14,31.7,28.2,25.6,24.2,23.6,22.7,91,77,61,1010.4,1008.0,1005.8,20.0,10.9,2.3,0.3
2022-04-15,30.4,27.8,25.6,24.6,23.9,23.1,93,80,68,1011.0,1008.9,1006.9,15.6,8.2,2.6,1.7
2022-04-16,32.3,27.2,23.8,24.9,23.7,22.0,98,82,55,1011.7,1009.1,1006.1,17.0,7.5,1.1,11.9
2022-04-17,30.7,27.7,24.7,25.7,24.6,23.6,96,83,72,1010.2,1008.1,1005.1,18.0,10.9,5.2,14.6
2022-04-18,28.9,26.3,24.3,24.7,23.8,22.9,96,86,73,1011.2,1009.2,1007.2,11.3,7.6,3.8,2.2
2022-04-19,30.2,28.1,26.7,24.6,24.2,23.7,87,80,70,1011.7,1010.0,1007.7,14.0,8.6,1.9,0.6
2022-04-20,31.3,28.1,25.5,25.4,24.5,23.7,96,82,64,1011.0,1009.2,1006.8,17.9,8.9,1.5,0.8
2022-04-21,30.4,27.9,26.5,25.7,24.4,23.0,91,82,65,1010.9,1009.0,1006.6,15.2,9.3,3.7,4.7
2022-04-22,31.0,28.1,25.6,24.7,23.8,23.0,91,78,62,1010.6,1008.4,1006.3,16.1,10.0,5.1,0.0
2022-04-23,31.8,28.5,26.2,24.5,23.8,23.2,89,77,63,1010.7,1008.1,1005.3,21.4,12.1,4.5,0.0
2022-04-24,30.3,27.5,25.2,25.1,24.2,23.4,92,83,69,1010.0,1008.2,1006.4,20.0,10.6,1.8,0.4
2022-04-25,30.3,28.0,25.2,24.5,23.6,22.9,91,78,69,1011.1,1008.0,1006.2,17.9,11.3,4.8,0.1
2022-04-26,29.9,27.4,24.9,25.3,24.2,23.3,92,83,72,1010.4,1008.2,1005.8,23.3,12.3,3.4,4.4
2022-04-27,29.6,26.9,24.8,24.9,24.0,23.2,93,85,72,1011.9,1008.8,1006.6,20.9,13.0,5.6,31.3
2022-04-28,29.4,26.5,24.4,24.9,23.8,22.6,95,86,67,1011.6,1009.2,1007.0,12.0,7.6,3.6,2.3
2022-04-29,31.0,27.5,25.1,24.5,24.0,23.4,92,82,67,1012.0,1009.4,1007.8,17.3,8.7,4.4,1.5
2022-04-30,30.8,27.3,24.8,24.6,24.0,23.2,94,82,68,1012.9,1010.8,1009.0,16.5,7.2,0.7,3.1
2022-05-01,31.0,28.2,26.5,24.8,24.4,23.7,88,80,67,1013.6,1011.2,1009.3,17.4,11.0,6.4,0.6
2022-05-02,30.7,28.2,26.5,24.8,24.1,23.4,90,79,66,1011.9,1010.5,1009.2,21.2,13.7,3.9,2.4
2022-05-03,31.1,27.8,24.7,24.8,23.9,23.3,96,80,63,1011.7,1009.4,1007.0,17.9,9.9,1.4,0.0
2022-05-04,32.2,27.5,25.8,24.4,23.6,22.1,89,80,55,1012.8,1010.2,1007.7,20.4,8.1,2.6,5.8
2022-05-05,31.4,27.9,24.5,24.5,23.5,22.8,95,78,61,1012.5,1010.4,1008.4,17.3,9.2,1.8,0.0
2022-05-06,28.1,27.1,25.0,25.3,24.1,22.7,93,84,80,1012.5,1010.1,1007.5,11.9,6.4,1.8,8.9
2022-05-07,30.2,27.1,24.1,24.6,23.8,23.0,94,83,67,1011.6,1010.0,1007.6,14.0,8.0,2.9,0.4
2022-05-08,31.1,27.8,25.2,25.3,24.4,24.1,95,82,67,1010.7,1008.8,1006.2,19.7,9.5,0.8,0.5
2022-05-09,30.3,28.0,26.8,25.1,24.6,23.8,89,82,74,1011.6,1009.6,1007.2,20.2,12.3,8.2,10.0
2022-05-10,29.9,27.6,25.6,25.5,24.8,24.5,95,85,77,1011.9,1009.8,1007.4,15.2,7.6,2.6,1.3
2022-05-11,30.6,28.1,26.0,25.4,24.6,24.2,91,82,71,1012.4,1010.1,1007.9,16.1,10.0,5.1,2.6
2022-05-12,30.1,27.9,26.2,25.1,24.8,24.3,92,83,71,1012.2,1010.5,1008.5,14.5,9.2,5.8,0.7
2022-05-13,31.5,28.0,25.6,25.3,24.5,24.1,92,82,65,1012.1,1010.6,1008.0,13.4,9.1,4.8,0.9
2022-05-14,31.0,28.5,26.6,25.5,24.0,22.2,90,77,62,1011.9,1010.4,1008.5,16.5,10.4,3.6,0.2
2022-05-15,30.7,27.8,25.4,24.5,24.1,23.6,91,80,67,1012.8,1010.8,1009.2,18.2,9.9,2.4,1.1
2022-05-16,31.5,28.5,25.6,24.7,24.1,23.3,92,78,62,1012.7,1011.0,1009.1,15.6,10.2,3.6,2.3
2022-05-17,31.9,28.0,26.2,25.1,24.5,23.4,91,82,63,1012.7,1010.4,1007.9,13.0,9.0,6.8,0.5
2022-05-18,30.8,28.1,26.4,24.5,23.8,22.9,87,78,66,1011.3,1009.3,1007.5,21.1,12.5,8.7,1.1
2022-05-19,29.2,26.9,25.4,24.8,23.9,23.3,91,84,75,1012.1,1010.2,1008.8,18.3,10.8,3.7,13.7
2022-05-20,29.8,27.3,25.1,25.5,24.2,23.6,94,83,73,1013.1,1011.1,1009.4,18.7,9.3,4.0,1.0
2022-05-21,27.5,26.0,24.4,24.4,23.8,23.3,95,88,82,1014.7,1012.3,1010.5,12.7,7.8,0.7,25.6
2022-05-22,29.5,26.0,24.7,24.6,23.8,23.0,95,88,70,1014.4,1012.6,1010.6,14.2,8.3,2.5,16.3
2022-05-23,30.0,26.3,24.1,23.9,23.5,23.1,96,85,67,1014.1,1011.6,1009.7,20.0,8.0,3.9,3.9
2022-05-24,28.8,26.7,24.2,24.0,22.9,21.8,93,80,67,1014.3,1012.1,1010.3,14.6,9.7,4.6,0.1
2022-05-25,28.9,26.6,24.5,23.7,23.3,22.9,92,82,72,1016.1,1013.8,1012.0,17.3,9.1,5.3,2.1
2022-05-26,28.5,26.0,24.2,24.7,23.3,22.2,92,85,75,1016.2,1014.5,1012.9,16.5,9.4,3.9,8.9
2022-05-27,28.8,26.0,23.6,23.9,23.5,22.9,98,87,72,1015.8,1013.6,1011.5,17.6,7.9,1.5,2.4
2022-05-28,29.8,27.0,24.5,24.5,23.9,23.2,94,83,70,1013.5,1011.6,1009.4,16.5,8.8,2.4,2.1
2022-05-29,30.0,27.6,25.8,24.2,23.7,23.2,90,80,68,1012.6,1010.7,1008.7,18.0,11.7,6.4,1.3
2022-05-30,29.6,27.1,25.0,24.0,23.6,23.4,92,82,70,1012.0,1010.5,1008.5,18.1,11.1,2.9,2.3
2022-05-31,28.7,26.9,25.4,24.0,23.6,22.9,91,82,72,1012.5,1010.6,1008.0,17.0,10.4,3.0,1.4
2022-06-01,30.1,27.2,24.9,24.1,23.9,23.3,95,83,70,1011.7,1009.6,1007.3,13.3,8.1,1.8,0.2
2022-06-02,30.8,27.8,25.1,24.5,24.0,23.4,93,80,65,1009.9,1008.1,1006.5,19.6,10.9,4.0,1.1
2022-06-03,28.3,26.3,24.6,24.4,23.9,23.1,93,87,77,1010.7,1008.8,1007.0,18.4,9.4,3.1,7.3
2022-06-04,29.3,26.4,24.5,24.0,23.4,22.4,94,84,68,1012.0,1010.0,1008.4,17.7,9.0,1.6,25.6
2022-06-05,28.3,25.5,23.8,24.1,23.3,22.7,95,88,73,1012.9,1010.6,1008.3,22.4,11.5,2.6,17.4
2022-06-06,28.7,25.8,23.4,24.5,23.5,22.8,97,88,77,1013.3,1011.4,1009.9,12.4,6.7,2.4,8.1
2022-06-07,30.5,26.6,23.6,24.5,23.6,22.4,93,84,67,1013.6,1011.4,1008.8,13.4,7.5,0.8,3.6
2022-06-08,29.7,26.7,24.6,24.8,23.9,23.3,92,85,71,1013.0,1011.1,1009.4,16.8,10.4,3.2,4.6
2022-06-09,29.6,27.2,25.8,24.8,23.8,23.4,88,82,72,1012.1,1009.8,1007.7,19.7,13.6,8.7,2.4
2022-06-10,28.7,26.4,24.4,23.9,23.6,23.0,94,85,75,1012.3,1010.3,1007.7,17.9,10.7,3.3,6.0
2022-06-11,26.4,24.8,22.9,23.6,23.0,22.1,98,90,81,1013.7,1011.8,1010.3,14.8,6.9,1.9,8.7
2022-06-12,29.4,26.3,23.7,23.7,23.2,22.6,97,84,68,1013.6,1012.1,1010.5,12.6,7.1,3.7,1.5
2022-06-13,29.8,26.7,24.2,24.3,23.3,22.7,91,82,69,1012.7,1011.1,1008.2,17.8,10.2,3.2,3.5
2022-06-14,28.7,25.8,23.4,24.4,23.4,22.7,96,87,76,1012.9,1010.3,1008.0,18.4,9.9,2.7,19.9
2022-06-15,27.5,25.2,23.7,24.0,23.1,22.6,96,88,80,1012.3,1010.8,1009.3,16.3,9.5,0.8,31.9
2022-06-16,25.4,24.0,22.7,23.2,22.6,21.8,96,92,86,1013.2,1011.3,1009.9,17.7,8.4,4.7,44.8
2022-06-17,27.1,24.7,23.2,23.2,22.8,22.3,97,89,79,1013.6,1011.6,1009.9,12.8,7.2,1.3,5.5
2022-06-18,26.6,24.6,23.4,23.5,22.5,21.7,94,88,81,1014.1,1012.5,1010.7,12.2,7.8,3.8,4.9
2022-06-19,28.0,25.1,22.5,23.1,22.5,21.9,97,86,71,1014.2,1012.5,1010.9,10.9,6.8,3.1,0.7
2022-06-20,28.6,26.3,23.7,23.5,23.1,22.7,96,83,72,1014.3,1012.2,1009.9,15.9,9.1,1.8,5.1
2022-06-21,27.9,25.5,23.8,23.7,22.7,22.1,93,85,74,1013.1,1012.0,1010.6,21.0,9.4,2.9,7.1
2022-06-22,26.4,24.6,22.7,23.0,22.5,22.0,96,88,79,1013.3,1011.8,1010.1,16.9,8.9,0.4,2.4
2022-06-23,28.5,25.9,23.2,24.0,23.1,22.3,95,85,77,1013.3,1011.4,1009.5,14.1,7.6,0.4,2.2
2022-06-24,27.0,25.5,24.6,23.5,22.7,22.2,91,85,77,1013.1,1011.1,1009.1,13.5,8.1,3.6,4.6
2022-06-25,28.3,25.7,23.2,23.5,22.4,21.5,93,83,69,1013.3,1011.1,1009.8,15.8,7.9,2.0,0.2
2022-06-26,27.1,25.3,23.8,23.7,23.0,22.4,95,88,82,1013.8,1011.9,1010.6,12.8,7.7,3.2,11.6
2022-06-27,28.4,25.6,23.5,23.9,23.3,22.6,96,87,74,1013.7,1012.0,1010.5,14.2,6.2,2.5,3.4
2022-06-28,28.1,26.0,24.0,24.2,23.5,22.8,93,86,76,1013.9,1012.0,1010.5,13.5,8.4,2.4,5.7
2022-06-29,27.9,25.6,24.3,24.1,23.3,22.7,92,87,78,1014.6,1012.2,1010.0,18.9,10.7,3.9,6.6
2022-06-30,26.2,24.9,23.4,23.4,22.7,21.9,94,88,81,1013.8,1011.7,1010.1,21.8,12.5,3.4,28.5
2022-07-01,27.6,25.1,23.5,23.3,22.6,22.0,95,86,75,1014.0,1012.0,1010.1,17.8,9.9,3.6,10.1
2022-07-02,27.7,25.5,23.7,23.6,22.2,21.3,92,83,69,1015.3,1013.7,1012.1,15.6,8.5,0.8,0.4
2022-07-03,28.9,25.7,22.9,23.4,22.2,21.2,92,82,69,1015.4,1013.7,1011.4,20.5,11.7,4.8,1.0
2022-07-04,28.1,25.7,24.3,24.1,23.0,22.4,90,85,78,1014.6,1013.1,1010.9,24.4,14.0,8.1,7.7
2022-07-05,26.8,24.8,22.9,23.5,22.6,21.9,94,88,81,1014.9,1013.3,1011.9,17.1,11.2,5.2,21.8
2022-07-06,28.1,25.4,22.8,24.3,23.3,22.4,97,88,77,1014.5,1012.9,1010.9,14.5,7.9,2.9,5.2
2022-07-07,28.5,25.9,23.9,24.6,23.4,22.8,93,86,77,1014.5,1012.8,1011.0,17.8,11.2,6.5,1.5
2022-07-08,25.6,24.6,23.3,23.5,22.8,21.8,94,90,84,1015.4,1013.6,1011.9,17.4,10.0,0.5,27.5
2022-07-09,26.5,24.5,23.6,23.3,22.8,22.2,93,90,82,1015.5,1013.9,1012.4,16.8,12.3,7.6,9.9
2022-07-10,28.0,25.4,23.4,23.3,22.7,22.3,95,86,75,1014.8,1012.4,1009.9,19.9,13.2,5.5,2.8
2022-07-11,26.6,25.2,24.1,23.1,22.3,21.7,89,84,77,1012.9,1011.5,1009.7,19.9,13.8,6.8,4.0
2022-07-12,25.8,24.8,24.2,23.3,22.6,22.2,90,88,83,1014.9,1013.2,1011.6,14.8,11.3,7.3,5.7
2022-07-13,27.0,25.2,23.7,23.2,22.5,22.2,91,85,77,1015.5,1013.4,1011.4,21.8,12.6,5.3,0.6
2022-07-14,28.0,25.6,23.9,23.1,22.5,22.3,91,83,73,1013.6,1012.0,1009.5,20.6,13.8,7.6,1.5
2022-07-15,27.9,25.8,24.2,23.4,22.7,22.1,91,83,75,1013.2,1011.2,1009.1,19.3,14.9,10.8,2.1
2022-07-16,27.2,25.5,24.3,23.1,22.4,21.9,89,83,74,1013.6,1011.7,1010.5,21.4,14.8,10.0,3.3
2022-07-17,27.4,25.5,23.9,22.6,22.2,21.8,91,82,72,1014.7,1013.0,1011.5,18.7,14.4,10.0,2.2
2022-07-18,27.5,25.0,22.8,22.3,22.1,21.8,94,84,72,1014.6,1013.2,1011.9,21.9,13.4,6.9,1.9
2022-07-19,27.6,25.2,23.4,22.2,21.6,21.1,92,81,68,1014.0,1012.6,1011.0,20.2,14.3,8.9,0.4
2022-07-20,27.4,25.2,23.6,21.5,21.1,20.8,87,79,68,1013.8,1011.8,1010.3,19.8,14.8,10.3,2.2
2022-07-21,27.4,25.3,23.2,21.8,21.3,21.0,89,79,71,1013.5,1011.8,1010.0,20.4,14.9,7.0,2.3
2022-07-22,27.9,25.6,23.8,22.3,21.8,21.2,88,80,70,1013.3,1011.4,1009.7,18.6,12.5,6.9,1.3
2022-07-23,27.7,25.4,23.7,22.8,22.2,21.7,90,83,72,1013.4,1011.8,1010.6,18.4,11.9,4.7,1.7
2022-07-24,27.6,25.3,23.6,22.7,22.3,21.6,93,84,70,1014.0,1012.2,1010.2,17.3,9.9,4.0,1.8
2022-07-25,27.8,25.3,24.0,23.4,22.5,22.0,92,84,73,1013.8,1012.1,1010.4,19.9,13.6,7.4,2.5
2022-07-26,26.5,24.8,23.1,23.1,22.5,21.7,92,87,76,1013.6,1011.7,1009.6,21.1,13.4,9.0,17.5
2022-07-27,27.2,25.5,24.3,23.3,22.9,22.5,92,86,77,1012.9,1011.3,1009.6,22.9,15.9,11.0,2.2
2022-07-28,27.5,25.5,24.3,23.4,22.7,21.9,92,84,74,1013.7,1011.7,1010.4,25.0,17.1,12.7,1.6
2022-07-29,27.5,25.3,24.2,22.6,22.1,21.3,89,83,71,1014.6,1012.9,1011.0,25.4,16.0,8.7,1.0
2022-07-30,28.1,25.4,23.6,22.6,22.0,21.6,92,82,68,1014.9,1013.2,1011.3,22.3,14.7,6.8,0.5
2022-07-31,27.3,25.3,24.1,22.4,21.7,21.1,88,81,72,1014.4,1012.7,1010.7,27.5,19.7,11.9,1.6
2022-08-01,26.6,24.6,23.5,22.5,21.6,20.8,90,83,73,1014.9,1013.0,1011.6,24.6,18.8,10.1,4.4
2022-08-02,26.4,24.1,22.2,21.6,20.9,20.6,92,83,72,1015.0,1013.3,1011.7,18.1,11.2,5.3,0.7
2022-08-03,27.3,24.6,22.4,21.8,21.4,20.8,94,83,69,1014.0,1012.1,1010.1,19.4,13.4,7.1,1.2
2022-08-04,27.4,24.7,22.9,21.6,21.2,20.8,92,82,68,1013.5,1012.0,1011.0,21.7,14.5,7.8,0.4
2022-08-05,27.8,24.7,22.6,21.6,21.2,20.8,92,82,67,1014.2,1012.8,1011.4,17.9,12.0,6.4,0.6
2022-08-06,27.7,24.6,22.1,21.9,21.4,21.0,94,83,69,1014.6,1012.7,1010.8,18.0,11.9,5.0,0.4
2022-08-07,28.0,24.9,22.8,22.4,21.6,20.8,96,83,66,1013.1,1011.4,1009.6,20.0,13.1,7.6,0.8
2022-08-08,28.1,25.3,23.6,21.7,21.2,20.4,89,79,64,1013.9,1011.6,1009.8,22.4,16.3,10.5,0.6
2022-08-09,28.0,25.4,23.8,22.3,21.7,21.2,91,81,66,1013.9,1012.0,1010.7,20.0,14.1,6.9,1.2
2022-08-10,28.7,25.4,23.6,22.2,21.7,20.8,91,80,64,1013.8,1012.1,1010.1,21.0,15.4,8.4,0.4
2022-08-11,29.5,25.6,23.6,22.9,21.9,20.5,94,81,60,1013.9,1011.9,1009.9,23.2,15.6,5.5,7.1
2022-08-12,28.2,25.0,23.5,22.7,22.1,21.5,94,84,67,1014.2,1012.0,1010.5,21.4,13.2,4.8,1.2
2022-08-13,28.1,25.3,23.6,22.6,22.1,21.6,92,83,69,1014.0,1012.3,1010.4,26.3,18.4,12.3,0.8
2022-08-14,26.8,24.7,24.0,22.4,22.0,21.8,91,85,76,1013.9,1010.8,1008.4,28.4,22.3,15.8,1.9
2022-08-15,26.3,24.6,23.8,22.4,22.0,21.5,90,85,78,1012.6,1010.6,1009.0,29.3,22.4,14.5,5.7
2022-08-16,25.8,24.2,23.1,22.4,21.8,21.3,92,86,76,1013.7,1012.2,1010.4,20.3,14.3,7.0,3.3
2022-08-17,27.2,24.2,22.3,22.1,21.7,21.0,96,86,70,1014.0,1012.2,1010.0,16.0,8.5,2.6,0.5
2022-08-18,27.1,24.7,22.8,23.0,22.2,21.6,95,87,73,1013.9,1011.6,1009.7,19.1,13.5,7.3,1.0
2022-08-19,26.3,24.6,23.7,23.0,22.1,21.4,93,86,76,1014.4,1011.8,1010.1,22.4,15.5,7.9,11.4
2022-08-20,26.6,24.5,23.2,22.0,21.7,21.3,92,84,73,1015.2,1013.4,1012.2,21.4,15.0,7.9,3.0
2022-08-21,27.6,24.5,21.8,22.9,21.8,21.0,95,85,70,1014.8,1012.4,1009.6,18.0,10.0,3.1,0.6
2022-08-22,26.4,24.7,23.2,22.4,22.2,21.9,94,86,76,1012.9,1010.4,1007.9,25.5,18.2,10.7,2.3
2022-08-23,25.8,24.6,24.1,22.9,22.0,21.7,91,86,79,1013.6,1011.1,1008.5,25.0,19.6,13.2,14.0
2022-08-24,26.7,24.6,23.1,22.3,21.9,21.5,93,85,74,1016.0,1013.8,1011.4,15.9,11.2,7.1,1.6
2022-08-25,27.4,24.6,22.5,23.3,22.0,21.5,95,86,75,1015.4,1013.0,1010.7,17.1,10.3,3.4,1.4
2022-08-26,26.1,24.3,23.4,22.9,22.2,21.6,93,88,77,1013.8,1011.3,1008.6,20.1,14.5,8.4,10.4
2022-08-27,26.7,24.5,23.4,22.5,21.9,21.5,90,85,77,1013.3,1010.3,1008.6,28.6,20.2,15.0,5.1
2022-08-28,27.0,24.8,23.1,22.5,21.8,21.2,92,84,73,1014.1,1011.8,1010.1,18.0,12.2,6.4,2.3
2022-08-29,27.7,24.8,22.5,22.6,22.0,21.3,93,85,71,1014.4,1012.0,1008.6,17.4,10.2,4.7,2.3
2022-08-30,26.0,24.6,23.8,22.9,22.5,22.1,93,89,81,1012.8,1010.7,1008.2,20.4,14.9,8.5,11.6
2022-08-31,27.0,25.0,23.7,23.2,22.6,22.2,91,86,79,1013.6,1011.3,1009.5,22.4,17.0,12.7,4.7
2022-09-01,27.0,25.1,23.7,23.1,22.5,22.0,92,86,78,1014.2,1012.4,1011.0,17.6,12.1,8.9,1.4
2022-09-02,27.8,25.3,23.7,23.4,22.6,21.9,93,86,73,1015.4,1013.5,1011.9,15.0,9.7,3.1,2.2
2022-09-03,27.5,25.2,23.7,23.6,23.0,22.3,94,87,77,1015.5,1013.4,1011.4,18.6,11.8,4.7,1.1
2022-09-04,27.2,25.1,23.7,23.1,22.4,21.7,90,85,76,1015.8,1013.7,1011.7,20.6,13.7,7.0,7.4
2022-09-05,27.7,25.5,23.9,23.0,22.4,22.1,91,83,74,1015.9,1013.7,1011.6,18.4,12.2,5.5,2.4
2022-09-06,27.6,25.4,23.6,22.9,22.3,22.0,92,83,75,1015.2,1013.1,1010.4,18.2,11.2,6.0,0.6
2022-09-07,28.3,25.7,23.9,23.3,22.5,21.9,92,83,73,1014.2,1011.9,1009.8,18.6,12.3,6.5,1.4
2022-09-08,26.9,25.3,24.0,23.1,22.5,22.2,91,84,77,1013.6,1011.3,1009.4,20.2,13.0,4.6,3.0
2022-09-09,27.6,25.6,24.1,23.4,22.6,22.1,91,84,74,1013.8,1012.0,1010.2,20.1,14.7,10.8,1.8
2022-09-10,28.4,25.8,24.4,23.0,22.5,22.0,89,82,70,1015.0,1013.2,1011.3,19.4,14.6,10.2,1.1
2022-09-11,27.9,25.5,24.4,23.4,22.9,22.4,91,86,76,1014.7,1012.5,1009.5,21.3,13.8,10.6,3.8
2022-09-12,25.5,24.4,23.2,23.4,22.5,22.1,94,89,84,1013.7,1011.7,1009.9,18.4,11.2,3.3,12.6
2022-09-13,27.0,25.0,23.7,22.9,22.5,22.3,93,86,77,1013.2,1011.5,1009.9,14.8,9.7,5.1,1.8
2022-09-14,27.7,25.3,23.1,23.4,22.5,22.1,94,85,73,1013.0,1010.8,1009.0,16.6,9.8,2.7,1.2
2022-09-15,27.5,25.6,24.4,23.7,22.9,22.4,91,85,77,1014.3,1011.8,1010.0,20.4,13.5,8.6,5.6
2022-09-16,27.6,25.5,23.7,22.8,22.5,22.0,92,84,74,1014.2,1012.4,1010.6,19.8,12.2,5.1,3.9
2022-09-17,27.8,25.4,23.5,23.6,22.7,22.3,94,85,75,1013.3,1011.1,1008.8,18.3,10.8,3.6,1.5
2022-09-18,27.4,25.4,23.7,23.3,22.5,22.1,92,84,77,1013.1,1010.8,1008.8,19.4,14.2,7.2,4.6
2022-09-19,26.1,24.6,22.9,22.9,22.5,22.1,96,88,79,1012.9,1010.8,1008.8,28.3,16.8,8.2,27.6
2022-09-20,27.5,25.4,23.9,22.8,22.4,22.1,90,84,75,1013.0,1011.2,1009.5,17.8,11.5,4.6,2.3
2022-09-21,27.3,25.2,23.5,23.9,23.0,22.6,95,88,79,1013.7,1011.3,1009.3,10.4,7.0,3.5,10.5
2022-09-22,27.8,25.2,22.7,23.7,22.9,21.9,96,87,76,1013.4,1010.9,1008.2,14.9,8.0,2.5,6.4
2022-09-23,28.3,25.7,23.4,24.3,23.1,22.0,92,86,76,1012.7,1011.0,1008.8,15.4,8.9,1.5,0.4
2022-09-24,28.4,25.7,23.3,24.2,23.3,22.2,94,87,76,1012.9,1010.9,1008.1,15.6,8.3,1.8,7.7
2022-09-25,28.0,25.7,24.0,24.1,23.3,22.9,95,87,78,1012.5,1010.2,1007.8,18.0,11.7,7.7,5.5
2022-09-26,26.4,25.0,23.8,23.4,22.8,22.4,94,88,82,1013.4,1011.0,1009.3,18.9,12.0,6.3,14.1
2022-09-27,27.4,25.1,23.5,22.9,22.7,22.4,94,87,77,1013.9,1011.8,1010.2,15.8,10.5,3.9,7.4
2022-09-28,26.2,24.6,23.4,23.5,22.9,22.3,94,90,83,1013.8,1012.1,1010.3,17.4,9.8,3.6,12.9
2022-09-29,27.3,24.9,22.8,23.7,22.7,22.0,96,88,76,1013.6,1011.3,1009.0,14.9,7.2,3.3,1.7
2022-09-30,27.3,25.0,23.2,23.6,22.7,22.2,95,87,79,1012.5,1010.5,1008.4,16.6,9.5,4.4,6.7
2022-10-01,27.9,25.5,23.6,23.4,22.8,22.4,94,85,76,1014.6,1012.0,1010.1,16.0,10.6,5.8,1.9
2022-10-02,28.3,25.1,23.2,23.9,22.9,22.4,96,88,72,1015.7,1013.1,1010.5,19.1,7.7,1.0,1.0
2022-10-03,28.6,25.4,22.5,23.5,22.8,21.9,96,86,71,1013.6,1011.6,1009.0,17.7,10.0,3.9,0.0
2022-10-04,28.2,26.0,24.5,24.3,23.4,22.9,93,86,77,1012.0,1010.2,1008.6,18.7,11.3,5.1,1.5
2022-10-05,28.5,25.8,23.7,24.0,23.2,22.8,95,86,73,1012.5,1010.5,1008.5,18.2,10.1,4.4,0.6
2022-10-06,27.4,25.5,23.9,24.1,23.1,22.7,94,87,80,1012.8,1010.9,1009.1,19.5,10.8,5.6,6.7
2022-10-07,26.3,24.9,23.6,23.1,22.8,22.3,94,88,82,1013.2,1011.5,1009.5,14.0,8.5,3.4,4.7
2022-10-08,28.6,25.4,23.2,23.6,22.9,21.9,96,86,67,1012.9,1011.0,1008.5,16.4,7.9,1.8,0.3
2022-10-09,27.4,24.8,23.5,23.5,23.0,22.4,96,90,79,1013.8,1011.5,1009.3,12.0,6.8,1.5,28.4
2022-10-10,28.9,25.4,23.3,23.9,23.2,22.9,99,88,71,1014.2,1012.4,1010.7,13.0,7.2,1.0,7.8
2022-10-11,29.0,25.9,23.6,24.6,23.4,22.9,96,87,74,1013.6,1011.6,1009.4,14.7,7.9,3.1,1.3
2022-10-12,28.7,25.6,23.4,24.6,23.5,22.6,96,89,73,1012.7,1010.3,1007.9,11.2,7.0,3.2,5.3
2022-10-13,27.9,25.6,24.6,24.2,23.3,22.3,93,87,79,1013.1,1010.4,1008.4,14.2,7.1,0.7,17.6
2022-10-14,29.3,26.1,23.6,23.7,23.3,22.8,96,85,70,1012.9,1011.1,1009.7,14.8,7.5,1.6,1.5
2022-10-15,28.5,25.0,23.0,24.0,23.2,22.3,97,90,75,1012.7,1011.2,1009.4,10.1,6.5,1.3,16.5
2022-10-16,29.2,25.6,24.1,24.2,23.3,22.9,95,88,69,1012.6,1010.9,1008.8,13.9,7.9,2.3,0.8
2022-10-17,28.4,26.4,24.5,24.9,24.0,23.4,97,87,79,1013.3,1011.4,1009.7,12.1,7.1,1.3,1.3
2022-10-18,29.2,26.5,24.9,24.9,24.1,23.7,95,87,75,1013.3,1011.8,1010.1,13.5,7.8,4.2,6.8
2022-10-19,29.4,26.3,24.3,24.9,23.7,23.3,94,86,75,1013.2,1011.1,1009.3,18.8,10.6,5.4,2.0
2022-10-20,28.6,26.4,24.4,24.4,23.7,23.3,94,86,76,1012.1,1010.1,1008.2,13.0,9.4,5.4,1.1
2022-10-21,28.7,26.4,24.5,24.8,23.8,23.4,94,85,78,1012.7,1010.5,1008.4,13.7,8.3,0.0,0.7
2022-10-22,29.5,26.3,23.5,25.1,23.8,22.6,96,86,75,1013.1,1010.7,1008.7,11.9,7.1,0.8,1.0
2022-10-23,29.8,26.6,23.7,25.1,24.1,23.1,97,87,75,1013.5,1011.5,1009.4,15.3,7.7,3.3,3.8
2022-10-24,29.8,26.8,24.5,25.7,24.4,23.8,98,87,78,1012.7,1010.7,1008.6,14.5,7.1,1.1,4.9
2022-10-25,27.1,26.0,24.5,24.4,23.7,23.1,94,87,80,1012.6,1010.5,1008.4,12.7,7.1,3.3,8.6
2022-10-26,29.5,26.9,24.6,24.8,23.9,23.1,92,84,73,1011.7,1010.0,1007.6,13.1,7.5,3.8,0.2
2022-10-27,29.4,26.9,24.5,25.7,24.5,23.9,97,87,76,1012.2,1010.4,1008.3,12.6,7.2,2.2,1.1
2022-10-28,30.1,27.1,24.1,25.1,24.1,23.1,96,84,66,1011.9,1010.3,1008.1,14.7,8.9,1.8,2.4
2022-10-29,30.4,26.9,24.6,24.7,23.9,23.2,94,84,65,1011.7,1009.9,1008.1,14.0,8.5,2.9,0.3
2022-10-30,29.3,26.8,24.8,25.0,24.2,23.7,94,86,77,1011.0,1009.0,1007.2,13.7,7.3,1.8,1.2
2022-10-31,29.2,26.8,24.5,25.0,24.2,23.0,96,86,76,1011.5,1009.5,1007.8,10.8,6.4,2.2,0.8
2022-11-01,30.2,26.9,24.7,25.3,24.4,23.9,95,87,72,1012.5,1010.5,1009.2,16.6,9.3,1.4,5.0
2022-11-02,31.2,27.6,24.8,25.0,24.3,23.3,96,83,63,1012.1,1010.2,1007.9,18.6,11.6,2.8,0.8
2022-11-03,29.8,27.3,25.5,24.9,24.4,23.8,94,85,71,1012.2,1010.4,1008.2,15.8,11.1,5.1,1.0
2022-11-04,29.9,26.9,24.2,24.5,23.9,22.7,94,84,68,1012.5,1010.3,1008.2,14.8,7.9,2.2,2.9
2022-11-05,30.4,27.1,24.8,25.3,24.4,23.8,94,86,70,1012.2,1010.2,1008.1,15.5,9.1,3.6,0.3
2022-11-06,30.7,27.4,25.0,24.7,24.1,23.0,93,83,66,1013.3,1010.8,1008.5,15.6,9.4,2.2,3.3
2022-11-07,30.9,27.4,24.4,24.5,24.0,23.0,96,82,64,1012.9,1010.8,1008.4,15.3,9.4,0.8,1.1
2022-11-08,31.3,27.6,24.3,24.6,24.0,22.5,96,82,60,1012.5,1010.3,1008.3,17.2,10.0,0.4,0.7
2022-11-09,29.2,27.2,24.8,25.0,24.3,23.3,94,85,75,1012.8,1010.8,1008.5,16.8,10.0,2.7,2.0
2022-11-10,29.8,27.2,25.2,24.9,23.9,23.2,93,83,71,1012.1,1009.9,1007.9,19.6,12.3,6.3,0.7
2022-11-11,29.2,27.0,24.5,23.9,23.6,23.0,92,82,72,1012.6,1010.5,1007.8,17.2,10.6,6.8,4.0
2022-11-12,30.2,26.8,24.8,25.0,23.7,23.0,92,83,73,1012.9,1011.0,1008.8,15.5,8.2,1.3,2.0
2022-11-13,29.5,27.1,25.1,24.3,23.7,23.0,92,82,72,1012.9,1011.3,1009.4,14.9,9.1,1.4,1.3
2022-11-14,30.0,27.0,24.2,24.4,23.9,23.1,95,84,66,1012.7,1011.2,1009.4,14.7,9.3,2.9,2.2
2022-11-15,30.5,27.0,24.8,24.6,24.1,23.2,97,85,67,1012.9,1010.9,1008.5,18.6,11.1,3.8,2.1
2022-11-16,32.5,27.7,24.3,24.5,23.3,18.5,96,79,44,1012.3,1010.2,1007.3,19.0,12.1,1.8,0.0
2022-11-17,30.8,27.4,25.1,24.5,23.7,22.1,94,81,60,1011.7,1009.7,1007.7,16.6,10.3,4.6,2.3
2022-11-18,29.9,26.9,24.6,24.6,23.8,23.1,95,83,73,1011.5,1009.4,1007.3,14.1,8.6,1.5,1.6
2022-11-19,29.6,26.8,24.6,24.3,23.8,23.4,93,84,71,1013.0,1010.2,1008.5,15.0,8.5,2.9,2.1
2022-11-20,31.3,27.6,24.7,24.5,23.7,22.6,93,80,60,1012.1,1010.0,1007.7,15.9,9.2,3.6,1.0
2022-11-21,31.1,27.5,25.2,24.3,23.8,22.5,92,81,60,1011.9,1010.1,1008.0,16.4,11.0,5.1,0.1
2022-11-22,29.9,27.1,24.7,24.4,23.8,23.1,96,83,70,1011.2,1009.6,1007.8,14.2,8.9,0.4,1.3
2022-11-23,30.5,27.2,23.7,24.2,23.5,22.5,96,81,64,1011.1,1009.0,1006.4,14.1,8.5,0.4,1.9
2022-11-24,31.0,27.3,24.0,24.5,23.4,21.8,97,80,58,1010.7,1008.5,1006.4,14.0,9.3,3.4,0.1
2022-11-25,32.9,27.7,24.0,24.9,23.4,20.4,97,79,49,1011.2,1008.8,1006.9,17.3,11.0,2.4,0.0
2022-11-26,31.6,28.0,24.9,25.0,23.5,20.8,95,78,53,1011.3,1009.3,1007.1,17.9,12.1,7.4,0.0
2022-11-27,31.3,28.1,25.3,23.9,23.4,22.6,91,76,61,1010.2,1007.9,1005.2,17.2,11.1,5.6,0.5
2022-11-28,31.0,27.1,24.6,24.2,23.5,22.9,93,81,66,1009.1,1007.2,1005.0,19.4,10.9,3.0,1.9
2022-11-29,29.9,26.8,24.5,24.2,23.0,21.8,94,80,65,1009.0,1007.0,1005.1,13.8,7.8,2.8,0.7
2022-11-30,30.4,27.1,24.0,24.2,23.4,22.7,95,81,63,1009.0,1007.1,1005.3,13.1,7.8,1.0,0.4
2022-12-01,29.5,26.9,24.2,24.2,23.5,22.8,95,82,69,1010.1,1008.0,1006.3,17.7,10.1,1.1,0.2
2022-12-02,31.0,26.9,23.8,24.8,23.8,23.0,95,84,64,1009.8,1007.7,1004.5,14.5,9.0,4.3,6.6
2022-12-03,31.7,28.0,25.8,24.6,23.9,22.2,90,79,58,1009.1,1007.0,1004.9,17.4,12.1,6.4,0.5
2022-12-04,31.0,27.8,24.6,24.5,23.9,23.0,95,80,62,1009.9,1007.9,1006.1,16.2,10.1,4.6,0.2
2022-12-05,31.4,28.2,25.7,24.9,24.4,23.0,94,81,65,1011.5,1009.2,1007.3,15.9,10.1,4.7,0.8
2022-12-06,31.6,27.6,24.6,25.0,24.1,22.6,97,83,59,1011.2,1009.3,1007.1,18.9,11.7,2.9,0.3
2022-12-07,30.9,27.0,24.9,24.8,23.8,22.1,95,83,59,1011.0,1009.4,1007.5,19.8,10.8,1.8,0.6
2022-12-08,30.8,26.9,24.2,24.5,23.9,22.7,96,84,62,1011.5,1009.6,1007.7,15.9,9.6,2.6,1.5
2022-12-09,31.5,27.7,24.4,24.5,23.4,21.8,97,79,56,1012.2,1010.1,1008.1,12.6,8.9,4.7,0.0
2022-12-10,32.2,27.3,23.6,25.1,23.2,20.4,98,80,50,1012.3,1009.8,1007.2,15.3,9.8,1.8,0.0
2022-12-11,33.0,27.7,23.9,24.9,23.1,19.5,97,78,46,1011.2,1009.2,1006.9,18.0,10.5,1.8,0.0
2022-12-12,31.8,27.8,24.2,24.3,23.3,21.1,96,78,53,1011.2,1009.3,1007.2,15.8,10.3,5.0,0.1
2022-12-13,31.9,27.8,24.4,24.4,23.4,21.7,95,78,56,1011.6,1009.6,1007.5,17.1,10.6,5.4,0.4
2022-12-14,31.8,27.8,24.1,24.7,23.3,20.8,96,78,52,1011.5,1009.2,1007.1,19.2,11.5,4.1,0.1
2022-12-15,29.8,27.1,24.5,24.8,24.1,23.3,99,84,68,1010.9,1008.8,1006.7,16.1,9.7,3.1,1.1
2022-12-16,31.1,27.5,24.3,24.2,23.5,22.0,96,80,60,1009.4,1007.8,1005.7,16.6,10.5,5.1,0.2
2022-12-17,30.6,27.6,24.8,24.1,23.3,21.9,92,78,61,1009.8,1008.1,1006.2,15.6,10.4,3.9,1.3
2022-12-18,30.4,27.4,24.6,24.5,23.7,22.3,96,81,63,1011.8,1009.4,1008.1,13.8,8.7,1.1,0.3
2022-12-19,33.2,27.3,22.7,24.3,19.1,9.9,96,66,24,1010.7,1008.6,1006.3,13.8,10.0,4.7,0.0
2022-12-20,31.6,26.8,22.3,23.9,22.0,19.9,94,76,51,1010.3,1008.5,1006.4,15.8,9.3,3.3,0.0
2022-12-21,32.0,27.4,23.6,24.2,22.7,19.0,96,77,47,1011.1,1009.1,1006.8,16.6,11.2,4.5,0.0
2022-12-22,31.8,27.2,23.7,24.2,22.8,19.1,96,78,47,1012.7,1010.6,1008.7,14.9,10.1,3.3,0.9
2022-12-23,31.0,26.8,22.2,23.9,17.3,8.8,95,61,26,1013.4,1010.7,1008.3,15.5,10.6,3.3,0.0
2022-12-24,31.2,26.6,21.9,20.1,14.2,6.4,79,51,23,1012.4,1010.7,1008.9,15.0,10.1,6.2,0.0
2022-12-25,30.6,26.1,21.6,19.4,13.7,7.8,68,48,28,1013.3,1011.0,1008.4,15.5,10.0,6.2,0.0
2022-12-26,31.4,26.6,21.1,20.3,14.5,8.0,75,51,24,1013.2,1011.1,1008.8,13.8,9.3,3.3,0.0
2022-12-27,31.5,26.8,21.9,22.3,15.9,10.7,82,54,28,1013.0,1010.9,1008.6,13.0,9.5,4.8,0.0
2022-12-28,32.2,26.7,21.6,22.8,15.8,10.2,91,56,28,1012.9,1010.5,1007.9,12.2,9.5,3.5,0.0
2022-12-29,31.6,26.2,20.9,23.9,18.7,9.3,91,66,26,1012.5,1010.3,1008.4,15.5,9.2,2.7,0.0
2022-12-30,31.7,26.4,21.9,23.3,18.3,9.6,97,67,27,1012.7,1010.6,1008.1,15.0,10.0,6.0,0.0
2022-12-31,32.6,26.3,21.2,21.8,13.4,4.8,91,51,20,1012.8,1010.6,1008.2,17.6,9.8,5.1,0.0
2023-01-01,31.2,25.9,20.1,20.2,13.0,6.4,80,49,22,1011.9,1009.8,1007.2,12.1,9.0,3.7,0.0
2023-01-02,31.5,26.1,20.7,19.9,12.5,5.1,81,47,21,1012.2,1009.8,1007.5,17.3,9.9,5.6,0.0
2023-01-03,32.4,26.5,21.3,19.3,13.5,8.2,74,48,23,1012.2,1009.9,1007.7,15.9,10.5,7.0,0.0
2023-01-04,32.3,26.5,20.7,20.5,15.1,9.9,78,53,26,1012.1,1010.1,1007.7,15.5,9.7,4.9,0.0
2023-01-05,32.1,26.5,21.7,23.9,19.8,13.3,88,69,32,1012.5,1010.5,1007.9,17.7,10.1,2.6,0.0
2023-01-06,32.5,27.2,23.3,24.2,22.6,19.1,96,78,47,1013.8,1011.1,1008.4,18.3,10.2,3.8,0.0
2023-01-07,31.8,27.0,23.1,24.5,22.9,19.8,98,80,49,1013.2,1010.7,1008.3,17.7,10.4,3.1,0.0
2023-01-08,32.1,27.4,24.5,25.2,23.8,21.2,99,82,53,1012.7,1010.5,1008.1,18.0,10.5,2.5,0.0
2023-01-09,32.9,27.1,23.4,24.9,22.7,17.7,98,80,43,1013.2,1010.9,1008.7,16.9,9.8,5.1,0.0
2023-01-10,33.3,27.1,23.7,24.8,22.3,15.5,99,78,34,1014.6,1011.9,1009.3,17.0,9.7,1.0,0.0
2023-01-11,33.0,26.8,22.9,24.5,21.8,15.6,99,78,35,1014.2,1011.7,1009.1,17.8,9.9,2.9,0.0
2023-01-12,33.2,27.2,23.4,24.5,22.2,16.9,99,77,38,1012.2,1010.0,1006.8,18.8,10.7,2.6,0.0
2023-01-13,31.7,26.6,23.2,24.5,22.2,17.1,99,80,42,1011.5,1009.3,1006.9,17.3,10.2,3.0,0.0
2023-01-14,31.2,26.8,22.9,24.2,22.7,20.8,97,80,55,1011.7,1009.5,1007.4,15.9,9.6,1.6,0.0
2023-01-15,31.3,27.4,23.6,24.3,23.1,21.2,98,79,55,1011.5,1009.7,1007.8,14.2,9.6,2.2,0.1
2023-01-16,32.9,27.6,23.4,24.2,21.8,17.2,97,74,39,1011.5,1009.1,1006.1,16.6,8.5,2.9,0.0
2023-01-17,32.8,27.2,23.2,24.2,22.0,17.4,98,76,40,1011.8,1009.3,1007.2,17.7,8.6,0.0,0.0
2023-01-18,32.9,27.5,23.8,24.5,23.0,18.7,97,78,45,1011.9,1009.5,1007.2,18.8,10.3,1.5,0.0
2023-01-19,32.7,27.7,23.8,24.4,23.2,20.9,97,78,50,1012.2,1009.9,1007.5,18.1,10.7,2.9,0.0
2023-01-20,31.9,27.9,24.4,24.6,23.4,21.5,97,78,54,1011.7,1009.5,1007.3,17.6,10.9,4.4,0.4
2023-01-21,31.8,27.6,25.1,24.8,23.9,22.3,96,81,57,1010.8,1009.2,1007.3,15.8,11.8,4.6,0.8
2023-01-22,29.7,26.9,25.4,24.6,24.2,23.2,94,86,72,1010.1,1008.7,1006.9,17.3,10.2,2.8,1.2
2023-01-23,30.2,27.6,26.0,24.7,24.3,23.8,90,83,68,1010.8,1008.7,1007.1,16.2,11.8,4.7,0.8
2023-01-24,30.3,27.1,25.1,25.3,24.5,23.6,96,86,74,1010.5,1008.6,1006.5,17.6,10.2,2.6,1.7
2023-01-25,30.9,27.4,24.1,24.9,24.3,23.6,97,84,66,1009.6,1007.8,1005.7,17.2,10.0,2.8,0.4
2023-01-26,30.6,27.9,25.9,25.3,24.8,24.0,94,83,68,1009.6,1007.6,1005.3,22.1,13.7,8.2,0.8
2023-01-27,30.3,27.8,25.9,25.2,24.6,24.1,92,83,71,1010.1,1008.0,1006.0,20.0,15.1,9.5,1.1
2023-01-28,30.6,27.4,25.3,25.0,24.2,23.3,91,83,66,1011.1,1008.7,1006.0,19.1,12.0,5.5,7.2
2023-01-29,30.1,27.3,25.8,24.9,24.3,23.4,91,84,70,1010.8,1008.7,1006.5,16.1,11.3,6.4,1.7
2023-01-30,29.9,27.0,24.9,25.2,24.6,24.1,95,87,73,1011.1,1009.0,1007.3,18.9,8.9,2.0,0.4
2023-01-31,30.3,27.2,24.9,24.7,24.2,23.6,95,84,69,1013.0,1009.9,1007.6,17.8,10.6,3.3,0.7
2023-02-01,30.2,26.9,24.2,24.6,24.0,23.4,99,85,68,1012.2,1009.6,1007.7,16.3,9.0,1.5,0.0
2023-02-02,30.8,27.8,25.1,24.9,24.0,23.2,92,80,64,1011.8,1009.9,1008.4,17.1,9.8,3.8,0.4
2023-02-03,30.9,27.9,25.0,25.2,24.6,23.7,96,83,66,1012.0,1009.9,1007.7,16.4,10.9,4.4,0.5
2023-02-04,31.6,28.1,25.5,25.4,24.7,23.6,96,82,63,1011.6,1009.5,1007.3,18.6,12.4,4.2,1.2
2023-02-05,31.4,28.3,25.8,25.2,24.7,23.7,95,82,64,1011.9,1009.5,1007.3,20.1,13.5,6.5,0.6
2023-02-06,31.6,28.0,25.4,25.1,24.2,23.4,91,81,65,1011.6,1009.3,1007.2,25.1,14.3,8.1,1.1
2023-02-07,31.1,28.2,26.3,24.7,23.8,22.7,90,78,62,1011.6,1009.1,1006.9,16.8,12.1,4.8,0.8
2023-02-08,31.7,28.1,25.5,24.4,23.8,22.9,91,78,60,1011.7,1009.4,1007.4,16.6,11.7,5.1,1.7
2023-02-09,31.7,28.1,25.4,25.0,24.3,23.3,95,81,61,1011.4,1009.1,1007.3,18.4,11.5,3.6,0.8
2023-02-10,31.8,28.3,25.2,25.1,24.2,22.3,96,79,57,1010.9,1009.1,1006.9,17.0,11.4,4.3,0.3
2023-02-11,32.1,28.4,25.3,25.1,24.4,22.7,96,80,58,1010.8,1008.6,1006.6,17.9,11.4,2.3,0.6
2023-02-12,31.8,28.1,25.6,25.6,24.7,23.1,96,83,60,1010.9,1008.2,1006.5,18.8,10.9,2.8,0.3
2023-02-13,33.3,28.3,25.2,25.3,24.1,20.9,98,80,50,1011.1,1008.6,1006.0,19.1,11.4,1.3,0.0
2023-02-14,32.4,28.2,25.0,25.4,24.0,20.9,97,80,51,1011.0,1008.6,1006.2,17.0,12.0,5.4,0.0
2023-02-15,34.6,28.5,24.4,25.0,21.7,12.9,96,71,29,1010.1,1007.6,1004.9,18.4,11.3,3.8,0.0
2023-02-16,34.7,28.8,23.8,24.5,17.0,5.5,96,58,17,1009.7,1007.1,1004.4,14.6,9.7,5.1,0.0
2023-02-17,34.3,28.4,23.1,21.5,14.1,5.7,77,47,19,1009.8,1007.5,1005.0,16.6,9.7,0.4,0.0
2023-02-18,33.6,28.6,23.6,20.0,12.4,5.0,68,41,17,1010.2,1007.5,1005.2,15.6,9.8,2.7,0.0
2023-02-19,32.5,27.4,22.0,23.5,18.1,12.2,82,59,29,1010.5,1008.1,1005.7,16.9,9.7,3.8,0.0
2023-02-20,33.3,27.7,23.2,25.2,23.2,18.4,98,79,41,1010.4,1008.0,1005.1,20.1,9.9,3.1,0.0
2023-02-21,33.5,28.2,24.8,25.1,23.9,20.2,99,80,46,1010.2,1008.0,1005.2,20.3,11.3,1.1,0.0
2023-02-22,33.5,28.8,25.7,25.7,24.3,22.0,95,78,51,1010.7,1008.9,1006.9,19.7,13.6,7.0,0.4
2023-02-23,33.2,29.1,26.2,25.4,24.5,23.0,94,77,56,1010.7,1008.9,1006.1,21.6,15.2,6.1,0.5
2023-02-24,32.0,28.8,26.3,25.4,24.7,23.8,90,79,63,1010.7,1008.7,1006.4,20.2,14.9,6.8,3.3
2023-02-25,31.6,28.3,26.2,25.0,24.1,23.2,90,79,61,1011.5,1009.4,1007.6,18.1,15.0,10.2,0.3
2023-02-26,32.8,28.7,25.7,24.3,23.6,22.0,92,75,54,1011.8,1009.9,1008.2,19.2,13.9,6.6,0.0
2023-02-27,32.8,28.9,25.8,25.0,24.0,22.4,93,76,55,1012.7,1010.8,1008.5,19.6,14.2,8.0,0.2
2023-02-28,33.3,28.8,25.0,24.7,23.7,21.6,90,75,52,1013.2,1011.4,1008.9,21.1,14.6,10.5,0.1
2023-03-01,32.9,29.0,26.4,25.0,23.8,22.5,89,74,55,1013.2,1010.6,1007.5,18.4,14.2,7.7,0.0
2023-03-02,32.4,29.4,27.3,25.1,24.2,22.7,88,75,57,1011.7,1009.4,1007.6,18.7,14.1,9.0,0.4
2023-03-03,31.8,28.3,25.9,25.2,24.3,23.5,88,80,62,1012.3,1009.3,1007.6,19.1,13.7,5.1,7.3
2023-03-04,31.3,28.0,25.8,24.8,24.0,23.2,88,79,64,1011.8,1009.7,1007.3,19.1,10.7,4.3,5.0
2023-03-05,32.5,28.7,25.4,24.4,23.5,22.4,92,75,55,1011.1,1008.6,1006.4,20.7,13.0,4.0,0.0
2023-03-06,32.0,28.5,26.0,25.2,24.2,23.3,89,78,63,1010.3,1008.0,1005.4,24.6,15.8,9.7,5.4
2023-03-07,32.0,28.4,25.5,24.9,24.1,23.2,91,79,60,1009.7,1007.6,1005.3,17.1,12.8,8.8,0.4
2023-03-08,32.5,29.2,27.1,24.6,23.6,22.0,86,73,55,1010.1,1008.1,1006.2,18.2,14.3,7.6,0.1
2023-03-09,31.2,28.4,25.7,24.6,24.0,23.4,93,78,64,1011.0,1009.0,1007.0,20.7,13.9,3.7,5.2
2023-03-10,31.9,28.5,25.8,24.8,23.7,22.4,94,76,60,1010.7,1008.6,1006.9,15.5,10.5,2.9,0.0
2023-03-11,32.2,28.8,25.9,24.7,24.1,23.2,91,76,60,1010.4,1008.5,1006.4,16.6,11.1,2.9,0.1
2023-03-12,32.0,28.7,26.5,24.7,23.7,22.5,88,75,58,1010.5,1008.5,1007.1,16.9,12.7,7.2,0.0
2023-03-13,31.7,28.5,25.4,24.7,23.8,22.7,91,76,59,1010.3,1008.4,1006.8,17.8,12.2,6.2,0.2
2023-03-14,32.3,28.4,25.3,25.0,24.1,22.9,94,79,58,1009.5,1007.6,1005.6,17.9,11.3,4.9,0.8
2023-03-15,32.2,28.5,26.6,25.0,24.3,23.4,90,79,61,1008.6,1007.0,1004.5,18.8,12.0,5.2,2.7
2023-03-16,31.4,27.6,23.8,25.2,24.2,22.5,94,82,66,1009.5,1007.3,1005.3,17.2,10.0,1.6,17.0
2023-03-17,31.6,28.3,25.0,25.5,24.6,23.5,96,81,62,1009.9,1007.6,1005.6,19.8,11.4,3.1,0.5
2023-03-18,30.4,27.8,25.3,24.7,23.4,22.5,90,78,64,1010.9,1008.7,1007.1,20.7,14.3,7.7,2.5
2023-03-19,30.9,27.1,23.3,24.4,23.2,22.0,92,80,65,1012.1,1009.9,1008.0,14.4,7.8,0.0,13.2
2023-03-20,32.2,28.3,25.0,24.2,23.5,22.4,93,77,57,1011.6,1009.4,1006.6,17.8,9.2,1.8,0.0
2023-03-21,32.9,28.8,26.3,24.1,23.3,21.4,87,73,51,1012.1,1009.4,1007.3,20.2,13.8,9.4,1.7
2023-03-22,30.4,27.1,24.0,24.1,23.5,22.6,97,82,66,1012.3,1009.9,1007.0,13.2,6.7,1.5,0.4
2023-03-23,31.9,28.0,24.6,24.5,23.4,22.2,92,77,58,1012.2,1009.1,1004.8,15.0,10.0,6.0,2.5
2023-03-24,31.1,27.3,23.9,24.1,22.7,21.6,92,77,58,1012.0,1009.2,1007.1,23.6,11.8,4.9,0.0
2023-03-25,31.2,28.6,25.5,24.3,23.4,22.6,87,74,62,1012.2,1009.7,1007.5,16.2,10.8,5.1,0.0
2023-03-26,31.6,28.9,26.0,24.1,23.3,21.8,87,72,59,1012.3,1009.9,1008.0,17.6,10.3,4.4,0.3
2023-03-27,31.6,28.1,25.0,24.2,23.0,21.3,91,75,55,1012.0,1009.4,1006.7,13.4,9.4,4.7,0.0
2023-03-28,32.0,29.3,27.2,24.4,23.3,21.9,83,71,55,1010.4,1008.8,1006.5,16.6,13.0,8.8,0.0
2023-03-29,32.5,29.3,26.2,24.5,23.7,22.1,89,73,54,1011.5,1009.7,1008.0,18.3,12.1,4.5,0.1
2023-03-30,32.7,29.4,27.0,24.8,24.1,23.0,87,74,58,1011.8,1009.8,1007.6,17.6,12.7,5.4,0.9
2023-03-31,31.7,27.8,24.0,24.7,23.8,22.9,96,80,60,1011.7,1009.7,1007.4,14.7,9.4,2.9,8.7
2023-04-01,32.6,29.6,27.1,24.5,23.4,21.9,85,70,54,1011.3,1009.4,1007.3,17.7,12.2,4.8,0.0
2023-04-02,32.8,29.5,26.5,24.4,23.7,22.6,87,72,55,1010.6,1008.4,1006.0,16.8,12.3,6.2,0.7
2023-04-03,32.3,28.8,25.9,25.1,24.1,22.5,91,76,56,1009.5,1007.2,1004.2,21.0,13.6,6.1,2.9
2023-04-04,32.0,28.2,24.6,24.8,23.7,22.4,92,77,59,1009.5,1007.2,1004.6,17.1,12.3,4.7,12.9
2023-04-05,32.6,29.5,27.0,24.0,23.0,21.5,83,69,53,1009.4,1007.5,1005.5,18.4,13.0,5.8,0.0
2023-04-06,33.2,29.3,26.5,24.4,23.5,22.2,84,72,53,1009.5,1007.5,1005.8,23.1,15.0,6.6,0.9
2023-04-07,32.0,28.3,26.8,24.3,23.9,23.4,86,78,61,1009.7,1008.0,1005.7,17.9,13.7,10.8,3.3
2023-04-08,32.0,28.8,26.3,24.8,24.0,22.5,89,76,58,1010.8,1007.9,1005.9,20.0,11.9,5.2,4.4
2023-04-09,32.3,27.6,25.5,24.9,23.9,22.5,95,81,56,1010.7,1009.2,1007.3,22.8,10.8,1.1,5.5
2023-04-10,31.0,28.4,26.6,24.8,24.4,23.5,89,79,65,1011.4,1009.1,1007.2,15.7,11.6,5.1,0.0
2023-04-11,31.2,28.8,27.3,25.1,24.4,23.7,87,77,65,1010.9,1008.7,1006.6,17.4,12.8,8.4,0.2
2023-04-12,31.5,28.8,27.3,25.0,24.5,23.9,86,78,64,1010.5,1008.3,1006.4,18.1,13.0,7.9,0.6
2023-04-13,32.3,28.9,26.2,25.3,24.5,23.2,92,78,59,1010.4,1008.0,1006.0,18.4,11.5,4.5,0.9
2023-04-14,32.3,29.1,26.4,25.4,24.8,23.7,93,78,61,1011.0,1008.0,1005.3,19.5,13.5,9.1,0.9
2023-04-15,31.8,28.7,26.8,25.4,24.6,23.6,89,79,64,1011.2,1009.3,1006.9,19.9,14.9,6.5,1.0
2023-04-16,32.6,28.2,24.7,25.2,24.4,24.0,96,81,61,1010.5,1007.8,1005.4,17.6,9.7,2.6,3.1
2023-04-17,31.4,28.0,25.3,25.0,24.2,23.3,95,81,63,1009.5,1007.2,1004.4,16.8,10.0,4.7,9.4
2023-04-18,32.1,28.9,25.5,25.0,24.2,22.9,92,77,59,1009.9,1007.0,1005.1,13.5,8.6,0.5,0.1
2023-04-19,31.6,28.7,26.8,25.7,24.9,24.6,88,80,67,1010.9,1008.2,1005.4,16.2,9.7,2.8,4.3
2023-04-20,32.9,28.1,25.4,25.3,24.5,23.6,93,81,58,1010.9,1007.3,1004.4,20.9,12.1,5.4,0.7
2023-04-21,31.0,28.9,27.4,24.8,24.2,23.7,83,76,67,1008.8,1006.9,1004.6,18.9,14.3,9.3,0.7
2023-04-22,31.7,28.8,26.8,25.3,24.5,23.4,86,78,61,1009.5,1006.5,1004.4,21.7,16.2,10.8,2.8
2023-04-23,29.4,27.2,24.8,24.8,24.0,23.0,91,83,73,1011.1,1008.3,1006.1,17.9,12.7,5.3,6.3
2023-04-24,31.1,27.8,24.9,25.4,24.6,24.0,96,83,68,1011.3,1009.1,1006.4,12.2,7.0,2.4,1.3
2023-04-25,31.1,28.4,25.9,25.7,25.0,24.4,94,82,69,1010.5,1008.7,1006.8,16.6,9.6,2.4,0.3
2023-04-26,30.5,27.9,25.6,25.2,24.6,23.9,93,82,71,1010.6,1008.3,1006.5,18.1,10.5,6.6,0.8
2023-04-27,28.6,26.3,24.2,24.8,24.0,23.2,94,87,79,1011.9,1010.0,1008.6,13.4,6.5,1.3,16.0
2023-04-28,30.2,27.4,24.9,25.1,24.0,22.5,96,82,67,1012.8,1010.9,1009.4,12.9,7.8,3.2,0.8
2023-04-29,29.2,26.5,24.7,25.0,24.3,23.8,96,88,76,1013.9,1011.4,1009.5,14.3,7.7,4.4,15.0
2023-04-30,29.8,26.8,24.5,24.9,24.0,23.4,96,85,70,1013.4,1010.2,1007.6,14.0,8.5,1.8,0.7
2023-05-01,28.9,26.9,25.1,25.2,24.2,23.9,95,86,76,1011.3,1009.7,1008.2,15.2,8.0,3.2,1.7
2023-05-02,30.3,27.5,24.6,25.1,24.1,23.5,94,82,71,1011.8,1010.2,1008.1,14.3,7.9,1.5,1.1
2023-05-03,31.2,28.5,26.1,24.6,24.0,23.4,89,77,64,1013.0,1011.2,1009.1,13.6,9.4,4.5,0.5
2023-05-04,31.1,27.7,25.4,24.9,24.2,23.2,93,82,67,1013.8,1011.9,1010.2,15.0,8.4,2.3,0.9
2023-05-05,31.4,28.1,24.7,24.5,23.9,23.1,94,79,63,1013.6,1011.2,1008.4,14.6,9.1,3.8,0.1
2023-05-06,32.2,28.6,26.1,25.0,23.2,20.1,93,74,55,1011.8,1010.1,1007.8,21.5,7.9,2.0,0.2
2023-05-07,31.6,28.2,24.2,24.2,23.4,22.5,92,76,59,1012.2,1009.7,1008.0,17.3,9.6,3.9,0.1
2023-05-08,32.0,28.5,26.3,24.9,24.0,22.7,90,77,58,1012.1,1010.5,1008.9,14.6,8.8,3.5,1.3
2023-05-09,32.4,29.1,26.1,24.9,24.1,22.9,90,75,58,1011.4,1009.3,1006.5,14.7,9.2,4.8,1.2
2023-05-10,33.0,29.8,27.6,25.4,24.6,23.5,87,74,58,1011.0,1008.6,1007.0,20.3,15.5,10.7,0.7
2023-05-11,30.5,28.4,27.2,25.0,24.6,24.0,88,80,70,1011.3,1009.3,1007.4,21.7,13.1,5.2,2.0
2023-05-12,30.3,28.0,26.5,25.7,25.2,24.8,92,84,76,1012.4,1010.2,1007.8,12.0,6.7,0.5,1.3
2023-05-13,31.6,28.5,26.6,25.9,25.6,25.2,94,84,72,1012.8,1010.6,1008.3,15.3,8.6,3.2,0.3
2023-05-14,31.8,27.9,26.4,26.0,25.1,24.5,93,85,68,1013.7,1011.6,1010.1,12.5,7.7,3.4,4.0
2023-05-15,30.4,27.2,25.0,25.6,24.5,23.7,95,86,70,1013.7,1011.5,1008.6,15.3,10.1,4.7,45.0
2023-05-16,30.7,28.3,26.0,25.3,24.7,24.2,91,81,70,1012.7,1010.8,1008.6,16.3,11.0,3.4,2.9
2023-05-17,31.0,28.2,25.7,25.6,24.8,24.2,93,82,67,1012.8,1010.4,1008.4,20.4,11.1,0.0,3.0
2023-05-18,30.0,27.7,25.5,24.9,24.3,23.7,93,82,71,1013.1,1010.9,1008.2,15.1,8.4,2.4,3.3
2023-05-19,31.2,27.6,25.5,25.9,24.5,23.5,90,83,73,1012.8,1010.7,1008.6,19.1,9.6,0.7,3.7
2023-05-20,29.9,27.8,26.3,25.3,24.2,23.2,92,81,68,1012.7,1010.6,1008.5,17.7,10.5,3.8,2.8
2023-05-21,30.0,27.3,24.5,24.4,23.8,23.0,95,82,69,1013.0,1010.9,1008.8,18.2,10.4,2.1,8.8
2023-05-22,28.7,27.2,25.9,25.2,24.3,23.7,90,84,78,1012.8,1010.9,1009.3,14.1,9.2,2.5,1.6
2023-05-23,30.4,27.7,25.9,25.3,24.7,24.1,93,84,71,1011.9,1009.9,1008.1,16.5,6.6,1.1,1.9
2023-05-24,30.5,27.8,25.9,25.5,25.1,24.6,93,85,74,1011.8,1009.5,1007.1,13.3,8.4,1.8,1.4
2023-05-25,31.0,28.2,25.6,25.2,24.6,23.7,93,81,66,1011.1,1009.4,1007.8,17.5,10.1,2.3,0.7
2023-05-26,30.8,28.0,25.8,25.7,24.8,24.4,93,83,71,1011.3,1009.4,1007.5,19.9,11.6,4.3,0.0
2023-05-27,29.2,27.2,25.8,25.4,24.4,23.1,93,85,76,1011.5,1009.8,1007.8,18.3,10.2,0.8,1.1
2023-05-28,30.7,27.4,25.0,24.7,24.1,23.3,93,83,67,1012.5,1010.4,1008.6,18.9,10.0,3.5,2.9
2023-05-29,28.6,26.7,25.8,24.7,23.7,22.9,91,84,77,1013.0,1010.9,1009.2,17.3,9.7,0.7,2.2
2023-05-30,30.3,27.6,24.0,24.7,23.7,22.7,97,80,64,1013.4,1011.6,1009.8,15.1,8.7,0.8,0.8
2023-05-31,30.7,28.0,26.1,25.1,24.6,23.6,94,82,69,1013.1,1011.0,1008.4,20.1,10.9,3.3,2.8
2023-06-01,29.9,27.4,24.8,25.1,24.3,23.8,96,84,73,1012.2,1010.5,1007.9,17.1,8.6,1.6,3.0
2023-06-02,28.1,26.4,24.4,24.4,23.7,22.7,96,85,76,1013.1,1011.0,1008.9,19.7,10.6,3.9,6.1
2023-06-03,28.2,26.5,24.7,24.5,23.7,22.9,95,85,75,1013.9,1011.9,1010.0,14.1,8.0,3.5,3.3
2023-06-04,29.7,26.9,24.4,25.3,24.1,23.0,94,85,76,1013.7,1011.8,1009.8,15.7,8.3,1.9,1.3
2023-06-05,30.1,27.4,25.7,24.6,24.2,23.9,91,83,71,1013.4,1011.6,1009.2,21.3,13.9,8.0,1.0
2023-06-06,28.2,26.4,25.5,24.9,24.0,23.3,92,87,79,1013.5,1011.7,1009.7,16.7,9.4,1.3,13.4
2023-06-07,27.8,26.0,24.3,24.3,23.9,23.4,97,88,79,1015.4,1012.7,1010.5,21.3,9.9,3.3,13.6
2023-06-08,28.5,25.8,23.7,24.6,23.0,21.6,94,85,67,1015.2,1013.2,1011.5,22.3,8.1,1.9,10.8
2023-06-09,30.1,26.4,23.9,24.2,23.3,22.5,94,84,67,1014.0,1012.3,1010.5,17.3,8.7,2.3,6.9
2023-06-10,28.0,25.8,24.5,24.3,23.6,23.1,94,88,80,1013.8,1011.9,1009.9,19.8,11.8,3.8,9.4
2023-06-11,27.0,25.7,24.8,24.5,23.6,22.8,96,88,79,1015.0,1013.0,1011.1,16.9,10.1,3.0,13.4
2023-06-12,30.0,26.7,23.5,24.1,22.2,21.3,95,77,63,1015.2,1013.1,1011.4,18.4,11.0,5.9,0.4
2023-06-13,30.1,26.7,24.1,23.6,22.6,22.0,88,78,63,1014.3,1012.4,1010.3,17.8,11.5,6.1,0.3
2023-06-14,29.0,26.5,24.9,23.5,23.0,22.3,91,81,70,1013.7,1011.9,1009.8,20.0,12.9,5.6,2.5
2023-06-15,27.1,25.5,24.8,24.1,23.5,23.2,92,89,83,1014.4,1012.6,1010.9,13.0,9.2,3.2,18.2
2023-06-16,28.9,26.2,24.1,24.3,23.5,23.0,94,86,73,1014.6,1012.3,1010.5,15.1,7.3,1.1,3.3
2023-06-17,30.0,27.1,24.7,25.1,24.1,23.4,92,84,73,1013.3,1011.4,1009.6,14.8,9.3,3.7,4.4
2023-06-18,29.6,27.4,25.3,24.6,24.1,23.7,92,82,71,1014.1,1011.5,1009.3,20.0,12.9,8.2,5.7
2023-06-19,29.0,26.1,24.9,24.2,23.8,23.3,95,87,74,1013.6,1012.0,1009.9,16.0,10.3,5.2,6.2
2023-06-20,27.8,25.7,24.5,24.3,23.5,23.0,93,88,80,1013.5,1011.9,1010.2,15.5,9.0,2.4,6.4
2023-06-21,27.1,25.1,24.5,24.0,23.2,22.5,93,90,83,1014.0,1012.3,1010.8,17.5,9.3,3.3,16.0
2023-06-22,27.3,25.4,23.8,24.0,23.3,23.0,95,89,79,1014.4,1012.4,1010.7,22.4,13.7,6.7,10.3
2023-06-23,27.9,26.0,24.4,23.6,23.0,22.5,92,84,76,1013.6,1011.8,1010.2,20.6,13.9,7.4,6.3
2023-06-24,26.5,24.9,24.1,23.1,22.7,22.3,93,88,79,1014.0,1012.4,1011.1,18.9,13.0,8.0,25.0
2023-06-25,28.3,25.7,24.0,23.0,22.0,20.8,93,81,68,1014.6,1013.0,1011.2,18.8,12.8,7.9,5.2
2023-06-26,29.3,26.0,23.7,22.4,21.5,20.8,85,76,62,1014.1,1012.2,1010.3,20.1,13.2,5.8,0.0
2023-06-27,28.8,25.9,23.4,22.9,22.1,21.2,87,80,70,1013.0,1011.6,1009.7,23.4,15.2,9.7,0.3
2023-06-28,26.0,24.9,24.2,23.4,22.9,22.4,94,89,82,1015.0,1012.5,1010.6,17.3,13.4,9.7,20.7
2023-06-29,27.7,25.6,23.8,23.7,23.1,22.4,96,86,73,1015.7,1014.0,1012.3,15.1,10.2,5.4,4.0
2023-06-30,28.7,26.0,23.9,23.9,23.2,22.7,96,85,71,1015.8,1013.6,1011.5,15.6,9.6,5.4,0.9
2023-07-01,28.7,26.2,24.4,24.0,23.8,23.5,97,87,73,1014.4,1012.5,1009.9,14.2,9.8,4.7,11.5
2023-07-02,27.4,25.7,24.5,23.9,23.3,22.7,95,87,79,1015.2,1013.1,1011.2,14.6,9.2,2.7,10.4
2023-07-03,28.8,26.3,24.0,23.8,23.5,23.2,96,85,72,1015.5,1013.8,1012.4,17.3,11.1,5.4,0.9
2023-07-04,28.4,25.9,24.5,23.8,23.4,22.7,94,86,75,1015.7,1013.9,1011.7,18.7,11.6,3.4,12.4
2023-07-05,29.2,26.0,24.2,23.9,23.5,22.7,96,86,69,1015.4,1013.4,1011.0,15.5,6.8,0.0,0.8
2023-07-06,29.1,26.6,24.2,24.1,23.6,23.1,97,84,71,1013.3,1011.5,1009.2,17.0,10.6,4.0,0.5
2023-07-07,28.1,26.2,24.5,23.9,23.4,22.9,94,85,74,1014.2,1012.2,1010.3,17.3,11.1,5.8,13.7
2023-07-08,26.3,25.2,23.9,23.9,23.3,22.7,94,89,84,1014.7,1012.8,1010.9,20.6,12.1,4.2,15.8
2023-07-09,26.0,24.6,23.4,23.7,23.0,22.4,94,91,84,1015.8,1013.9,1012.7,11.5,7.6,3.1,21.0
2023-07-10,28.2,25.7,23.7,23.7,23.2,22.3,96,86,75,1014.8,1012.9,1010.7,15.5,8.1,3.4,2.2
2023-07-11,28.6,26.2,24.1,23.9,23.4,23.1,96,85,73,1013.1,1011.5,1009.2,19.1,11.7,6.8,1.2
2023-07-12,25.8,24.6,23.9,23.4,23.1,22.9,95,92,86,1012.8,1011.2,1009.8,12.9,7.6,2.5,44.5
2023-07-13,28.1,25.6,23.7,23.7,23.1,22.4,98,87,74,1013.4,1011.7,1009.9,14.6,8.2,2.8,2.1
2023-07-14,28.1,25.8,23.8,24.0,23.5,23.2,96,88,78,1013.9,1012.1,1010.3,15.1,7.8,4.4,5.0
2023-07-15,28.9,26.3,24.2,24.3,23.8,23.4,97,87,76,1013.9,1012.2,1010.0,18.2,9.2,3.3,1.5
2023-07-16,29.0,25.8,23.8,24.2,23.4,22.8,96,87,70,1014.0,1012.1,1009.7,15.5,8.6,2.9,12.1
2023-07-17,28.9,26.4,24.4,24.1,23.6,22.9,93,85,74,1014.7,1012.8,1010.9,16.7,10.6,5.1,4.6
2023-07-18,28.1,26.3,24.6,24.3,23.6,23.2,94,86,76,1015.5,1013.7,1011.7,19.8,12.3,6.8,8.5
2023-07-19,29.0,26.7,24.9,23.9,23.6,23.1,92,84,72,1015.2,1013.7,1011.6,22.0,14.5,9.1,1.4
2023-07-20,28.6,26.7,25.4,24.1,23.7,23.1,92,84,75,1015.0,1013.2,1011.1,21.6,15.4,11.3,4.5
2023-07-21,28.2,26.0,24.8,23.8,23.4,23.0,94,86,76,1015.0,1013.3,1011.5,17.9,11.7,5.8,9.9
2023-07-22,26.6,25.2,24.2,23.6,23.1,22.5,93,88,81,1016.2,1014.2,1013.0,16.2,11.8,8.0,18.6
2023-07-23,25.5,24.3,23.6,23.4,23.0,22.5,96,92,85,1017.1,1015.2,1013.6,18.5,8.7,4.2,41.3
2023-07-24,27.8,25.2,24.0,24.0,23.4,22.7,96,90,78,1016.5,1014.2,1012.7,16.1,11.0,5.2,17.6
2023-07-25,28.4,25.8,23.7,24.4,23.4,22.6,98,87,74,1015.1,1013.2,1011.3,18.4,10.2,3.6,0.6
2023-07-26,28.3,26.2,24.8,23.6,23.2,23.0,91,84,74,1014.9,1012.9,1011.3,19.2,13.5,8.0,0.9
2023-07-27,28.4,26.3,25.0,24.1,23.5,23.2,92,85,77,1015.0,1013.1,1011.1,20.7,13.3,8.3,2.1
2023-07-28,27.4,25.7,24.5,23.7,23.2,22.6,92,86,77,1015.8,1013.6,1011.8,21.0,14.2,9.3,5.4
2023-07-29,27.2,24.9,24.3,23.5,23.0,22.5,94,89,80,1016.1,1014.3,1012.2,16.5,10.1,4.5,11.1
2023-07-30,28.3,25.7,24.4,24.2,23.5,23.2,96,88,76,1016.2,1014.4,1012.2,19.4,11.7,5.6,4.7
2023-07-31,27.5,25.7,24.2,23.9,23.3,22.5,94,87,78,1016.4,1014.4,1011.5,21.2,14.0,5.1,9.7
2023-08-01,26.9,25.2,24.3,23.6,23.2,22.3,93,89,82,1015.6,1013.9,1012.0,24.2,14.8,8.2,15.5
2023-08-02,27.5,25.5,24.7,23.5,22.8,21.8,92,85,75,1016.5,1014.6,1013.3,21.7,16.3,11.2,3.3
2023-08-03,27.9,25.8,24.5,22.8,22.5,22.0,90,83,72,1016.7,1014.8,1013.2,18.4,12.8,6.9,1.3
2023-08-04,27.7,25.8,24.4,23.0,22.7,22.4,92,83,74,1015.6,1013.9,1012.2,18.7,12.2,6.2,1.2
2023-08-05,28.0,25.8,24.1,23.3,23.0,22.8,93,85,74,1016.8,1014.9,1012.9,20.4,13.4,7.9,2.0
2023-08-06,28.2,26.0,24.7,23.5,23.1,22.6,93,85,72,1016.9,1015.2,1013.0,20.9,15.1,9.4,1.4
2023-08-07,28.2,26.0,24.3,23.8,23.2,22.7,94,85,74,1016.7,1014.4,1012.3,20.1,14.7,10.1,0.7
2023-08-08,28.1,25.8,23.4,23.3,22.8,22.2,93,84,72,1015.1,1013.0,1010.4,23.4,16.8,10.7,10.4
2023-08-09,27.2,25.5,24.1,23.3,22.9,22.4,90,85,79,1014.4,1012.6,1010.8,21.1,16.1,12.2,6.2
2023-08-10,27.7,25.7,24.4,23.2,22.8,22.4,92,84,74,1014.7,1012.9,1010.6,20.2,15.1,9.4,2.5
2023-08-11,27.2,25.6,24.6,23.5,23.1,22.4,93,86,77,1014.5,1012.4,1010.6,16.3,10.8,6.0,0.9
2023-08-12,27.8,25.8,24.4,23.7,23.1,22.7,94,85,75,1013.0,1011.1,1008.7,22.5,14.0,7.1,2.0
2023-08-13,27.8,25.8,24.3,23.2,22.9,22.3,93,84,72,1012.5,1010.8,1008.6,24.3,15.7,9.0,1.4
2023-08-14,27.3,25.1,24.2,23.7,23.1,22.5,95,89,76,1014.7,1012.1,1010.1,16.4,11.8,5.3,16.1
2023-08-15,27.6,25.4,23.6,23.6,23.2,22.7,97,88,78,1014.6,1012.7,1011.0,13.5,7.4,1.5,6.6
2023-08-16,29.3,25.9,24.0,24.1,23.2,22.7,96,86,68,1014.1,1012.1,1009.6,13.2,7.7,3.4,5.0
2023-08-17,28.2,25.6,23.8,24.0,23.5,23.1,97,88,78,1013.2,1010.9,1008.8,15.7,10.2,3.6,24.7
2023-08-18,27.1,25.4,24.3,23.8,23.0,22.6,92,87,80,1013.1,1011.2,1009.8,23.9,13.4,7.0,7.9
2023-08-19,27.5,24.9,23.5,23.5,22.9,22.6,96,89,77,1013.7,1011.5,1009.6,17.3,10.1,6.5,6.1
2023-08-20,27.8,25.3,23.0,23.6,23.0,22.5,97,87,76,1013.0,1010.7,1008.8,17.6,9.3,1.0,1.8
2023-08-21,28.5,26.0,24.0,24.1,23.4,22.8,97,86,74,1013.0,1010.8,1008.2,16.1,9.8,4.6,0.6
2023-08-22,28.6,26.2,24.5,23.9,23.2,23.0,92,84,72,1012.1,1010.3,1008.3,17.8,13.2,8.0,0.9
2023-08-23,28.0,26.1,25.1,24.0,23.5,23.1,91,86,78,1011.9,1009.9,1007.9,21.2,12.6,8.4,6.1
2023-08-24,28.8,26.0,24.5,24.4,24.0,23.5,97,89,73,1011.4,1009.6,1007.1,17.6,9.0,2.8,3.5
2023-08-25,28.7,26.2,24.4,24.2,23.7,22.9,97,86,76,1011.4,1009.8,1007.6,17.9,10.9,4.1,1.1
2023-08-26,28.2,26.3,24.9,23.7,23.5,23.1,93,85,75,1013.1,1010.6,1009.0,20.5,14.7,8.7,1.7
2023-08-27,27.7,25.8,24.7,23.7,23.4,23.0,92,86,77,1014.7,1012.0,1010.5,17.6,9.6,4.9,7.0
2023-08-28,28.0,25.7,23.9,24.5,23.4,23.0,96,87,76,1015.1,1012.9,1010.8,15.7,8.1,1.8,7.3
2023-08-29,28.9,26.3,24.4,23.9,23.5,23.3,95,85,73,1015.3,1013.1,1011.3,20.5,12.1,5.3,1.0
2023-08-30,28.3,25.8,24.1,24.2,23.4,22.7,94,87,77,1014.6,1012.9,1010.5,16.6,12.4,6.8,18.9
2023-08-31,28.3,26.1,24.2,24.2,23.3,22.7,92,85,76,1014.7,1012.9,1011.3,18.8,12.4,6.9,1.9
2023-09-01,28.3,26.1,24.6,23.9,23.4,23.0,92,85,76,1014.1,1012.4,1009.7,17.9,11.9,7.2,4.9
2023-09-02,27.8,25.4,24.1,23.7,22.9,22.2,92,86,77,1013.5,1011.5,1009.3,18.7,13.5,5.2,10.7
2023-09-03,26.0,24.7,23.6,23.3,22.7,22.1,95,89,82,1015.0,1012.7,1011.2,16.4,10.1,3.1,12.3
2023-09-04,28.0,25.1,23.2,23.5,23.0,22.4,96,89,74,1015.2,1013.2,1011.2,14.0,8.9,4.2,5.0
2023-09-05,26.9,25.4,23.8,23.5,23.1,22.6,95,87,78,1014.6,1012.5,1010.7,19.8,10.5,3.6,11.7
2023-09-06,28.4,25.7,23.5,23.8,23.2,23.0,98,86,74,1014.3,1012.3,1010.4,16.6,9.9,4.3,1.7
2023-09-07,28.9,26.4,24.7,24.1,23.5,22.9,93,85,73,1013.7,1011.9,1009.9,16.6,11.5,7.7,0.8
2023-09-08,28.1,26.1,25.0,24.3,23.8,22.8,93,87,78,1014.5,1011.7,1009.5,18.1,12.8,8.2,11.6
2023-09-09,27.4,25.2,24.4,23.8,23.3,22.6,94,89,77,1014.8,1013.4,1011.9,16.3,9.4,5.4,21.1
2023-09-10,28.9,26.1,24.1,24.1,23.6,23.3,96,87,74,1014.9,1013.0,1011.4,18.2,10.3,4.3,1.1
2023-09-11,28.7,26.5,24.7,24.1,23.6,23.4,94,85,74,1013.5,1011.6,1008.8,20.8,14.3,8.6,1.3
2023-09-12,27.9,25.5,24.1,23.9,23.3,22.8,95,88,77,1012.2,1010.5,1009.2,24.2,11.2,3.2,5.2
2023-09-13,28.3,25.5,24.0,23.8,23.3,22.9,94,88,76,1013.6,1010.8,1009.2,15.4,10.4,4.0,16.7
2023-09-14,28.6,26.0,24.0,23.7,23.1,22.6,93,85,73,1013.5,1011.0,1007.6,16.7,9.7,4.6,5.8
2023-09-15,28.4,25.9,24.4,23.7,23.3,22.8,93,86,75,1013.1,1011.0,1008.9,22.3,13.8,8.8,7.2
2023-09-16,26.9,24.6,23.1,23.9,23.3,22.6,97,93,83,1013.9,1011.7,1009.7,14.1,8.4,4.0,45.2
2023-09-17,27.3,25.6,24.4,23.7,23.3,22.8,95,87,78,1013.8,1011.9,1009.7,18.0,11.8,5.2,2.8
2023-09-18,28.9,25.8,23.8,23.8,23.4,23.0,97,87,72,1012.9,1011.3,1009.3,16.0,7.1,3.6,3.9
2023-09-19,28.9,25.7,23.9,24.0,23.5,23.3,97,88,72,1012.8,1010.9,1008.7,14.7,7.7,2.4,8.6
2023-09-20,29.1,26.1,23.5,24.3,23.6,22.9,98,86,73,1012.7,1011.0,1009.1,16.7,8.5,1.5,0.7
2023-09-21,29.1,26.9,25.1,24.5,24.0,23.4,95,85,75,1012.9,1010.5,1008.0,16.7,9.9,5.2,0.6
2023-09-22,28.8,25.7,24.3,24.0,23.4,23.0,95,88,75,1012.5,1010.6,1008.4,11.2,8.1,2.3,6.8
2023-09-23,28.8,25.7,23.0,23.7,23.3,22.8,100,87,70,1013.9,1011.3,1009.7,12.8,6.2,1.5,3.0
2023-09-24,25.6,24.6,23.7,23.9,23.1,22.5,96,91,85,1014.5,1012.7,1011.4,12.6,6.0,0.5,43.8
2023-09-25,29.0,26.0,23.8,24.3,23.7,23.3,97,87,73,1014.7,1012.6,1010.3,14.6,7.2,2.5,1.9
2023-09-26,29.2,26.4,24.5,24.4,24.1,23.6,96,87,74,1013.3,1011.2,1008.9,15.9,9.5,4.7,1.3
2023-09-27,29.8,27.2,25.0,24.6,24.2,23.6,95,84,70,1011.6,1009.7,1007.2,18.5,10.6,3.8,0.2
2023-09-28,29.2,27.2,25.7,24.4,24.1,23.8,92,84,74,1012.0,1009.8,1007.7,18.9,12.8,7.9,0.9
2023-09-29,28.2,26.1,25.4,24.7,23.9,23.3,93,88,79,1013.6,1011.3,1009.5,11.6,8.1,3.2,14.5
2023-09-30,28.8,26.5,24.5,24.7,24.1,23.4,97,87,76,1013.4,1011.2,1009.0,14.0,7.6,2.5,3.1
2023-10-01,29.4,26.8,25.0,24.7,24.0,22.9,94,85,75,1012.9,1010.6,1008.4,21.1,12.5,5.8,3.0
2023-10-02,29.0,26.8,24.8,24.6,23.9,23.0,94,85,75,1012.4,1010.4,1007.6,18.8,10.5,4.6,1.6
2023-10-03,29.3,26.9,24.6,24.6,23.9,23.3,93,84,72,1012.3,1010.3,1007.7,14.8,8.3,1.8,3.8
2023-10-04,29.7,27.1,25.0,25.0,24.2,23.7,93,84,72,1012.4,1010.3,1007.7,16.1,7.4,2.5,6.0
2023-10-05,29.1,26.4,24.8,24.7,24.0,23.6,93,87,77,1012.4,1010.6,1008.4,9.5,6.8,1.6,18.7
2023-10-06,29.3,26.7,24.4,25.2,24.5,23.9,98,88,75,1012.5,1010.4,1008.0,12.0,6.2,2.9,4.3
2023-10-07,27.0,25.6,24.9,25.0,24.0,23.6,95,91,87,1012.6,1010.7,1009.5,15.5,6.4,3.4,16.9
2023-10-08,29.5,26.3,24.2,24.8,24.1,23.6,97,88,75,1013.9,1011.5,1010.0,11.6,7.0,3.6,14.3
2023-10-09,29.2,25.9,24.1,24.8,24.0,23.2,98,90,73,1013.8,1012.1,1009.9,12.8,7.8,4.1,4.9
2023-10-10,30.0,26.7,24.3,24.8,24.2,23.6,98,87,71,1013.7,1011.7,1009.5,12.6,6.8,3.4,0.1
2023-10-11,29.4,26.8,24.6,24.8,24.0,23.5,97,85,71,1013.1,1011.3,1008.9,15.9,7.7,2.3,1.8
2023-10-12,28.5,26.0,24.5,25.0,24.0,22.7,96,89,80,1013.7,1011.3,1008.9,11.8,6.3,3.1,25.7
2023-10-13,31.1,26.9,24.0,24.9,23.7,22.6,98,84,62,1013.2,1011.2,1008.9,17.2,8.1,2.9,1.9
2023-10-14,30.1,26.9,25.5,25.2,24.6,23.9,97,88,73,1013.0,1011.4,1009.7,11.3,6.8,3.5,1.3
2023-10-15,29.6,27.2,25.2,24.9,24.2,23.4,96,84,73,1012.8,1010.5,1008.8,15.1,8.4,4.0,4.5
2023-10-16,28.5,26.4,24.5,24.3,23.7,22.8,94,85,77,1012.5,1010.8,1009.4,17.7,10.0,3.9,9.0
2023-10-17,27.8,25.9,24.6,24.6,23.4,22.3,95,87,72,1013.9,1011.6,1009.3,11.1,5.2,1.6,9.4
2023-10-18,29.9,26.4,22.9,24.4,23.5,22.4,98,85,70,1013.2,1011.4,1009.0,15.7,7.5,2.2,0.0
2023-10-19,29.6,27.1,25.2,25.0,24.5,23.9,96,86,74,1014.1,1012.0,1010.4,16.3,9.5,4.7,10.0
2023-10-20,30.1,27.1,24.7,25.0,24.4,23.8,97,86,71,1013.1,1011.3,1009.5,15.8,8.0,2.8,2.0
2023-10-21,30.2,27.1,24.8,24.9,24.4,23.6,98,86,70,1012.9,1010.8,1008.1,15.1,8.2,4.1,2.2
2023-10-22,29.8,27.1,25.4,25.3,24.6,23.6,97,86,75,1011.8,1010.0,1007.6,11.6,8.2,3.3,2.7
2023-10-23,29.5,27.3,25.7,24.8,24.1,23.2,91,83,69,1011.8,1009.9,1007.8,12.2,8.9,4.1,5.9
2023-10-24,30.1,27.3,24.9,25.1,24.4,24.1,96,85,73,1011.5,1009.6,1007.3,16.3,9.5,4.2,1.2
2023-10-25,29.8,27.4,25.5,24.9,24.3,23.9,94,84,71,1011.9,1010.1,1008.6,16.6,9.8,4.5,6.2
2023-10-26,30.1,27.5,25.9,25.1,24.6,24.1,95,85,72,1012.4,1010.5,1008.7,16.1,9.5,5.7,4.3
2023-10-27,29.8,27.4,25.7,24.9,24.4,23.8,95,84,70,1012.8,1010.6,1008.6,14.5,9.4,3.4,0.3
2023-10-28,30.4,27.3,24.6,24.9,24.3,23.7,99,84,68,1011.3,1009.2,1006.9,12.2,6.5,3.1,2.0
2023-10-29,31.3,27.7,25.2,25.8,24.8,24.0,96,85,67,1010.2,1007.7,1005.1,9.9,5.8,1.5,0.3
2023-10-30,30.5,27.9,26.0,25.6,25.1,24.2,95,85,71,1009.2,1007.2,1005.0,17.1,9.1,4.7,3.8
2023-10-31,29.0,26.9,24.0,25.2,23.7,21.9,94,83,67,1010.5,1008.2,1006.9,12.3,6.4,2.8,0.0
2023-11-01,30.8,27.8,25.4,25.7,24.1,23.0,99,81,65,1011.4,1009.8,1008.3,11.2,6.3,1.0,0.2
2023-11-02,30.8,27.5,24.5,25.2,24.4,23.4,97,84,66,1011.4,1010.2,1008.4,15.9,9.2,4.2,2.2
2023-11-03,30.8,27.8,25.7,25.5,24.8,24.3,95,84,69,1011.4,1009.6,1007.4,16.4,10.3,5.0,0.5
2023-11-04,29.9,27.2,24.2,25.1,24.2,22.3,96,84,68,1011.8,1009.8,1007.7,13.9,8.9,3.9,9.3
2023-11-05,29.8,27.3,25.7,25.3,24.7,23.6,96,86,70,1011.9,1009.9,1007.8,10.8,5.5,2.2,5.3
2023-11-06,30.3,27.3,24.6,25.8,24.8,24.5,100,87,75,1012.5,1010.4,1008.0,7.2,3.9,0.5,8.7
2023-11-07,29.5,27.4,25.8,25.5,24.8,24.0,96,86,77,1012.0,1009.9,1007.9,11.3,6.9,0.5,2.8
2023-11-08,30.2,27.4,25.1,24.8,24.2,23.8,96,84,70,1011.7,1009.7,1007.4,14.2,9.2,4.3,4.2
2023-11-09,29.8,27.4,25.1,25.0,24.5,23.5,96,85,72,1011.4,1009.6,1007.5,13.2,8.6,5.0,0.5
2023-11-10,30.9,28.1,25.9,25.3,24.9,24.6,97,84,70,1011.5,1009.8,1007.6,16.4,9.9,4.8,0.5
2023-11-11,30.7,27.9,25.9,25.4,24.8,23.9,97,84,69,1012.5,1010.4,1008.6,14.8,10.0,5.1,3.6
2023-11-12,30.2,27.7,25.7,25.4,24.9,24.1,96,85,71,1012.2,1010.4,1008.4,15.3,10.3,5.8,1.5
2023-11-13,30.9,27.7,25.4,25.5,24.9,24.4,99,86,68,1012.5,1010.5,1008.2,13.6,7.5,1.5,1.8
2023-11-14,31.6,27.9,25.2,25.5,25.0,23.9,100,85,65,1011.4,1009.5,1007.0,14.5,7.0,1.1,1.1
2023-11-15,30.7,26.9,24.9,25.2,23.8,22.7,91,83,69,1012.2,1010.1,1008.6,14.5,8.9,4.1,4.9
2023-11-16,31.3,27.5,25.0,24.9,23.8,22.1,97,81,58,1011.9,1009.5,1007.6,15.1,6.0,1.3,0.1
2023-11-17,30.9,27.8,24.7,25.4,24.6,23.9,96,83,66,1011.6,1009.4,1007.7,14.3,8.3,3.7,1.9
2023-11-18,30.8,27.8,25.6,25.7,25.1,24.5,95,86,71,1011.7,1010.1,1008.5,12.9,7.7,3.9,3.3
2023-11-19,30.8,27.8,25.0,25.5,24.9,23.9,99,85,67,1012.0,1010.1,1007.6,15.0,8.3,2.9,0.0
2023-11-20,30.6,27.7,25.2,25.7,24.9,24.0,99,85,68,1011.7,1009.9,1007.6,16.6,9.1,0.4,0.6
2023-11-21,32.0,27.7,24.9,25.6,24.7,22.8,99,85,58,1011.3,1009.3,1006.9,17.0,9.4,3.0,0.0
2023-11-22,30.7,27.6,24.9,25.2,24.3,23.5,98,83,65,1012.5,1009.7,1007.6,19.6,12.4,3.8,1.8
2023-11-23,30.4,27.8,26.3,25.0,24.4,23.6,92,82,68,1012.0,1010.0,1007.6,15.6,10.8,5.9,0.8
2023-11-24,30.4,27.6,26.1,24.9,24.4,23.7,93,83,68,1011.1,1009.4,1007.4,15.2,9.3,4.3,9.4
2023-11-25,28.6,26.7,25.3,25.1,24.4,23.6,98,87,76,1011.2,1009.0,1007.3,14.6,7.9,2.4,12.1
2023-11-26,28.2,25.6,24.4,25.1,24.0,22.8,99,91,83,1013.3,1011.2,1009.4,9.7,4.1,0.8,16.3
2023-11-27,29.9,26.3,22.6,24.3,23.1,21.7,98,83,63,1013.1,1011.1,1008.7,12.6,6.9,3.3,0.0
2023-11-28,30.1,26.8,23.7,24.7,24.1,23.5,99,86,72,1011.5,1009.9,1007.6,16.2,8.1,1.8,3.9
2023-11-29,29.9,27.2,24.8,24.5,24.1,23.3,96,84,68,1011.8,1009.8,1007.8,14.4,8.6,2.3,0.9
2023-11-30,30.5,27.4,24.9,25.3,24.7,24.2,98,86,69,1011.6,1010.1,1008.4,14.3,7.1,2.5,0.8
2023-12-01,30.8,27.7,25.1,25.3,24.9,24.3,98,85,69,1012.3,1010.5,1008.6,15.3,9.3,4.3,1.9
2023-12-02,31.1,27.9,25.2,25.3,24.8,23.9,96,84,65,1012.5,1010.4,1008.1,14.2,8.8,4.4,0.5
2023-12-03,30.9,27.6,25.0,25.4,24.9,24.3,99,86,69,1011.5,1009.8,1008.0,18.5,8.8,3.7,0.0
2023-12-04,31.0,27.7,24.7,25.2,24.6,23.7,98,84,66,1011.7,1010.1,1008.2,12.3,7.9,3.3,0.0
2023-12-05,31.4,27.7,24.4,25.6,24.8,23.8,99,85,64,1011.8,1010.1,1008.2,14.9,8.2,3.3,2.7
2023-12-06,28.9,27.1,25.2,25.6,24.6,23.6,97,87,74,1012.6,1010.6,1009.0,14.3,7.8,1.1,2.9
2023-12-07,30.3,27.3,24.9,25.2,24.8,24.3,100,87,71,1013.1,1011.2,1009.2,14.0,8.4,2.8,0.5
2023-12-08,31.5,28.0,25.5,25.3,24.6,23.1,96,82,61,1012.9,1010.9,1008.7,16.5,8.3,2.2,0.3
2023-12-09,31.2,27.7,24.9,25.5,24.9,23.6,99,85,64,1011.0,1009.0,1006.7,16.7,8.1,1.8,0.0
2023-12-10,31.2,27.6,24.8,25.7,24.9,23.3,100,86,64,1011.0,1009.2,1007.4,14.3,7.6,2.6,3.9
2023-12-11,31.6,27.8,25.2,25.7,24.8,23.1,97,84,61,1011.6,1009.6,1007.4,17.1,9.1,1.8,0.0
2023-12-12,31.2,26.8,24.5,25.5,22.6,17.6,97,79,44,1012.4,1010.3,1008.4,11.2,7.0,1.1,1.2
2023-12-13,30.3,25.7,21.8,23.0,18.8,14.4,94,68,40,1011.6,1009.7,1007.2,10.2,7.4,4.7,0.0
2023-12-14,31.0,25.9,21.6,22.0,19.6,16.1,92,70,41,1010.8,1009.1,1007.2,11.5,7.6,5.0,0.0
2023-12-15,32.1,26.4,22.0,23.0,20.2,16.2,92,71,40,1010.7,1008.6,1006.2,10.8,7.4,3.2,0.0
2023-12-16,31.5,26.3,21.3,25.1,21.9,16.8,94,79,42,1009.8,1007.8,1005.9,11.9,7.2,1.9,0.0
2023-12-17,32.1,26.8,23.1,24.8,23.4,19.8,99,83,48,1009.9,1007.8,1005.4,14.2,7.9,3.1,0.0
2023-12-18,33.0,27.1,23.0,25.0,22.2,15.8,99,78,37,1010.2,1008.2,1006.2,13.8,7.8,2.9,0.0
2023-12-19,31.9,27.5,23.8,25.2,24.3,22.6,100,84,58,1011.3,1009.1,1007.3,15.6,8.2,1.3,0.0
2023-12-20,33.7,28.1,24.4,25.2,23.7,19.3,98,80,43,1012.8,1010.2,1007.4,15.8,8.1,1.8,0.0
2023-12-21,32.6,27.1,23.0,25.0,20.6,13.5,100,72,32,1011.7,1009.6,1006.9,11.0,7.5,1.1,0.0
2023-12-22,33.3,27.3,22.6,24.0,21.2,14.6,91,72,32,1012.1,1009.9,1007.3,11.5,7.1,1.1,0.0
2023-12-23,33.0,27.7,22.7,25.4,22.7,17.3,97,76,39,1012.3,1010.1,1007.8,15.1,8.4,2.9,0.0
2023-12-24,33.3,27.8,23.8,25.7,23.7,17.6,99,81,39,1013.1,1010.4,1008.1,17.0,7.7,2.6,0.0
2023-12-25,32.9,27.3,22.9,25.3,22.3,12.8,100,78,30,1012.3,1009.8,1007.4,14.1,8.0,3.8,0.0
2023-12-26,32.7,27.8,24.5,25.3,24.0,21.4,100,82,51,1012.7,1010.0,1007.2,17.0,8.9,4.3,0.0
2023-12-27,32.3,27.5,24.1,25.4,23.7,19.9,99,82,49,1012.4,1010.3,1008.5,14.6,8.1,5.1,0.0
2023-12-28,32.5,27.6,24.1,25.2,23.6,19.6,99,81,48,1013.0,1011.2,1009.2,17.3,8.4,3.3,0.0
2023-12-29,33.1,27.6,23.7,25.1,23.1,18.8,97,79,43,1012.5,1010.4,1007.7,15.2,7.8,2.6,0.0
2023-12-30,32.3,27.7,24.7,25.5,24.4,22.4,100,83,56,1012.4,1010.1,1007.8,15.9,8.9,2.2,0.0
2023-12-31,32.4,28.0,24.9,25.5,24.5,22.2,99,83,55,1011.8,1009.9,1007.6,16.7,8.9,1.5,0.0
2024-01-01,32.2,27.9,24.8,25.6,24.9,23.2,99,84,59,1012.2,1010.5,1008.6,17.7,8.6,1.8,1.9
2024-01-02,33.2,28.1,24.6,25.9,24.8,22.5,98,84,54,1013.1,1011.2,1009.0,19.2,10.3,2.0,0.2
2024-01-03,31.1,28.0,25.6,25.6,24.9,23.9,97,84,67,1013.0,1011.4,1009.3,20.5,9.9,3.6,0.1
2024-01-04,31.7,28.1,25.0,25.3,24.8,24.1,98,83,66,1013.1,1011.1,1008.7,16.9,9.9,3.3,0.1
2024-01-05,31.1,27.7,25.3,25.9,24.6,23.4,99,84,67,1013.0,1010.8,1009.1,16.8,9.8,3.2,1.0
2024-01-06,31.8,28.2,25.5,25.7,24.8,23.9,99,83,64,1013.3,1010.9,1009.0,15.9,9.1,2.2,2.3
2024-01-07,31.8,28.4,25.1,25.6,24.6,23.5,97,80,62,1012.1,1010.2,1008.0,15.5,9.0,2.4,0.5
2024-01-08,31.7,28.1,24.9,25.7,24.9,23.9,98,84,64,1011.5,1009.5,1007.5,16.2,9.4,3.3,1.0
2024-01-09,31.1,28.0,25.0,25.8,24.8,24.1,100,84,67,1011.6,1009.6,1007.9,18.1,9.5,2.4,0.7
2024-01-10,31.1,27.6,25.1,25.6,24.8,23.5,99,85,68,1012.9,1010.7,1009.0,18.3,9.5,2.6,2.2
2024-01-11,33.3,28.1,24.6,26.2,24.8,21.9,99,84,51,1011.9,1009.7,1007.1,19.4,8.5,2.3,0.0
2024-01-12,32.9,28.2,24.7,26.2,24.9,21.2,99,84,50,1011.9,1009.3,1006.8,17.6,8.9,3.4,0.4
2024-01-13,32.4,28.2,25.6,26.0,24.6,21.7,99,83,53,1012.5,1010.2,1008.4,18.1,10.2,4.3,0.0
2024-01-14,31.9,27.6,24.5,25.5,24.6,21.5,99,84,54,1012.9,1010.9,1009.4,18.9,8.9,3.2,0.3
2024-01-15,32.4,27.5,24.9,25.5,24.3,19.7,97,84,47,1014.3,1011.9,1009.9,20.5,10.9,4.3,0.0
2024-01-16,33.0,27.8,24.0,25.3,23.7,20.1,99,81,48,1014.7,1012.2,1009.5,17.0,9.6,4.4,0.0
2024-01-17,34.1,28.0,24.5,25.2,22.8,15.1,100,77,32,1014.8,1012.2,1009.6,18.7,9.6,4.9,0.0
2024-01-18,33.1,27.4,23.6,25.3,23.3,19.8,99,81,46,1013.6,1011.2,1008.5,16.5,9.2,2.6,0.0
2024-01-19,32.2,27.8,24.5,25.2,23.6,20.1,100,80,49,1013.0,1011.2,1008.9,15.9,8.7,1.8,0.0
2024-01-20,34.5,28.3,24.1,25.6,23.5,18.3,98,78,38,1013.9,1011.6,1009.3,18.4,8.0,1.0,0.0
2024-01-21,33.2,27.8,23.8,25.6,24.3,22.1,100,83,52,1013.6,1011.2,1008.8,18.3,8.9,1.5,0.0
2024-01-22,33.0,28.3,24.8,25.6,24.7,21.2,99,82,51,1013.7,1011.5,1008.9,17.7,9.8,1.8,0.0
2024-01-23,32.9,28.7,25.2,25.4,24.1,21.7,96,77,52,1013.7,1012.0,1010.1,17.3,11.1,4.4,0.0
2024-01-24,31.5,28.3,25.3,25.7,24.8,23.5,96,82,63,1013.9,1012.0,1009.6,14.8,8.0,3.4,2.2
2024-01-25,34.0,28.9,25.3,25.8,21.0,9.3,97,68,22,1014.4,1011.6,1008.5,13.6,9.3,3.9,0.0
2024-01-26,32.5,27.5,23.5,23.7,17.5,9.1,91,59,25,1014.7,1011.5,1009.2,14.9,8.9,3.3,0.0
2024-01-27,32.8,27.2,21.5,22.3,15.9,9.8,86,55,25,1013.7,1010.9,1008.1,11.6,8.1,5.6,0.0
2024-01-28,32.8,27.0,21.4,22.5,16.0,9.2,88,56,24,1013.1,1010.8,1008.4,12.8,8.7,0.8,0.0
2024-01-29,33.0,27.2,22.2,24.8,20.4,13.6,90,70,31,1013.1,1010.9,1008.4,15.7,8.4,0.5,0.0
2024-01-30,33.4,27.8,23.7,25.2,23.2,19.3,99,78,43,1012.9,1010.5,1007.6,18.0,9.7,2.6,0.0
2024-01-31,32.7,28.1,24.6,25.3,24.3,22.5,99,82,57,1013.6,1011.1,1008.9,17.9,10.2,4.3,0.0
2024-02-01,32.4,28.6,25.8,25.8,24.9,23.1,97,81,59,1014.1,1011.9,1009.4,17.9,10.9,3.3,0.0
2024-02-02,34.2,28.4,25.7,26.1,24.7,19.6,97,82,42,1013.1,1010.6,1007.3,17.8,9.0,4.3,0.0
2024-02-03,33.6,28.0,23.5,25.4,18.7,10.1,100,65,24,1011.5,1009.4,1006.5,11.8,8.1,3.5,0.0
2024-02-04,34.2,27.8,22.2,23.3,16.8,8.9,93,57,22,1012.8,1010.3,1007.7,14.9,9.3,5.4,0.0
2024-02-05,33.7,27.4,21.5,22.8,15.6,6.6,89,54,19,1014.4,1012.1,1009.8,13.0,8.0,4.2,0.0
2024-02-06,33.5,27.2,21.2,22.1,14.7,7.8,85,52,21,1014.6,1012.1,1009.5,14.5,9.1,5.4,0.0
2024-02-07,33.8,26.8,20.1,21.4,14.6,5.9,87,55,18,1014.1,1011.5,1008.3,14.8,8.6,4.8,0.0
2024-02-08,34.0,26.7,19.5,24.9,18.5,9.1,93,66,23,1013.6,1011.0,1008.3,15.5,8.7,0.7,0.0
2024-02-09,32.4,27.5,24.3,25.8,24.2,21.7,99,84,55,1013.5,1011.0,1008.7,17.7,10.0,4.5,0.0
2024-02-10,33.0,28.2,25.1,25.8,24.8,23.2,99,83,58,1013.1,1010.5,1008.0,20.0,11.6,4.3,0.0
2024-02-11,32.4,28.6,25.8,25.9,24.9,22.7,98,82,57,1011.7,1009.8,1007.7,18.6,11.8,4.2,0.0
2024-02-12,33.6,28.9,25.9,26.4,25.5,23.6,97,83,57,1011.3,1009.2,1006.9,20.7,10.8,1.5,0.0
2024-02-13,33.5,29.3,27.2,26.6,25.8,24.8,96,83,61,1011.9,1009.8,1007.6,21.4,13.1,5.1,0.2
2024-02-14,33.6,29.6,27.3,26.5,26.0,24.6,94,82,59,1012.0,1010.1,1007.7,21.1,14.1,6.6,0.5
2024-02-15,33.3,29.0,26.9,26.7,25.7,24.3,95,83,59,1011.8,1010.0,1007.5,21.4,11.9,4.7,1.3
2024-02-16,33.0,28.7,25.8,26.1,25.4,24.2,99,83,62,1012.3,1009.9,1007.5,19.8,11.0,3.0,0.0
2024-02-17,32.6,29.0,26.1,26.2,25.5,24.6,97,82,63,1011.9,1010.0,1007.7,17.9,11.6,4.0,0.4
2024-02-18,32.6,29.0,26.4,26.2,25.7,24.8,96,83,64,1011.4,1009.8,1007.7,14.8,9.0,2.5,2.0
2024-02-19,32.7,29.3,26.8,26.6,26.1,24.6,97,84,63,1011.3,1009.0,1006.6,16.8,10.5,3.6,2.2
2024-02-20,31.7,28.5,25.4,26.4,25.3,24.1,93,83,67,1010.4,1007.8,1004.9,19.1,11.4,2.3,20.6
2024-02-21,32.6,28.9,27.3,26.1,25.4,24.6,91,82,65,1008.7,1006.9,1004.0,20.4,13.4,7.4,4.7
2024-02-22,32.3,28.2,24.9,25.8,24.7,24.0,95,82,63,1009.5,1007.2,1005.0,18.7,13.7,7.1,3.9
2024-02-23,30.8,28.4,27.1,25.5,24.9,24.4,89,82,70,1011.7,1008.6,1006.8,15.0,7.3,2.5,0.5
2024-02-24,32.3,28.6,26.8,25.6,24.1,21.4,91,77,53,1011.9,1010.1,1008.0,11.7,7.4,3.3,0.0
2024-02-25,32.5,28.8,25.7,25.9,24.7,22.9,97,80,57,1012.9,1010.7,1008.4,16.0,9.3,3.9,0.0
2024-02-26,32.0,28.9,26.4,25.9,25.1,24.3,94,81,64,1011.8,1009.4,1007.1,14.9,10.8,5.4,3.9
2024-02-27,32.5,29.2,26.5,26.2,25.5,24.4,97,81,62,1010.8,1008.5,1006.4,18.6,12.0,4.6,0.8
2024-02-28,32.5,29.6,27.0,26.0,25.5,24.4,94,79,63,1010.1,1007.9,1005.7,19.1,13.5,5.0,0.1
2024-02-29,32.7,29.7,28.0,26.2,25.4,24.7,87,78,63,1009.9,1007.6,1004.9,24.2,18.5,13.9,0.1
2024-03-01,31.8,29.1,27.5,25.7,25.2,24.4,89,80,66,1010.1,1008.1,1005.7,20.1,16.4,11.1,0.8
2024-03-02,32.5,29.0,27.0,25.9,25.3,24.5,91,81,64,1011.5,1009.3,1007.3,19.2,14.3,8.8,7.4
2024-03-03,32.0,28.6,26.3,25.9,25.1,24.0,91,82,63,1012.2,1009.8,1007.8,16.3,11.7,3.8,11.0
2024-03-04,32.6,28.9,26.3,26.0,24.4,22.2,94,78,56,1010.7,1008.8,1006.9,19.8,12.7,6.1,0.0
2024-03-05,32.7,28.9,26.2,25.7,24.9,23.9,92,80,61,1010.9,1009.0,1006.9,18.2,13.5,6.9,2.9
2024-03-06,32.3,29.2,27.7,25.9,25.2,24.4,88,80,63,1012.4,1009.5,1007.1,20.7,16.6,11.1,0.5
2024-03-07,32.3,28.8,26.1,25.7,24.8,23.7,92,80,60,1013.1,1010.5,1007.9,22.0,14.3,7.1,11.6
2024-03-08,32.1,29.2,27.5,25.5,24.9,23.8,89,78,62,1012.4,1010.2,1007.9,21.7,16.0,9.4,0.3
2024-03-09,30.5,27.7,25.5,25.2,24.4,22.5,95,83,63,1012.5,1010.1,1007.5,14.0,7.7,1.8,2.8
2024-03-10,32.2,28.6,25.0,25.8,25.0,24.5,97,82,64,1010.5,1008.8,1006.3,15.9,10.3,3.9,0.0
2024-03-11,32.8,29.7,27.8,26.0,25.0,24.1,89,77,60,1012.1,1010.2,1008.5,20.8,14.9,10.2,0.0
2024-03-12,32.5,29.5,27.6,26.1,25.5,24.9,91,80,66,1012.8,1010.6,1008.4,20.0,15.0,10.1,0.2
2024-03-13,32.4,29.4,27.7,25.9,25.5,24.7,90,80,64,1012.1,1010.4,1008.6,19.7,14.6,9.8,1.0
2024-03-14,32.4,28.6,26.0,25.9,24.9,23.4,89,81,63,1013.0,1010.9,1009.4,25.3,15.1,8.7,6.9
2024-03-15,34.5,28.7,25.4,26.5,25.4,24.7,97,83,59,1012.6,1009.3,1006.3,18.5,9.7,0.7,0.0
2024-03-16,32.4,29.4,26.9,27.0,25.9,24.9,97,82,65,1010.4,1008.5,1006.6,18.6,11.5,6.4,0.0
2024-03-17,32.6,29.8,27.6,25.9,25.4,24.8,91,78,65,1009.5,1007.7,1005.5,17.3,12.2,4.5,0.0
2024-03-18,33.1,29.8,27.2,26.5,25.8,24.7,96,80,62,1008.8,1006.8,1004.5,17.2,10.6,4.0,1.2
2024-03-19,33.3,29.6,27.3,26.6,25.7,24.3,95,80,61,1008.7,1006.7,1004.0,18.7,11.2,5.2,0.6
2024-03-20,32.6,29.6,27.6,26.4,25.8,24.7,92,81,64,1008.8,1006.7,1004.9,17.9,12.0,7.2,0.7
2024-03-21,33.3,29.1,27.4,26.7,25.9,25.0,96,83,63,1009.6,1007.5,1006.0,15.4,9.9,4.8,13.7
2024-03-22,33.2,29.8,27.4,26.5,25.1,24.2,91,77,60,1009.2,1007.0,1005.2,18.8,14.4,7.7,0.0
2024-03-23,32.7,29.6,28.0,25.9,25.3,24.0,87,78,60,1009.8,1007.4,1005.6,20.2,15.2,9.9,1.6
2024-03-24,32.5,29.3,27.1,25.8,25.1,24.2,91,79,63,1010.1,1008.1,1005.8,15.6,12.3,7.6,0.0
2024-03-25,32.8,28.7,26.9,25.8,25.1,24.2,90,81,63,1011.7,1009.0,1007.1,19.2,13.5,7.2,5.3
2024-03-26,32.7,29.8,27.4,25.5,24.6,23.6,88,74,61,1011.2,1009.1,1007.2,16.2,11.8,6.4,0.0
2024-03-27,33.3,30.0,27.8,26.1,25.4,24.6,89,77,61,1010.7,1008.3,1005.9,19.0,11.6,5.9,0.0
2024-03-28,33.5,29.1,27.3,26.3,25.8,25.0,93,83,62,1010.9,1008.8,1006.7,17.8,11.9,6.7,11.3
2024-03-29,33.1,29.0,26.1,26.4,25.6,24.4,92,82,63,1011.0,1008.9,1006.2,21.8,15.5,9.9,18.5
2024-03-30,32.6,29.6,27.8,26.0,25.4,24.6,88,79,65,1010.9,1008.9,1006.8,22.2,16.5,9.4,0.8
2024-03-31,32.5,29.7,27.7,26.1,25.3,24.0,91,78,61,1011.3,1009.1,1007.6,17.6,13.3,8.2,1.7
2024-04-01,31.5,29.2,27.4,25.9,25.3,24.8,92,80,68,1011.9,1009.8,1008.2,19.2,13.5,4.4,1.8
2024-04-02,32.4,29.5,27.0,26.2,25.8,25.0,94,81,65,1010.4,1008.4,1006.4,22.9,14.0,4.7,0.6
2024-04-03,32.4,29.5,27.0,26.2,25.2,24.0,93,78,63,1009.6,1007.4,1005.4,21.5,14.0,6.9,0.3
2024-04-04,32.9,29.3,26.9,25.7,24.8,23.4,90,78,59,1010.2,1007.7,1005.9,19.6,12.9,6.9,1.7
2024-04-05,32.3,28.6,26.8,25.7,24.7,24.0,89,80,61,1011.4,1009.2,1007.5,21.6,14.9,7.1,16.8
2024-04-06,32.2,28.5,26.3,25.6,24.8,23.9,95,81,62,1012.5,1009.8,1008.0,16.9,9.4,3.3,14.5
2024-04-07,33.4,29.2,25.7,25.9,25.2,24.0,98,80,59,1012.4,1009.3,1006.7,19.4,11.0,3.8,1.0
2024-04-08,31.8,29.1,27.4,25.8,24.9,23.6,88,79,65,1010.5,1008.7,1006.7,24.5,12.2,4.5,0.1
2024-04-09,32.7,29.5,27.5,25.4,24.5,23.8,88,75,60,1010.1,1007.9,1005.1,15.3,10.6,6.2,0.8
2024-04-10,32.9,29.2,26.6,26.4,25.2,24.2,93,80,60,1010.2,1007.6,1005.1,16.4,9.2,4.4,2.3
2024-04-11,32.6,28.8,27.2,26.4,25.3,24.1,92,82,62,1011.6,1008.5,1006.3,21.1,13.3,7.5,4.7
2024-04-12,34.4,30.1,27.6,25.6,24.7,23.1,87,74,52,1011.1,1009.0,1006.5,19.4,13.0,3.7,0.0
2024-04-13,32.8,29.9,28.2,25.7,24.6,23.6,85,74,60,1011.2,1008.8,1006.5,21.8,15.9,9.5,1.9
2024-04-14,32.1,28.7,26.4,25.3,24.6,23.8,89,79,65,1011.5,1009.4,1007.1,15.5,9.0,4.9,2.0
2024-04-15,32.8,29.8,27.3,26.0,25.2,24.2,91,77,62,1011.0,1009.2,1007.1,13.8,9.2,5.6,6.3
2024-04-16,32.2,29.5,27.3,25.7,24.9,23.4,89,77,60,1010.4,1008.7,1006.7,18.1,12.2,4.8,0.7
2024-04-17,32.4,29.4,26.3,25.9,25.1,23.9,96,79,61,1009.5,1007.9,1006.4,17.3,11.6,4.5,0.0
2024-04-18,32.9,29.9,26.8,26.2,25.8,25.2,95,79,65,1010.6,1008.6,1006.9,21.7,13.3,4.7,0.3
2024-04-19,32.0,30.0,28.4,26.5,25.9,25.1,89,79,69,1010.7,1008.7,1006.8,21.4,15.0,6.5,1.7
2024-04-20,33.4,29.9,27.7,26.5,25.8,24.6,93,79,60,1009.7,1007.4,1005.4,21.1,13.2,6.4,1.0
2024-04-21,32.1,29.5,27.9,26.4,25.6,25.0,91,80,68,1009.6,1007.2,1005.0,18.8,13.3,8.4,5.9
2024-04-22,33.7,29.4,26.6,26.2,25.4,24.6,95,80,61,1010.1,1007.8,1005.6,18.0,10.2,4.7,0.1
2024-04-23,31.0,28.7,26.1,26.1,25.1,24.6,92,81,70,1010.9,1008.6,1005.6,15.7,7.7,3.2,2.7
2024-04-24,32.4,29.2,26.3,25.2,24.2,22.7,92,75,57,1010.6,1009.1,1007.0,17.8,11.3,5.2,0.0
2024-04-25,32.6,29.5,27.4,26.3,25.3,24.5,91,79,63,1010.2,1008.4,1006.5,18.5,12.5,7.5,2.9
2024-04-26,32.9,29.7,27.9,26.2,25.5,24.4,89,79,61,1009.6,1007.5,1005.0,20.0,14.3,7.9,3.2
2024-04-27,33.5,30.1,27.4,26.3,25.7,24.9,93,78,61,1008.4,1006.6,1004.2,17.1,10.9,4.7,0.1
2024-04-28,33.5,30.3,28.3,26.2,25.5,24.7,88,76,60,1009.4,1007.1,1005.4,20.9,14.2,7.5,0.0
2024-04-29,32.5,29.9,28.1,25.8,25.2,24.5,85,76,64,1009.8,1008.1,1006.3,19.8,15.0,9.3,0.9
2024-04-30,33.3,29.8,26.6,26.2,25.6,25.0,97,79,62,1009.9,1006.8,1003.9,23.2,11.8,3.1,1.7
2024-05-01,31.7,29.2,27.9,26.2,25.2,23.6,89,79,67,1009.6,1006.6,1004.6,22.9,14.1,5.5,0.1
2024-05-02,32.8,29.7,27.7,25.3,24.5,23.6,85,74,61,1010.3,1007.9,1006.1,16.6,12.1,6.3,0.2
2024-05-03,32.7,28.7,27.1,25.6,25.0,24.0,91,81,61,1011.2,1009.8,1008.7,19.8,9.0,3.2,7.1
2024-05-04,32.4,29.0,26.0,26.0,24.9,23.7,100,80,60,1011.3,1009.5,1008.0,16.0,8.6,2.9,1.1
2024-05-05,32.9,30.0,27.8,26.0,25.2,24.6,89,76,62,1010.1,1008.0,1005.6,17.7,11.4,5.7,1.4
2024-05-06,31.8,29.1,26.0,25.7,24.9,23.4,93,79,64,1009.7,1007.4,1005.4,16.9,9.4,3.0,5.8
2024-05-07,32.1,28.7,25.2,25.6,24.6,23.1,94,79,60,1010.1,1008.3,1006.1,13.2,8.0,3.3,2.9
2024-05-08,33.1,29.9,27.8,26.1,24.9,23.8,90,75,61,1009.7,1008.2,1006.9,20.7,11.1,5.1,1.2
2024-05-09,33.0,29.7,26.6,25.7,25.1,24.0,94,77,59,1010.1,1007.8,1005.6,19.9,11.1,3.9,0.0
2024-05-10,33.0,30.2,28.7,25.7,25.0,24.4,83,74,62,1009.5,1007.8,1005.9,17.3,12.5,6.4,0.0
2024-05-11,32.6,29.3,27.0,26.1,25.1,24.2,94,79,62,1010.7,1008.5,1006.8,15.7,8.9,1.6,1.5
2024-05-12,32.7,29.0,26.6,25.8,25.0,23.8,95,80,59,1011.6,1009.5,1008.0,16.3,9.2,4.2,2.1
2024-05-13,32.8,28.9,26.7,25.6,24.7,23.7,93,79,60,1011.2,1009.7,1007.3,14.7,8.6,1.8,0.0
2024-05-14,31.5,28.5,25.2,25.9,24.9,23.8,98,82,67,1011.1,1009.4,1007.5,16.9,8.8,4.0,0.0
2024-05-15,32.0,29.2,26.8,26.3,25.4,24.6,94,80,68,1011.3,1009.2,1007.5,16.9,9.2,1.9,0.6
2024-05-16,31.1,27.6,25.6,25.6,25.1,24.3,97,87,69,1013.1,1010.3,1008.6,17.4,8.6,2.3,11.1
2024-05-17,32.1,27.9,25.0,25.5,24.5,23.5,97,83,63,1013.1,1011.2,1009.0,17.1,9.8,3.7,2.0
2024-05-18,31.3,28.3,25.6,25.4,24.8,24.1,94,82,69,1012.3,1010.3,1008.1,16.6,9.2,2.4,10.3
2024-05-19,31.7,29.2,27.2,25.7,25.0,24.4,91,79,65,1011.0,1009.1,1007.1,18.1,13.1,6.5,1.7
2024-05-20,31.8,29.2,26.9,25.7,25.0,24.5,92,78,66,1011.6,1009.7,1007.9,17.4,11.5,6.0,0.1
2024-05-21,32.6,29.2,26.5,25.8,25.2,24.3,95,80,62,1012.7,1010.8,1008.7,21.3,12.3,5.0,2.3
2024-05-22,29.7,28.0,26.3,25.6,25.2,24.8,95,85,75,1012.8,1011.3,1009.7,19.1,11.1,4.2,3.3
2024-05-23,31.2,28.0,25.1,25.3,24.7,24.2,96,83,68,1012.1,1010.6,1008.9,21.7,10.0,2.5,0.7
2024-05-24,31.4,28.2,26.4,25.1,24.6,23.9,91,81,64,1012.8,1010.7,1008.9,19.6,12.0,6.4,4.8
2024-05-25,28.8,27.0,25.6,25.0,24.5,23.5,93,86,76,1013.4,1011.6,1009.7,13.6,5.8,1.6,24.8
2024-05-26,30.5,27.8,25.7,25.6,24.6,23.4,98,84,68,1013.4,1011.5,1010.0,16.3,7.8,2.2,0.5
2024-05-27,31.8,28.2,25.2,24.7,24.2,23.5,94,80,62,1013.3,1011.7,1009.6,17.6,10.7,6.2,0.0
2024-05-28,31.0,28.7,27.0,24.9,24.6,24.2,88,79,69,1013.4,1011.8,1010.6,17.7,12.5,7.4,2.4
2024-05-29,30.9,28.4,26.0,25.5,24.7,23.8,97,81,67,1013.1,1011.9,1010.2,17.5,10.1,3.0,0.4
2024-05-30,32.7,28.7,26.0,25.8,24.8,23.9,94,80,60,1013.2,1011.0,1008.9,16.3,8.5,2.9,2.1
2024-05-31,29.5,27.3,24.3,25.6,24.4,23.2,94,84,74,1014.2,1012.0,1010.2,18.2,11.2,2.9,12.6
2024-06-01,30.6,27.9,25.5,25.5,24.8,24.0,97,84,70,1014.4,1012.6,1010.8,14.2,8.1,3.1,1.6
2024-06-02,27.7,26.3,25.0,24.8,24.1,22.9,95,88,77,1015.1,1012.4,1010.6,14.1,7.6,2.8,12.5
2024-06-03,29.5,26.9,24.6,24.7,24.1,23.7,95,85,74,1014.6,1012.5,1010.8,15.9,7.3,1.8,0.4
2024-06-04,29.3,27.2,26.1,25.2,24.3,23.5,92,85,75,1014.1,1012.1,1010.2,19.1,12.2,7.4,3.3
2024-06-05,30.1,27.6,25.0,24.6,24.2,23.8,95,82,72,1013.6,1011.7,1009.5,14.8,9.3,1.8,1.6
2024-06-06,29.3,26.7,25.0,24.7,24.0,23.1,91,85,74,1014.4,1012.6,1011.1,19.2,9.9,3.1,17.7
2024-06-07,29.0,26.7,25.1,24.6,23.9,23.4,94,85,72,1015.8,1013.9,1012.0,10.2,6.7,0.0,6.5
2024-06-08,29.5,26.7,25.0,25.0,24.4,24.0,94,87,73,1015.5,1013.4,1011.3,14.1,7.7,2.2,16.0
2024-06-09,29.1,26.8,26.0,25.1,24.3,23.6,94,87,74,1013.8,1012.2,1010.7,18.2,11.2,4.8,14.6
2024-06-10,29.9,27.6,25.7,24.6,24.2,23.7,92,82,70,1014.2,1012.6,1011.0,16.3,11.8,6.5,3.2
2024-06-11,28.2,26.1,25.1,24.7,23.9,22.9,93,87,79,1015.2,1013.4,1012.1,14.1,8.6,2.7,9.5
2024-06-12,29.4,26.6,23.3,24.4,23.8,23.2,100,85,72,1015.0,1011.9,1009.5,14.7,7.1,2.4,2.8
2024-06-13,30.2,27.6,25.5,24.9,24.3,23.8,96,82,70,1013.1,1011.4,1009.2,17.1,10.9,5.4,0.5
2024-06-14,27.6,26.6,25.3,24.3,23.9,23.3,91,85,79,1013.2,1011.5,1009.7,14.7,11.3,6.0,8.6
2024-06-15,28.1,25.6,24.4,24.5,23.4,22.4,94,87,75,1013.4,1011.6,1010.1,17.1,9.5,1.1,19.8
2024-06-16,27.3,25.9,24.8,24.5,24.1,23.6,96,90,82,1012.9,1011.4,1009.8,7.8,5.0,2.3,3.3
2024-06-17,28.8,26.5,24.5,24.3,23.8,23.3,96,86,74,1013.1,1011.4,1009.5,14.8,7.3,0.5,1.7
2024-06-18,29.4,26.7,24.6,25.0,24.2,23.7,99,87,72,1012.7,1011.1,1009.3,9.8,5.9,1.8,1.4
2024-06-19,30.3,27.5,25.4,24.8,24.3,23.7,95,83,70,1012.4,1010.2,1008.8,18.7,11.8,6.3,1.6
2024-06-20,28.3,26.7,25.2,24.6,23.8,23.2,91,84,79,1012.8,1011.0,1009.7,14.7,9.5,4.6,5.2
2024-06-21,29.2,25.9,24.6,24.3,23.8,22.8,96,89,72,1013.5,1012.2,1011.0,14.2,8.0,3.5,17.4
2024-06-22,29.3,26.5,23.7,24.7,23.8,23.2,97,86,72,1013.5,1011.7,1010.1,16.3,7.7,1.1,1.1
2024-06-23,29.2,26.8,25.2,24.6,24.2,23.7,96,86,75,1013.2,1011.4,1009.6,15.3,9.3,4.0,1.2
2024-06-24,29.7,26.8,25.7,24.7,24.0,23.3,90,85,74,1012.8,1010.9,1009.5,12.5,9.0,5.8,10.7
2024-06-25,27.3,25.5,23.7,24.4,23.7,23.1,98,90,81,1013.4,1011.3,1009.8,15.0,6.7,1.3,31.3
2024-06-26,29.2,26.3,24.0,24.7,23.8,23.1,97,87,74,1012.8,1011.1,1009.9,15.3,8.6,3.7,6.2
2024-06-27,29.4,26.7,24.3,24.1,23.6,22.6,95,83,71,1012.0,1010.6,1008.9,13.0,7.1,2.1,2.0
2024-06-28,29.1,27.0,25.5,24.6,24.0,23.6,91,84,75,1013.0,1011.1,1009.6,17.6,10.6,4.6,9.6
2024-06-29,27.5,26.0,25.2,24.5,23.9,22.9,93,88,77,1013.1,1011.3,1009.2,14.6,9.4,4.3,8.1
2024-06-30,29.0,26.5,24.4,24.5,23.8,23.3,96,86,75,1013.6,1011.5,1009.8,16.9,10.0,4.5,2.3
2024-07-01,29.7,26.7,24.4,24.4,23.9,23.6,97,85,73,1014.2,1012.3,1010.3,14.8,10.0,6.1,5.0
2024-07-02,28.1,26.2,24.4,24.3,23.6,23.0,92,86,78,1013.4,1011.9,1010.0,19.4,12.5,7.8,14.5
2024-07-03,26.1,25.0,24.4,23.9,23.3,22.8,93,90,86,1014.0,1011.8,1010.1,16.8,12.0,3.9,37.5
2024-07-04,27.3,25.2,23.9,23.9,23.1,22.8,95,89,77,1014.4,1012.8,1010.8,14.0,8.7,2.5,21.9
2024-07-05,30.0,26.1,23.9,24.1,23.6,23.1,95,87,71,1014.4,1012.6,1011.0,12.5,8.2,5.0,5.5
2024-07-06,27.7,25.7,24.2,24.5,23.9,23.0,94,89,80,1013.7,1012.1,1010.5,12.6,6.8,2.0,22.3
2024-07-07,28.8,26.1,24.1,24.3,23.8,23.2,98,88,74,1013.5,1011.9,1010.1,19.9,11.3,4.4,6.2
2024-07-08,27.9,25.4,23.9,23.8,23.3,22.6,94,88,76,1013.5,1012.0,1010.2,14.1,9.7,4.8,14.0
2024-07-09,27.7,25.7,23.9,23.8,23.0,22.6,95,86,77,1013.0,1011.5,1009.7,18.2,11.5,5.8,1.4
2024-07-10,28.2,25.9,24.4,24.0,23.1,22.5,94,85,74,1013.8,1012.0,1010.3,17.8,11.3,5.4,9.9
2024-07-11,27.4,25.5,24.5,23.5,23.1,22.6,93,86,79,1014.3,1012.7,1011.2,20.0,11.9,5.7,4.8
2024-07-12,27.6,25.7,24.1,23.6,23.1,22.6,92,86,77,1014.8,1012.9,1011.1,18.9,13.1,9.2,5.7
2024-07-13,28.4,26.1,24.8,23.7,23.1,22.3,92,84,72,1015.1,1013.4,1011.7,20.6,13.8,7.6,2.7
2024-07-14,28.2,26.2,24.8,23.8,23.2,22.7,92,84,74,1015.5,1013.5,1011.6,17.3,13.0,8.2,5.5
2024-07-15,28.5,26.2,24.5,23.4,23.0,22.7,91,83,74,1015.4,1013.8,1012.0,21.5,15.7,11.2,0.4
2024-07-16,27.7,25.9,24.7,23.5,23.1,22.8,91,85,75,1015.5,1013.4,1011.0,20.8,14.8,11.2,0.9
2024-07-17,28.0,26.1,24.9,23.7,23.0,22.7,90,83,74,1014.8,1013.0,1010.9,20.5,16.2,12.2,0.5
2024-07-18,28.3,26.1,24.5,23.5,23.0,22.4,93,83,74,1015.1,1013.4,1011.3,24.3,17.5,11.3,0.8
2024-07-19,27.8,25.8,24.3,23.1,22.7,22.6,91,83,74,1015.2,1013.5,1011.8,22.6,16.6,11.2,1.8
2024-07-20,27.7,25.6,24.5,23.5,22.8,22.2,91,84,74,1014.4,1012.6,1010.8,25.7,19.1,13.7,2.6
2024-07-21,27.7,25.6,24.3,23.2,22.4,22.0,90,83,73,1015.3,1013.6,1012.0,23.4,16.8,11.5,1.2
2024-07-22,28.0,25.6,23.7,22.8,22.5,22.1,94,83,73,1016.3,1014.5,1012.8,19.6,13.8,7.3,0.7
2024-07-23,27.8,25.7,24.1,22.8,22.4,21.9,92,82,72,1017.3,1015.5,1013.9,19.0,14.4,10.8,0.3
2024-07-24,27.6,25.6,24.4,23.1,22.6,22.0,93,84,72,1016.9,1015.1,1013.3,19.1,13.5,9.0,0.2
2024-07-25,28.2,25.7,24.1,22.7,22.2,21.9,91,81,70,1015.7,1014.1,1011.9,21.4,15.6,9.4,0.1
2024-07-26,28.1,25.8,24.3,23.3,22.6,22.0,91,83,72,1015.5,1013.6,1011.8,22.9,16.6,11.4,0.9
2024-07-27,27.7,25.8,24.4,22.6,22.3,21.7,90,81,71,1015.3,1013.5,1011.6,20.6,15.8,11.1,0.2
2024-07-28,27.6,25.7,24.3,22.8,22.3,21.4,90,81,71,1015.3,1013.6,1011.5,26.4,19.5,13.0,1.1
2024-07-29,28.2,25.9,24.5,22.8,22.4,22.0,90,81,71,1014.8,1013.3,1011.6,21.9,16.5,11.6,0.2
2024-07-30,28.2,25.7,24.1,22.6,22.1,21.5,89,81,70,1014.8,1012.9,1010.8,24.4,17.8,11.2,1.6
2024-07-31,27.2,25.5,24.2,23.0,22.4,21.9,91,83,76,1013.8,1012.3,1010.1,23.0,16.8,11.4,0.8
2024-08-01,27.4,25.5,24.1,23.1,22.3,22.0,89,82,75,1014.3,1012.7,1010.8,22.2,16.8,11.3,1.0
2024-08-02,28.0,25.4,24.0,23.1,22.5,22.2,91,84,74,1014.3,1012.7,1011.4,20.7,14.3,8.0,2.8
2024-08-03,27.6,25.3,23.3,22.7,22.4,22.1,95,84,73,1015.5,1013.3,1012.2,20.4,13.6,5.2,1.2
2024-08-04,27.6,25.5,23.8,22.6,22.2,21.7,92,83,72,1016.0,1014.4,1012.6,20.4,14.9,9.2,0.8
2024-08-05,27.4,25.4,23.5,22.5,22.0,21.5,92,82,72,1015.6,1013.9,1011.9,19.2,14.6,8.4,0.8
2024-08-06,27.7,25.6,24.2,22.3,22.0,21.5,89,81,71,1014.6,1012.5,1010.4,23.2,17.6,12.7,0.8
2024-08-07,27.9,25.6,24.2,22.6,22.2,21.6,89,82,72,1013.1,1011.5,1009.8,25.2,18.0,13.5,0.6
2024-08-08,27.3,25.4,23.9,22.6,22.3,21.9,93,83,73,1013.4,1011.8,1010.6,20.9,15.6,8.9,1.3
2024-08-09,28.6,25.6,23.7,23.0,22.6,22.2,96,84,69,1013.8,1012.1,1010.7,18.2,12.6,6.3,0.3
2024-08-10,28.7,25.9,24.0,23.1,22.3,21.5,94,81,68,1013.8,1012.0,1010.0,22.2,15.7,8.7,0.1
2024-08-11,28.5,25.9,24.4,22.3,21.8,21.0,87,78,67,1014.1,1012.0,1010.2,20.7,15.3,9.4,0.6
2024-08-12,27.6,25.9,24.4,22.7,22.1,21.7,87,80,72,1013.4,1011.8,1009.8,21.6,16.6,10.3,1.4
2024-08-13,27.8,25.9,24.8,22.8,22.4,22.1,87,81,71,1014.5,1012.5,1010.9,23.0,18.0,14.1,0.6
2024-08-14,28.3,25.9,24.3,23.1,22.4,21.6,89,81,71,1015.5,1013.4,1011.6,21.2,15.2,10.5,1.8
2024-08-15,28.1,25.9,24.2,23.0,22.3,21.8,90,81,70,1014.9,1013.1,1011.2,21.4,14.8,8.6,0.3
2024-08-16,27.5,25.9,24.4,23.0,22.6,22.1,91,83,73,1013.8,1012.2,1010.3,25.7,18.6,12.9,1.1
2024-08-17,28.3,26.1,24.4,22.9,22.5,21.9,91,81,70,1014.7,1012.6,1010.9,24.3,17.5,10.7,0.8
2024-08-18,28.9,26.1,24.2,23.0,22.6,22.4,91,82,68,1015.3,1013.7,1011.4,16.4,12.0,6.1,0.4
2024-08-19,27.6,25.3,24.2,23.3,22.9,22.4,94,87,74,1014.9,1013.2,1011.6,18.6,13.6,7.7,6.5
2024-08-20,26.4,24.9,23.4,23.2,22.8,21.9,94,88,77,1015.8,1012.9,1011.3,20.5,14.4,8.4,13.6
2024-08-21,28.1,25.6,24.0,23.4,22.9,22.5,94,86,74,1015.5,1013.3,1011.4,20.1,14.1,8.7,1.3
2024-08-22,28.8,25.8,24.0,23.3,22.8,22.6,94,84,72,1014.4,1012.1,1008.8,20.5,14.4,8.9,0.5
2024-08-23,26.7,25.1,24.2,23.3,22.8,22.3,92,87,79,1013.1,1011.0,1009.3,28.4,18.8,11.6,20.1
2024-08-24,26.5,24.8,23.6,23.4,22.8,22.4,96,89,78,1015.3,1013.1,1010.9,16.2,11.5,4.0,11.3
2024-08-25,28.3,25.4,23.6,24.0,23.2,22.6,97,88,74,1015.3,1013.0,1010.1,19.1,10.5,4.2,5.3
2024-08-26,27.3,25.3,24.1,24.0,23.3,23.0,95,89,80,1013.1,1011.3,1008.7,23.0,16.5,6.8,10.8
2024-08-27,28.1,25.8,24.7,23.7,23.0,22.7,90,85,73,1014.3,1011.5,1009.5,27.6,18.3,12.4,0.7
2024-08-28,28.2,25.6,24.0,23.7,23.0,22.7,95,86,75,1015.3,1013.3,1011.8,18.2,12.4,5.4,1.5
2024-08-29,27.6,25.5,23.7,23.1,22.8,22.6,95,85,76,1015.2,1013.1,1010.6,17.4,12.9,7.6,1.9
2024-08-30,27.7,25.6,24.4,23.1,22.6,22.2,91,84,75,1013.8,1011.9,1009.8,25.2,18.2,13.0,3.6
2024-08-31,27.8,25.9,24.4,22.9,22.5,22.1,88,82,72,1013.5,1011.8,1010.5,23.3,18.0,11.0,0.6
2024-09-01,28.1,25.7,24.2,22.8,22.4,21.6,92,83,70,1014.5,1012.6,1011.3,20.1,13.7,8.9,1.0
2024-09-02,28.4,25.6,23.7,23.0,22.2,21.6,92,82,67,1014.9,1012.7,1010.0,19.4,12.8,7.6,0.1
2024-09-03,28.1,25.6,24.0,23.0,22.4,21.7,94,83,70,1013.8,1012.2,1010.7,20.9,14.8,10.4,0.0
2024-09-04,28.8,25.8,23.8,22.8,22.4,21.8,94,82,66,1014.3,1012.4,1010.4,17.6,13.8,8.2,0.0
2024-09-05,29.2,26.0,24.1,23.3,22.5,22.1,94,82,67,1014.2,1012.4,1010.1,20.9,13.5,6.6,0.1
2024-09-06,29.1,25.9,24.1,23.1,22.5,21.9,94,83,66,1013.8,1012.0,1009.9,21.5,14.7,8.6,0.0
2024-09-07,27.6,25.4,24.4,23.5,22.7,22.1,91,85,74,1014.2,1012.6,1011.4,18.8,12.9,8.2,8.6
2024-09-08,28.6,25.7,23.5,23.1,22.7,22.3,95,84,69,1014.6,1012.9,1010.9,17.4,9.8,5.7,0.4
2024-09-09,29.1,26.1,23.9,23.6,22.9,22.3,93,83,69,1014.5,1012.6,1010.0,19.9,11.2,3.4,0.6
2024-09-10,29.3,26.1,24.7,23.7,23.4,23.2,93,85,71,1013.1,1011.4,1008.6,19.6,14.1,10.1,10.8
2024-09-11,28.4,26.2,24.7,23.7,23.2,22.7,94,84,72,1013.6,1011.3,1009.7,19.9,14.8,11.0,7.4
2024-09-12,27.7,26.0,24.7,23.7,23.1,22.7,91,85,74,1014.4,1012.4,1010.3,17.1,11.7,6.4,12.3
2024-09-13,28.8,25.6,23.9,24.1,23.2,22.8,93,87,72,1014.7,1012.5,1010.0,17.9,11.3,6.1,13.5
2024-09-14,27.5,25.6,23.8,23.7,23.1,22.7,95,86,77,1014.4,1012.4,1010.5,18.2,12.1,5.9,12.2
2024-09-15,28.8,26.0,24.0,24.0,23.3,22.9,93,86,75,1014.1,1012.3,1010.4,16.1,11.1,4.5,4.0
2024-09-16,28.9,26.2,24.1,23.8,23.2,22.5,95,84,72,1014.8,1012.6,1009.9,19.2,12.2,5.5,0.9
2024-09-17,27.4,25.1,24.0,23.9,23.3,22.6,95,89,80,1014.2,1012.1,1009.9,16.1,10.3,7.9,18.0
2024-09-18,28.1,25.5,24.4,23.7,23.2,23.0,93,87,76,1014.0,1011.8,1009.9,17.9,12.4,7.2,12.5
2024-09-19,28.3,26.0,24.2,23.3,22.9,22.6,92,84,73,1013.7,1011.5,1009.5,21.2,12.6,5.7,1.7
2024-09-20,28.7,26.1,24.7,23.6,23.1,22.7,92,84,71,1013.2,1011.0,1008.6,15.5,10.3,7.2,1.8
2024-09-21,28.8,25.8,23.9,23.6,23.2,22.6,94,86,70,1012.4,1010.1,1007.5,14.8,9.2,3.7,2.3
2024-09-22,28.1,26.0,24.7,23.8,23.3,22.9,93,85,75,1012.3,1010.2,1008.1,20.0,10.8,6.5,4.4
2024-09-23,28.7,26.3,24.5,23.6,23.2,22.6,91,83,72,1013.2,1011.2,1009.1,20.0,11.9,6.0,1.7
2024-09-24,28.9,26.0,24.6,23.7,23.4,22.9,94,86,73,1012.8,1011.3,1009.3,16.8,9.7,4.7,7.4
2024-09-25,27.8,25.0,23.9,23.8,23.1,22.4,95,89,79,1014.2,1011.8,1010.3,16.1,7.9,1.4,19.8
2024-09-26,28.8,25.9,23.4,23.6,23.1,22.7,99,85,72,1013.8,1012.0,1009.2,15.9,9.3,3.6,2.4
2024-09-27,28.4,26.2,24.6,23.6,23.3,23.0,91,84,74,1013.7,1011.6,1009.3,20.0,11.4,6.6,7.2
2024-09-28,28.1,26.0,24.1,23.9,23.2,22.7,93,85,74,1014.0,1011.6,1009.4,17.5,10.5,3.9,9.9
2024-09-29,28.3,26.1,24.5,23.7,23.4,23.1,94,85,74,1014.0,1011.7,1008.9,15.3,8.7,2.8,10.5
2024-09-30,28.4,25.9,24.2,24.0,23.6,23.1,96,87,77,1012.6,1010.3,1008.0,18.5,8.4,3.7,21.3
2024-10-01,29.1,26.2,24.3,24.3,23.5,22.9,96,85,73,1011.7,1009.5,1007.1,18.1,11.2,4.8,0.6
2024-10-02,29.9,26.7,25.0,24.3,23.5,23.1,91,83,69,1011.1,1009.1,1006.9,18.2,10.5,4.7,3.0
2024-10-03,27.2,25.7,23.9,24.2,23.5,22.8,95,88,81,1012.3,1009.8,1008.0,14.5,10.2,3.9,16.0
2024-10-04,28.4,25.8,24.3,24.4,23.4,22.7,94,87,76,1013.3,1010.8,1008.8,23.2,13.5,7.2,7.0
2024-10-05,27.6,25.1,24.0,23.6,23.2,22.6,93,89,78,1014.1,1012.2,1010.4,15.9,11.1,7.0,9.8
2024-10-06,27.5,25.3,23.8,23.9,23.2,22.5,97,89,78,1014.4,1012.8,1011.0,12.2,5.6,2.3,7.9
2024-10-07,28.3,25.5,23.7,24.6,23.7,22.9,98,90,74,1015.1,1012.6,1010.5,13.1,7.1,3.4,5.0
2024-10-08,29.7,25.7,23.6,24.2,23.4,23.0,97,88,69,1015.0,1012.8,1010.3,12.3,6.0,1.7,0.6
2024-10-09,28.6,26.0,24.5,24.1,23.5,22.5,96,86,70,1014.8,1012.9,1010.5,17.1,8.1,1.9,2.9
2024-10-10,29.0,26.4,23.9,24.0,23.6,23.2,97,85,72,1013.9,1011.6,1008.9,15.3,7.6,1.5,0.3
2024-10-11,29.6,26.8,24.5,24.1,23.7,23.3,96,84,70,1013.6,1011.3,1008.9,19.2,10.1,5.9,1.0
2024-10-12,28.6,26.0,23.6,24.4,23.6,22.9,96,87,75,1013.5,1011.6,1009.3,16.1,9.2,3.9,10.3
2024-10-13,26.5,25.1,24.2,24.1,23.5,22.7,98,91,82,1015.1,1012.6,1011.2,14.3,8.1,2.9,11.2
2024-10-14,28.1,25.7,24.3,23.9,23.4,22.9,96,88,73,1015.4,1013.0,1010.9,15.1,9.1,2.2,12.1
2024-10-15,29.5,26.2,23.7,24.1,23.6,23.0,99,86,68,1014.9,1012.3,1009.9,13.9,6.4,1.0,1.3
2024-10-16,28.4,26.0,24.5,24.3,23.7,22.8,96,88,74,1014.3,1012.3,1010.3,12.6,6.2,2.4,7.4
2024-10-17,26.0,24.8,23.8,23.9,23.3,23.0,98,92,83,1015.1,1013.0,1011.1,14.0,6.6,1.0,27.9
2024-10-18,29.3,25.6,22.9,23.8,23.2,22.7,99,87,70,1014.5,1012.2,1009.5,13.3,7.3,4.7,4.0
2024-10-19,29.3,26.0,23.5,24.4,23.6,22.9,96,87,73,1012.9,1011.2,1009.3,13.1,8.1,4.1,6.3
2024-10-20,29.1,26.5,24.3,24.7,24.0,23.4,97,87,76,1013.0,1011.3,1009.4,15.6,9.0,3.8,3.3
2024-10-21,28.9,26.5,24.3,24.5,24.0,23.5,96,86,75,1013.4,1011.3,1009.0,13.0,8.1,3.8,4.0
2024-10-22,28.4,26.1,24.1,24.6,24.0,23.5,98,89,78,1012.8,1011.0,1009.3,10.0,5.4,1.9,6.2
2024-10-23,29.7,26.7,23.7,24.6,24.1,23.4,100,86,71,1012.7,1010.9,1008.7,13.4,7.5,2.1,1.2
2024-10-24,29.9,27.1,25.1,24.8,24.3,24.1,97,85,74,1012.7,1011.0,1009.2,17.9,10.4,6.3,0.7
2024-10-25,29.9,26.7,25.5,24.6,24.1,23.6,92,86,70,1013.6,1011.1,1009.6,17.0,9.1,3.8,25.0
2024-10-26,29.7,26.8,24.7,25.0,24.3,23.9,96,87,72,1012.9,1010.9,1008.5,12.4,6.1,2.3,2.3
2024-10-27,29.9,27.0,24.0,25.2,24.5,23.6,98,87,73,1011.9,1010.1,1007.7,14.3,7.7,2.2,0.5
2024-10-28,29.1,27.3,25.7,25.3,24.6,23.6,96,86,72,1011.7,1009.8,1007.7,14.2,9.5,5.1,3.5
2024-10-29,29.2,26.6,24.9,24.9,24.2,23.0,95,86,76,1012.6,1010.5,1009.1,12.9,7.0,1.3,5.1
2024-10-30,29.6,26.6,24.5,24.7,24.2,24.0,98,87,73,1012.4,1010.4,1008.4,14.7,7.2,2.2,3.9
2024-10-31,29.7,27.2,25.1,25.1,24.6,23.9,97,86,76,1012.4,1010.3,1008.3,13.3,8.6,4.2,0.4
2024-11-01,30.0,27.5,25.3,25.4,24.8,24.4,97,86,75,1011.8,1009.9,1007.4,12.7,8.1,2.8,1.3
2024-11-02,29.2,27.0,25.6,25.3,24.5,23.6,98,86,74,1012.3,1009.6,1007.8,19.5,10.4,0.7,2.7
2024-11-03,28.9,26.5,24.9,24.8,24.1,23.7,97,87,77,1013.2,1011.3,1009.6,17.4,7.8,3.1,5.8
2024-11-04,31.2,27.3,23.9,25.0,23.9,21.7,97,83,57,1012.9,1010.7,1008.4,14.2,7.2,1.0,1.8
2024-11-05,31.8,27.2,24.2,25.3,24.1,21.5,99,84,55,1011.3,1009.1,1006.3,14.3,7.7,2.6,0.0
2024-11-06,30.1,27.0,24.2,25.0,24.3,23.0,99,86,66,1010.4,1008.3,1006.3,13.0,8.3,0.9,1.7
2024-11-07,31.0,27.6,24.7,25.4,24.1,21.8,98,83,58,1011.1,1009.2,1007.9,15.7,7.7,1.5,0.0
2024-11-08,30.9,27.9,25.3,25.2,24.4,23.7,96,82,68,1011.9,1009.9,1008.0,17.2,10.5,5.3,0.0
2024-11-09,30.1,27.2,25.1,25.3,24.4,23.4,95,85,72,1012.1,1010.6,1008.5,16.3,9.9,4.3,0.9
2024-11-10,29.7,26.7,24.7,24.6,23.8,23.3,96,84,69,1013.0,1010.9,1008.6,16.3,8.3,1.6,3.6
2024-11-11,30.0,26.9,24.5,24.7,24.2,23.5,99,86,71,1011.2,1009.1,1007.2,10.8,6.8,1.3,0.8
2024-11-12,30.9,27.3,24.2,25.0,24.3,23.5,99,85,65,1010.4,1008.3,1006.6,13.0,7.3,0.6,0.3
2024-11-13,32.0,28.2,25.4,25.2,24.8,23.5,96,82,61,1010.5,1008.5,1006.1,13.4,7.1,1.0,0.0
2024-11-14,31.0,27.4,25.1,25.3,24.5,23.4,93,85,69,1010.6,1008.9,1006.1,14.6,8.3,4.3,11.1
2024-11-15,31.2,27.9,25.8,25.2,24.4,23.7,94,82,65,1011.0,1009.3,1007.7,9.7,6.0,2.8,0.4
2024-11-16,30.8,27.7,25.7,25.4,24.7,23.1,97,84,67,1010.9,1009.0,1007.4,12.7,5.7,2.0,1.4
2024-11-17,30.2,27.5,25.2,25.5,24.4,23.1,99,84,68,1010.9,1009.1,1007.1,9.5,6.0,2.8,2.2
2024-11-18,31.2,27.6,24.9,25.1,24.5,23.4,98,85,65,1011.6,1009.4,1007.1,11.3,5.5,0.5,1.1
2024-11-19,32.2,28.0,25.0,25.1,24.0,21.2,97,80,52,1011.7,1009.8,1008.0,9.5,5.9,1.1,0.0
2024-11-20,33.5,28.6,25.4,25.1,23.9,20.3,95,78,46,1012.6,1010.4,1007.8,13.8,6.2,1.1,0.0
2024-11-21,32.0,28.1,25.2,25.1,24.4,22.6,97,82,58,1011.5,1009.9,1007.8,13.7,7.4,2.3,0.0
2024-11-22,30.4,27.4,25.3,25.3,24.3,22.6,97,84,68,1012.5,1010.5,1008.7,12.9,6.2,2.1,7.2
2024-11-23,31.2,27.9,25.9,25.5,24.5,23.5,95,82,64,1012.6,1010.6,1008.7,11.1,6.6,2.4,1.9
2024-11-24,32.7,27.8,25.2,25.1,24.3,21.8,97,83,53,1012.5,1010.6,1008.3,11.4,6.8,3.6,0.0
2024-11-25,33.0,27.8,25.1,25.3,24.3,20.3,100,83,47,1012.5,1010.8,1008.6,15.1,7.1,2.2,0.0
2024-11-26,31.3,27.9,25.6,25.3,24.6,21.6,96,83,57,1012.7,1011.0,1008.9,12.1,7.2,1.8,3.1
2024-11-27,31.1,27.7,25.8,25.3,24.5,22.9,95,83,63,1012.8,1011.0,1008.4,14.5,6.0,1.0,0.8
2024-11-28,32.4,27.9,25.2,25.3,23.8,20.3,97,80,49,1012.6,1010.8,1008.4,12.2,6.4,2.3,0.0
2024-11-29,33.1,28.0,24.4,24.6,21.0,13.7,97,71,31,1013.9,1011.5,1009.2,8.6,5.8,3.1,0.0
2024-11-30,34.2,27.9,23.2,22.8,19.9,13.4,89,66,29,1013.3,1011.3,1008.7,11.5,5.6,1.4,0.0
2024-12-01,34.1,28.1,23.8,22.8,19.7,13.8,87,64,29,1011.3,1009.6,1007.0,12.3,6.5,2.0,0.0
2024-12-02,33.7,28.0,23.5,24.5,22.0,18.5,91,72,42,1011.0,1009.2,1006.7,12.3,6.4,1.5,0.0
2024-12-03,33.7,28.3,24.7,24.5,23.8,21.0,96,78,48,1011.1,1009.3,1007.3,12.3,7.1,2.2,0.0
2024-12-04,32.2,28.0,25.5,25.2,24.2,22.5,93,81,57,1011.9,1009.7,1007.2,17.0,6.3,1.3,1.6
2024-12-05,31.2,27.8,25.3,25.6,24.5,22.8,97,83,64,1012.3,1010.2,1008.1,11.2,6.3,1.3,4.3
2024-12-06,31.1,27.5,25.3,25.2,24.1,22.1,97,83,59,1011.3,1009.7,1007.6,11.6,6.8,2.1,0.7
2024-12-07,32.8,27.9,24.4,24.8,22.9,17.8,96,77,41,1011.4,1009.5,1007.4,11.9,5.4,1.3,0.0
2024-12-08,33.7,28.4,24.9,24.8,21.1,14.0,93,69,30,1010.8,1009.3,1007.1,10.7,6.1,1.9,0.0
2024-12-09,32.8,27.9,24.5,23.6,21.8,16.9,92,72,39,1011.6,1009.5,1007.5,10.1,5.4,2.8,0.0
2024-12-10,33.9,28.0,23.7,24.5,22.5,18.1,95,75,39,1011.3,1009.0,1006.7,14.5,6.2,0.9,0.0
2024-12-11,33.1,28.4,25.4,25.2,24.4,21.8,96,80,52,1011.3,1009.1,1007.1,14.4,8.7,5.2,0.0
2024-12-12,32.1,28.5,25.7,25.2,24.5,23.5,95,80,61,1011.2,1008.8,1006.6,12.0,7.5,1.9,0.8
2024-12-13,31.6,28.0,25.1,25.4,24.4,22.9,96,82,60,1011.1,1009.1,1007.5,12.3,6.8,1.8,2.0
2024-12-14,32.4,27.9,24.5,24.9,24.0,22.1,96,81,55,1010.9,1009.0,1007.2,13.0,5.7,0.7,0.0
2024-12-15,33.3,28.1,24.6,25.0,23.8,20.9,99,80,48,1011.9,1009.4,1007.5,12.3,6.3,1.4,0.0
2024-12-16,33.6,28.4,25.0,25.1,23.7,20.6,96,78,47,1013.0,1010.2,1008.0,12.2,6.0,1.3,0.0
2024-12-17,34.0,28.5,25.3,24.9,23.5,20.0,96,77,44,1012.7,1010.3,1008.1,13.1,6.8,1.3,0.0
2024-12-18,33.6,28.2,24.1,25.4,22.5,18.6,95,74,41,1012.8,1010.6,1008.5,12.3,6.2,1.0,0.0
2024-12-19,33.8,28.2,24.5,24.4,16.9,7.6,91,57,23,1012.9,1011.1,1008.8,12.1,7.1,1.3,0.0
2024-12-20,34.0,27.6,23.8,22.7,13.4,7.1,83,46,19,1013.4,1011.2,1007.9,11.6,7.3,3.4,0.0
2024-12-21,33.7,27.4,23.3,18.8,12.7,7.1,68,44,20,1012.7,1010.2,1007.4,10.7,6.0,0.5,0.0
2024-12-22,33.5,27.6,22.5,20.6,14.8,8.4,73,50,22,1012.3,1010.0,1007.9,8.7,5.9,0.7,0.0
2024-12-23,33.6,27.4,22.5,24.0,20.5,16.1,87,69,35,1011.9,1009.7,1007.1,13.0,6.3,1.1,0.0
2024-12-24,32.7,27.5,23.9,24.3,23.1,20.5,96,79,51,1012.1,1009.5,1007.2,11.9,6.6,0.9,0.0
2024-12-25,34.0,28.1,24.4,24.8,23.2,19.8,96,77,43,1012.2,1009.4,1006.6,14.3,6.5,0.8,0.0
2024-12-26,34.4,28.5,25.1,25.0,23.7,19.2,96,78,41,1011.9,1009.5,1007.6,14.4,7.1,1.1,0.0
2024-12-27,33.4,28.3,24.8,25.2,24.0,21.2,98,80,51,1011.4,1009.4,1006.9,13.3,6.4,1.5,0.0
2024-12-28,33.8,28.1,24.7,25.4,24.0,20.2,98,81,45,1012.0,1009.7,1007.5,13.5,6.4,0.7,0.0
2024-12-29,33.8,28.3,24.7,25.4,23.9,20.9,98,79,47,1012.3,1009.9,1007.2,13.4,6.8,1.8,0.0
2024-12-30,33.7,28.7,25.3,25.7,24.1,19.5,98,78,43,1011.8,1009.6,1007.1,12.8,6.6,2.7,0.0
2024-12-31,32.9,28.3,25.6,25.4,24.5,22.2,99,81,53,1011.7,1009.2,1007.2,13.5,7.0,2.3,0.0
2025-01-01,33.0,28.6,25.6,25.4,24.3,22.1,95,79,53,1010.6,1008.4,1006.2,13.6,7.5,2.0,0.0
2025-01-02,32.8,28.7,25.2,25.2,24.3,22.9,97,79,57,1010.4,1008.3,1006.2,13.8,7.8,2.4,0.0
2025-01-03,32.5,28.8,25.9,25.6,24.6,23.3,96,79,59,1010.9,1009.2,1007.4,13.6,8.2,4.2,0.2
2025-01-04,32.7,28.8,26.3,26.1,24.9,23.5,96,81,59,1011.0,1009.4,1007.4,12.9,8.8,5.4,1.4
2025-01-05,32.9,28.8,26.2,25.9,25.0,22.5,96,81,54,1010.9,1008.8,1006.0,15.5,9.7,2.7,0.3
2025-01-06,32.7,28.6,26.2,26.0,24.9,22.6,95,81,55,1010.8,1009.1,1006.8,13.5,9.3,1.5,1.6
2025-01-07,32.2,28.6,26.4,25.8,25.1,23.8,95,82,62,1011.8,1009.2,1006.7,12.3,7.9,3.5,0.5
2025-01-08,32.5,28.4,25.9,26.1,25.2,23.1,99,84,58,1011.7,1009.3,1006.8,12.3,7.0,1.5,1.1
2025-01-09,32.7,28.3,25.8,26.0,24.3,21.6,98,80,52,1011.1,1009.1,1006.8,13.1,7.9,1.8,0.1
2025-01-10,34.1,28.5,25.3,25.3,23.5,19.4,97,77,42,1011.2,1008.9,1006.0,12.8,6.6,3.6,0.2
2025-01-11,33.5,28.1,24.4,24.3,16.3,7.8,92,55,20,1011.6,1009.3,1006.6,10.8,7.7,3.2,0.0
2025-01-12,34.4,27.7,22.4,23.1,16.6,6.2,86,58,18,1011.9,1009.6,1006.9,11.7,6.1,3.1,0.0
2025-01-13,32.7,27.7,23.4,24.0,22.7,20.0,95,76,47,1010.7,1008.6,1006.1,14.6,7.7,2.5,0.0
2025-01-14,32.4,28.0,24.5,24.8,23.6,21.7,97,78,55,1009.7,1007.7,1005.4,12.5,7.2,2.6,0.0
2025-01-15,33.2,28.7,25.4,25.2,24.3,22.1,96,78,52,1010.2,1007.6,1004.4,13.1,7.5,1.7,0.0
2025-01-16,34.1,29.1,25.8,26.1,24.8,21.9,98,80,49,1009.9,1007.7,1005.1,12.4,7.3,2.4,0.0
2025-01-17,34.8,29.4,26.8,26.3,24.9,20.3,95,79,43,1010.6,1008.4,1005.7,16.8,9.9,4.4,0.0
2025-01-18,30.0,27.9,26.8,26.5,24.6,23.2,91,83,67,1012.2,1010.1,1008.5,21.4,13.3,8.1,1.0
2025-01-19,30.8,28.2,26.6,24.4,23.2,22.0,85,75,59,1012.9,1010.7,1008.6,16.7,11.6,6.9,0.2
2025-01-20,31.5,27.8,24.6,24.4,23.4,22.0,94,78,57,1012.6,1010.6,1008.4,13.7,8.3,1.2,1.0
2025-01-21,32.3,28.3,25.5,25.4,24.2,22.8,94,80,58,1012.2,1010.3,1007.9,13.5,8.2,3.1,0.0
2025-01-22,32.7,28.6,26.5,25.5,24.8,23.3,93,81,59,1011.6,1009.8,1007.6,15.0,9.0,4.3,0.6
2025-01-23,30.3,27.5,25.1,25.3,24.2,22.8,93,83,65,1012.0,1010.0,1007.3,14.4,8.7,2.7,3.8
2025-01-24,32.1,28.1,25.5,24.9,24.0,22.6,95,80,57,1011.9,1009.7,1007.5,11.3,8.0,4.2,0.9
2025-01-25,31.8,28.2,25.9,25.4,24.6,23.2,97,82,61,1012.5,1010.1,1008.2,12.6,8.3,4.4,1.2
2025-01-26,30.3,27.8,26.0,25.8,24.7,23.7,97,84,70,1012.2,1010.3,1008.5,12.9,8.6,1.3,1.4
2025-01-27,31.5,27.6,24.9,25.3,24.3,22.5,98,83,62,1012.8,1010.6,1008.3,15.3,8.1,2.9,2.0
2025-01-28,32.3,28.2,25.6,25.3,24.6,23.2,97,82,59,1011.6,1010.0,1007.9,13.5,7.4,0.4,0.9
2025-01-29,30.5,27.5,25.6,25.8,24.4,23.2,94,83,65,1012.5,1010.6,1008.6,10.9,7.6,1.9,1.7
2025-01-30,31.5,27.9,25.4,25.2,24.3,22.9,94,82,61,1012.3,1010.0,1007.5,11.0,6.9,1.4,0.8
2025-01-31,32.1,28.2,25.7,25.4,24.6,23.1,95,82,59,1010.9,1008.8,1006.4,12.2,7.4,1.5,2.9
2025-02-01,31.9,28.3,26.1,25.7,24.9,23.8,95,83,62,1010.8,1008.7,1006.6,13.8,8.3,3.8,0.2
2025-02-02,31.6,28.4,25.8,25.4,24.2,22.5,93,79,60,1010.4,1008.6,1006.3,10.8,8.2,3.1,2.5
2025-02-03,32.6,28.6,25.8,25.4,24.7,23.4,94,80,59,1009.3,1007.1,1004.5,11.5,7.1,2.4,0.2
2025-02-04,33.8,29.2,26.8,26.1,25.0,21.8,94,79,50,1008.6,1006.9,1004.8,15.5,10.0,4.9,0.0
2025-02-05,32.0,28.9,26.7,26.2,25.2,23.8,96,81,62,1010.1,1007.8,1005.9,14.5,10.6,5.6,0.7
2025-02-06,32.1,29.0,26.6,25.5,24.6,23.9,91,78,63,1009.2,1007.1,1004.5,14.3,10.8,6.7,1.0
2025-02-07,32.7,29.0,27.3,25.2,24.7,23.8,88,78,59,1009.2,1007.4,1005.3,14.4,10.0,5.6,1.1
2025-02-08,30.2,28.0,26.7,25.8,24.7,23.7,92,83,71,1010.0,1008.3,1006.2,12.2,8.5,6.7,4.4
2025-02-09,31.7,28.1,25.8,25.2,24.7,23.7,95,82,63,1010.6,1008.3,1006.2,12.5,7.7,3.1,0.5
2025-02-10,32.2,28.8,26.8,26.2,25.3,23.9,93,82,62,1008.3,1006.2,1004.0,13.4,9.4,5.5,2.8
2025-02-11,32.5,28.7,26.9,26.3,25.6,24.3,93,84,62,1008.3,1006.3,1004.4,14.5,9.4,3.8,1.4
2025-02-12,31.1,28.2,26.2,26.2,25.2,24.2,94,84,67,1009.5,1007.6,1005.7,11.6,8.2,1.6,1.8
2025-02-13,32.3,28.3,26.4,26.2,25.2,23.6,96,84,60,1011.1,1008.6,1006.6,12.1,8.9,3.6,3.9
2025-02-14,32.3,28.3,26.1,25.7,25.2,23.9,97,84,61,1011.6,1008.9,1007.0,13.4,8.7,4.0,0.8
2025-02-15,32.0,28.6,26.4,26.4,25.3,23.8,96,83,63,1010.4,1008.5,1006.4,12.3,8.6,4.0,1.4
2025-02-16,33.5,28.9,26.6,26.0,25.3,23.4,96,82,56,1009.9,1007.7,1004.8,14.6,8.6,1.6,0.3
2025-02-17,33.5,29.1,26.6,26.3,25.3,22.9,94,82,54,1009.7,1007.5,1004.9,13.6,9.6,4.0,0.4
2025-02-18,32.3,29.1,27.2,26.9,25.8,24.5,95,83,64,1009.8,1007.9,1006.2,12.9,9.9,6.2,0.0
2025-02-19,31.6,28.8,27.0,26.0,25.0,23.5,92,81,63,1011.2,1009.1,1007.3,14.4,10.7,7.3,2.3
2025-02-20,32.4,29.0,27.0,26.0,25.3,24.1,92,81,61,1011.0,1009.1,1006.8,12.2,10.3,7.9,0.9
2025-02-21,32.0,28.9,27.1,26.0,25.2,23.6,93,81,62,1010.3,1008.4,1006.2,15.9,11.8,8.5,2.0
2025-02-22,32.0,28.3,26.4,25.5,24.8,23.9,92,82,63,1010.8,1008.6,1006.7,14.1,10.0,6.9,12.7
2025-02-23,31.1,27.5,25.2,25.1,24.3,23.4,94,84,64,1011.1,1009.2,1007.5,11.1,7.9,1.9,0.8
2025-02-24,31.9,28.7,26.2,25.6,24.9,24.0,93,81,64,1011.1,1009.2,1007.3,14.5,9.5,3.7,0.1
2025-02-25,31.9,28.7,26.8,25.7,25.0,23.6,92,81,62,1011.3,1009.6,1007.8,13.8,10.0,5.6,5.5
2025-02-26,31.6,28.4,26.4,25.8,25.1,23.6,95,83,63,1012.0,1010.0,1008.2,14.8,9.4,3.9,1.4
2025-02-27,32.4,28.6,26.1,25.6,24.7,22.7,95,80,59,1011.5,1009.5,1007.0,13.1,7.9,3.3,0.7
2025-02-28,31.8,28.2,26.0,25.7,25.1,23.8,96,84,65,1010.7,1008.9,1006.9,13.7,7.1,2.7,1.5
2025-03-01,31.7,28.7,26.6,26.0,25.5,24.9,95,84,68,1010.2,1008.1,1005.7,12.5,8.6,3.2,1.0
2025-03-02,32.3,29.0,26.9,25.9,25.4,24.5,93,81,63,1009.5,1007.4,1005.2,14.1,9.9,4.3,0.4
2025-03-03,32.2,28.9,27.3,26.1,25.3,24.3,90,82,64,1009.2,1007.3,1004.7,16.4,12.9,8.4,4.4
2025-03-04,32.0,28.4,26.4,26.0,25.0,23.9,93,82,64,1009.1,1006.8,1004.4,19.8,13.3,9.5,2.8
2025-03-05,30.7,28.5,27.0,25.4,24.7,23.9,90,81,69,1009.0,1007.1,1005.4,15.4,11.8,6.2,7.6
2025-03-06,32.1,28.7,26.4,25.0,24.4,23.3,88,78,60,1011.2,1008.7,1006.2,17.2,11.4,6.2,3.4
2025-03-07,32.7,29.0,26.7,26.0,25.0,24.3,89,80,62,1010.8,1008.7,1006.1,13.5,11.0,6.1,0.5
2025-03-08,32.2,29.3,27.4,26.1,25.3,24.3,90,80,63,1009.5,1007.9,1005.8,14.7,11.9,8.1,0.3
2025-03-09,31.2,28.9,27.5,26.2,25.4,24.7,91,82,68,1009.4,1007.5,1005.6,15.7,12.3,9.7,1.9
2025-03-10,32.7,29.3,27.5,25.4,24.9,24.0,87,78,60,1010.3,1008.5,1006.5,15.6,12.7,9.0,0.8
2025-03-11,31.3,28.7,27.2,25.7,25.1,24.6,90,81,68,1011.2,1009.1,1007.4,16.2,11.6,5.6,2.8
2025-03-12,31.8,29.1,27.0,25.9,25.2,24.5,90,80,65,1010.9,1008.4,1005.9,14.3,11.6,6.5,0.3
2025-03-13,32.2,29.2,26.5,25.9,25.1,24.5,89,79,66,1010.6,1008.0,1005.8,17.4,14.1,9.4,0.5
2025-03-14,31.9,29.2,27.4,25.6,24.7,23.5,88,77,61,1011.3,1008.9,1006.7,14.6,11.5,8.5,0.7
2025-03-15,32.0,28.9,27.6,25.4,25.0,23.8,87,80,62,1012.2,1010.0,1008.3,14.1,10.5,7.3,2.2
2025-03-16,31.7,29.1,27.4,26.1,25.5,24.7,91,81,67,1012.0,1010.0,1008.3,16.3,11.4,6.8,4.3
2025-03-17,32.2,28.7,25.7,25.7,24.9,23.4,90,81,65,1011.8,1009.6,1007.1,16.4,13.2,9.5,3.2
2025-03-18,31.3,28.5,26.5,25.5,24.9,24.0,89,81,65,1010.9,1008.5,1006.3,15.8,12.3,9.4,2.1
2025-03-19,30.5,28.3,26.7,25.7,24.7,23.6,89,81,68,1012.1,1009.7,1008.0,14.4,10.9,7.4,2.7
2025-03-20,30.9,28.6,27.0,25.6,25.1,23.7,92,82,67,1013.6,1011.1,1008.8,14.1,9.8,4.6,0.2
2025-03-21,31.9,29.0,27.6,25.5,25.1,23.9,87,80,63,1013.3,1011.1,1008.6,15.5,11.2,7.8,1.3
2025-03-22,31.5,28.4,26.0,25.5,24.8,23.4,94,81,62,1012.2,1010.0,1008.3,11.8,8.4,3.8,3.3
2025-03-23,31.6,28.0,26.6,25.4,24.5,23.3,90,82,62,1012.3,1009.7,1008.0,14.8,8.6,4.3,2.4
2025-03-24,31.5,28.6,26.8,26.0,25.0,23.7,95,82,65,1011.9,1010.2,1008.6,12.3,9.2,5.4,5.9
2025-03-25,31.9,28.8,27.1,25.8,24.9,23.0,92,80,61,1012.0,1010.1,1007.7,14.5,11.0,7.8,2.8
2025-03-26,29.0,27.4,25.9,25.2,24.6,23.6,90,85,77,1011.8,1009.4,1007.3,16.7,12.0,5.7,7.4
2025-03-27,31.5,28.5,25.4,25.1,24.7,24.0,92,81,66,1010.1,1007.9,1005.8,13.9,10.6,6.5,0.8
2025-03-28,31.2,28.8,27.2,25.3,24.6,23.8,89,78,67,1010.0,1007.9,1006.1,13.1,9.6,4.6,1.9
2025-03-29,31.8,29.2,27.5,25.4,24.9,23.8,88,78,63,1009.3,1007.4,1005.5,17.0,12.2,6.6,0.3
2025-03-30,31.8,28.3,26.7,25.7,25.1,24.4,91,83,66,1010.3,1007.8,1006.3,18.7,12.0,8.0,18.6
2025-03-31,31.4,28.4,25.6,25.4,24.8,24.1,92,82,65,1010.5,1008.0,1005.8,17.2,13.1,6.4,9.6
2025-04-01,31.2,28.6,27.3,25.6,25.1,24.4,88,82,69,1010.2,1007.7,1005.6,16.6,12.4,9.3,6.0
2025-04-02,30.6,27.7,24.6,25.5,24.7,23.3,93,84,69,1010.6,1007.9,1005.3,15.2,9.6,0.9,18.9
2025-04-03,31.4,27.9,25.3,25.7,24.4,23.4,96,82,63,1011.4,1009.0,1007.0,12.6,7.7,2.9,4.8
2025-04-04,31.7,28.9,26.9,25.9,24.9,24.0,88,79,64,1011.4,1009.5,1007.3,13.0,10.0,6.3,0.1
2025-04-05,32.2,29.2,27.7,25.8,25.2,24.1,88,80,62,1011.2,1009.3,1006.9,16.0,13.2,10.3,0.4
2025-04-06,32.0,28.9,27.0,25.8,25.2,23.9,91,81,63,1010.8,1008.7,1006.8,16.2,12.7,9.5,3.0
2025-04-07,31.2,29.0,27.3,25.7,25.2,24.7,90,80,69,1011.6,1008.7,1007.1,16.0,11.8,6.2,0.7
2025-04-08,31.9,28.8,26.9,25.6,25.1,24.6,92,81,65,1013.7,1010.7,1008.9,17.2,12.4,7.9,1.2
2025-04-09,30.9,27.4,24.5,25.4,24.4,23.4,95,84,69,1014.3,1011.6,1008.3,13.9,8.4,3.3,25.7
2025-04-10,31.3,28.5,26.7,25.4,24.9,24.3,93,81,67,1012.1,1009.6,1007.0,13.8,8.1,3.5,5.7
2025-04-11,30.2,27.2,25.1,25.2,24.6,24.2,96,86,71,1011.7,1008.9,1006.6,11.0,5.7,2.2,25.4
2025-04-12,31.2,28.1,25.0,25.3,24.5,23.9,96,82,66,1011.3,1009.1,1007.1,11.1,6.0,1.7,0.0
2025-04-13,31.8,29.0,27.4,25.6,24.8,23.7,88,79,63,1011.4,1009.4,1007.9,14.6,9.7,4.9,5.0
2025-04-14,31.8,28.6,27.6,25.6,25.2,24.4,88,82,68,1011.6,1009.3,1007.5,15.3,10.7,7.0,13.4
2025-04-15,30.8,28.1,25.1,25.6,24.7,23.6,92,82,71,1012.6,1009.9,1007.2,17.3,12.0,4.2,4.1
2025-04-16,30.9,28.3,25.5,25.2,24.7,24.1,93,81,68,1013.1,1010.3,1007.3,17.8,11.9,1.9,5.7
2025-04-17,31.8,28.5,26.1,25.3,24.6,23.5,92,80,63,1012.9,1010.5,1008.2,12.5,8.5,4.0,3.5
2025-04-18,32.1,28.9,26.4,25.8,25.2,24.9,95,81,66,1011.4,1009.1,1006.6,14.7,8.6,3.3,0.2
2025-04-19,31.3,28.8,27.6,25.4,24.9,24.1,87,80,66,1010.5,1008.4,1006.9,15.2,10.5,6.9,3.6
2025-04-20,31.5,28.6,26.9,25.6,24.9,23.8,91,81,67,1009.9,1007.9,1006.0,13.0,9.9,7.0,8.1
2025-04-21,32.1,29.0,26.8,25.6,24.9,24.0,90,79,64,1008.9,1007.0,1004.5,14.2,10.7,8.4,2.6
2025-04-22,32.0,29.0,25.6,25.5,24.8,23.9,93,78,65,1011.0,1007.7,1005.7,17.6,11.9,2.0,14.7
2025-04-23,30.8,27.5,24.6,25.0,24.4,23.9,97,84,67,1011.2,1008.7,1006.5,14.3,8.7,3.5,6.8
2025-04-24,32.2,28.8,26.4,25.7,24.8,23.8,93,80,62,1010.8,1008.1,1005.7,12.9,8.0,3.5,0.0
2025-04-25,32.0,29.3,27.2,25.5,24.9,24.3,90,78,64,1009.5,1007.3,1005.6,16.1,10.3,4.7,0.1
2025-04-26,30.6,28.5,26.7,25.6,25.0,23.8,91,82,70,1010.7,1008.1,1006.1,13.1,9.8,4.2,6.9
2025-04-27,30.1,27.1,24.4,25.6,24.5,23.7,96,86,71,1010.9,1008.5,1006.6,13.9,6.6,1.4,1.0
2025-04-28,31.9,28.6,26.3,25.8,25.2,24.0,95,83,63,1010.6,1008.2,1006.0,11.1,8.0,3.1,1.7
2025-04-29,30.3,27.2,26.1,25.5,24.6,23.7,95,86,71,1010.4,1007.8,1006.1,15.2,6.4,1.8,4.4
2025-04-30,31.8,28.1,24.9,25.0,23.9,22.6,96,79,58,1009.3,1007.4,1005.4,12.3,7.7,2.0,0.0
2025-05-01,30.7,27.5,24.9,25.5,24.1,23.2,91,82,67,1011.7,1008.9,1006.6,10.1,6.2,2.4,3.5
2025-05-02,30.1,27.4,24.8,25.7,24.1,22.9,93,83,66,1012.0,1010.3,1008.4,8.1,4.6,1.0,21.2
2025-05-03,31.3,27.7,24.7,25.0,23.6,22.1,93,79,58,1012.6,1010.6,1008.9,10.0,6.4,2.6,0.0
2025-05-04,31.2,28.6,26.9,25.1,24.6,23.9,89,80,66,1011.5,1009.8,1008.3,11.9,8.2,4.6,5.2
2025-05-05,31.2,28.6,27.0,25.2,24.6,23.3,90,79,65,1011.7,1010.0,1008.3,13.3,9.7,4.5,3.7
2025-05-06,31.5,28.6,25.6,25.6,24.8,23.6,94,81,63,1012.0,1010.1,1008.3,13.2,7.9,1.8,1.0
2025-05-07,31.9,29.2,26.9,25.5,24.5,23.3,92,77,62,1012.2,1010.1,1007.8,10.2,7.7,3.8,7.3
2025-05-08,31.9,28.2,25.8,25.1,24.3,23.6,90,80,63,1011.8,1009.6,1007.3,13.9,8.0,2.6,11.5
2025-05-09,29.7,28.2,26.9,25.2,24.4,23.6,90,80,70,1012.1,1009.7,1007.8,14.8,10.5,4.6,14.9
2025-05-10,31.3,28.5,26.7,25.0,24.1,23.0,90,78,63,1013.8,1011.7,1010.1,14.2,9.4,5.5,0.9
2025-05-11,32.1,28.8,26.5,25.2,24.4,23.5,91,78,61,1014.2,1012.2,1009.6,12.4,8.2,2.4,0.3
2025-05-12,31.7,29.1,27.0,25.2,24.5,23.2,89,77,61,1013.2,1011.1,1009.0,13.8,9.4,4.7,1.1
2025-05-13,30.6,28.1,26.0,24.9,24.2,23.2,91,80,69,1011.9,1010.1,1008.3,15.4,9.4,2.1,8.1
2025-05-14,31.7,28.6,25.8,25.8,24.2,23.1,96,78,60,1011.4,1009.5,1007.5,13.9,7.1,0.4,0.1
2025-05-15,31.9,28.8,27.0,25.3,24.5,23.3,90,78,61,1011.6,1009.4,1006.8,12.3,7.3,3.6,1.7
2025-05-16,31.9,28.7,26.6,25.4,24.4,22.6,92,78,59,1011.0,1008.8,1006.9,12.1,7.5,4.3,10.8
2025-05-17,30.3,27.5,25.9,25.1,24.3,23.4,91,83,71,1011.0,1009.5,1007.8,11.3,6.0,1.6,26.8
2025-05-18,29.5,26.7,25.2,24.8,24.2,23.6,94,87,71,1012.1,1010.4,1008.8,10.4,4.8,1.5,6.5
2025-05-19,31.9,27.9,24.9,24.7,23.8,22.9,95,79,59,1012.3,1010.6,1008.3,13.3,8.2,3.6,0.0
2025-05-20,30.4,27.3,25.6,25.0,24.1,22.9,90,83,69,1012.7,1010.8,1008.8,15.9,8.5,1.5,7.7
2025-05-21,30.2,27.0,24.5,24.7,23.9,23.2,97,84,67,1013.4,1010.8,1009.5,14.6,7.0,0.3,2.4
2025-05-22,30.7,27.6,25.2,25.1,24.3,23.8,95,83,68,1013.6,1011.8,1009.8,8.9,6.1,3.1,7.2
2025-05-23,29.8,27.3,25.4,24.9,24.2,23.3,93,84,70,1013.4,1011.5,1009.2,15.6,10.2,4.4,10.6
2025-05-24,29.9,27.0,25.6,24.7,24.1,23.5,93,84,71,1014.5,1012.4,1010.8,16.1,9.4,3.8,13.4
2025-05-25,31.6,27.9,25.1,24.6,23.7,22.7,94,79,59,1014.8,1012.7,1010.7,10.6,6.5,3.2,0.0
2025-05-26,31.5,28.5,26.8,25.3,24.3,22.9,89,79,61,1013.7,1012.5,1010.7,16.5,10.2,6.0,0.0
2025-05-27,30.1,27.9,25.7,25.2,24.4,23.7,93,82,69,1013.4,1011.8,1009.5,13.8,9.5,3.1,1.0
2025-05-28,30.1,27.1,24.7,24.7,24.0,23.2,94,84,70,1014.9,1012.9,1011.0,14.1,8.5,2.8,4.9
2025-05-29,28.2,26.6,24.8,24.4,23.7,22.8,93,85,73,1015.9,1013.9,1012.6,11.5,5.1,0.8,17.9
2025-05-30,31.2,27.3,24.8,25.1,24.2,23.2,95,84,63,1015.3,1013.2,1010.5,8.9,5.8,2.2,5.7
2025-05-31,31.0,28.2,26.3,24.9,24.4,23.8,91,81,65,1013.8,1012.2,1010.2,13.5,8.8,4.9,0.0
2025-06-01,31.3,28.3,26.8,24.8,24.5,23.7,88,80,65,1013.9,1012.3,1010.5,17.3,11.5,7.2,0.8
2025-06-02,30.3,27.7,26.1,25.4,24.4,23.8,93,83,68,1014.1,1012.3,1010.4,14.9,9.3,3.3,3.4
2025-06-03,30.0,26.9,24.3,24.9,23.9,22.5,94,84,70,1014.9,1012.7,1010.5,15.6,8.5,3.8,21.5
2025-06-04,29.7,26.0,24.1,24.4,23.5,22.4,98,87,66,1014.8,1013.2,1011.5,9.9,4.9,2.7,21.8
2025-06-05,30.9,27.5,25.2,24.4,23.9,23.2,95,82,64,1015.1,1013.2,1011.1,11.8,6.1,0.7,5.9
2025-06-06,29.8,27.3,25.1,24.4,23.8,23.2,92,82,68,1014.6,1013.1,1011.1,12.1,7.9,2.6,3.4
2025-06-07,28.7,26.2,24.4,24.4,23.4,22.9,95,85,73,1014.3,1012.7,1010.8,9.9,5.6,1.1,10.8
2025-06-08,30.6,27.4,25.3,24.7,23.9,23.2,94,82,67,1014.1,1012.2,1010.3,14.1,6.5,2.7,7.7
2025-06-09,29.6,26.8,25.6,24.9,24.1,23.3,95,86,70,1014.0,1011.7,1010.2,10.9,5.4,0.4,17.8
2025-06-10,29.7,27.2,24.7,24.7,24.0,23.3,96,83,69,1012.8,1011.2,1009.0,11.0,5.4,2.3,1.4
2025-06-11,30.0,27.0,25.6,25.0,24.0,23.2,95,84,70,1012.5,1010.7,1009.3,12.6,5.9,2.6,8.8
2025-06-12,30.6,26.9,24.6,24.5,23.7,23.0,96,84,64,1012.5,1011.0,1009.3,14.0,6.3,1.5,4.2
2025-06-13,29.7,27.1,25.0,24.6,24.1,23.6,94,84,72,1012.9,1011.3,1010.1,13.8,7.4,2.1,1.8
2025-06-14,27.6,25.5,24.4,24.5,23.5,22.4,95,89,76,1014.7,1012.9,1011.1,12.8,5.9,1.3,62.1
2025-06-15,30.4,26.1,24.1,24.2,23.7,23.2,99,87,66,1015.8,1014.0,1011.9,11.0,6.7,2.7,21.8
2025-06-16,29.7,26.7,24.7,23.9,23.4,22.9,94,82,69,1015.5,1013.7,1011.8,13.0,7.9,1.8,3.2
2025-06-17,29.4,26.8,25.3,24.1,23.7,23.3,92,83,71,1015.3,1013.8,1011.8,12.7,7.0,3.7,2.4
2025-06-18,29.1,26.6,24.3,24.1,23.5,22.6,91,83,71,1015.9,1014.1,1012.1,12.2,6.8,2.4,19.1
2025-06-19,28.9,26.0,23.8,24.4,23.4,22.5,96,85,71,1016.2,1014.1,1012.1,12.1,7.9,3.5,24.4
2025-06-20,29.5,26.0,24.1,24.1,23.2,22.3,94,85,69,1015.2,1013.7,1012.3,14.0,6.9,1.8,15.9
2025-06-21,28.6,26.2,24.9,24.2,23.5,22.8,93,85,73,1015.0,1012.9,1010.6,10.9,6.8,2.9,3.4
2025-06-22,28.1,26.1,24.5,23.9,23.2,22.2,91,84,75,1014.3,1012.7,1010.6,11.7,6.2,2.2,14.6
2025-06-23,29.3,26.2,24.5,24.2,23.6,22.9,96,86,70,1013.9,1012.2,1010.9,9.8,6.4,2.6,6.1
2025-06-24,28.5,26.4,24.4,24.1,23.5,22.8,93,84,75,1013.1,1011.2,1009.2,11.8,6.9,0.6,8.5
2025-06-25,30.2,27.0,24.5,24.2,23.7,23.1,95,82,66,1013.7,1011.8,1009.4,12.6,7.8,3.5,3.3
2025-06-26,29.2,26.5,25.0,24.3,23.9,23.5,95,86,72,1013.8,1012.1,1010.3,11.7,8.4,4.6,9.0
2025-06-27,28.8,25.9,24.0,24.1,23.0,22.1,95,85,70,1014.7,1013.3,1012.1,12.5,6.3,1.7,3.4
2025-06-28,28.9,26.5,24.0,23.7,23.1,22.1,92,82,69,1014.6,1012.8,1010.8,15.2,10.4,5.5,2.8
2025-06-29,28.5,26.5,25.2,23.7,23.3,22.6,90,83,73,1014.3,1012.2,1010.0,15.2,11.4,7.0,12.0
2025-06-30,28.2,25.8,24.0,23.6,23.0,22.6,94,85,73,1013.6,1011.9,1010.4,14.2,10.9,7.7,13.5
2025-07-01,29.4,26.3,23.9,23.3,22.8,22.0,93,82,67,1014.2,1012.9,1011.5,15.0,11.1,7.0,9.5
2025-07-02,29.8,26.6,24.5,23.4,23.0,21.9,91,81,67,1014.7,1013.1,1011.0,12.6,8.8,3.4,3.0
2025-07-03,28.5,25.5,24.0,23.4,22.7,22.1,93,85,72,1015.2,1013.6,1011.9,17.1,10.2,3.9,14.0
2025-07-04,26.7,25.1,23.9,23.2,22.5,21.5,94,85,76,1015.7,1013.9,1012.4,14.9,9.9,4.7,10.2
2025-07-05,28.4,25.5,23.2,22.9,22.4,22.0,94,83,70,1015.6,1013.8,1011.5,16.0,8.8,3.1,5.6
2025-07-06,28.1,25.9,24.3,22.9,22.5,22.0,90,82,72,1015.3,1013.5,1011.3,14.5,10.0,6.4,11.2
2025-07-07,27.2,25.6,24.5,23.0,22.5,22.0,89,83,74,1015.5,1013.7,1011.9,15.8,10.9,7.6,16.0
2025-07-08,28.4,25.4,24.1,23.3,22.9,22.4,94,86,73,1016.1,1014.2,1012.6,18.0,11.9,6.9,8.8
2025-07-09,28.4,25.4,23.8,23.5,22.9,21.9,96,86,72,1016.6,1015.0,1012.9,16.3,11.4,5.6,4.7
2025-07-10,28.6,25.7,24.0,23.1,22.8,22.2,94,84,69,1016.8,1014.5,1012.2,13.9,10.5,8.2,1.1
2025-07-11,28.0,25.7,23.8,23.0,22.5,21.7,91,83,72,1015.1,1013.4,1011.0,17.1,12.9,8.8,2.4
2025-07-12,27.2,25.4,24.1,22.8,22.0,21.2,90,82,70,1015.1,1013.0,1011.1,22.7,15.7,11.0,1.6
2025-07-13,28.2,25.6,23.7,22.2,21.6,21.3,91,79,67,1016.8,1015.0,1013.5,15.9,12.2,5.7,0.8
2025-07-14,29.5,25.4,22.6,22.5,21.8,20.8,97,82,60,1018.4,1016.1,1013.8,11.5,6.5,2.8,0.0
2025-07-15,28.7,25.5,23.5,22.8,22.2,21.1,95,83,64,1016.9,1014.8,1012.0,13.8,10.6,6.8,0.1
2025-07-16,27.3,25.2,24.4,23.2,22.3,21.4,92,84,70,1015.2,1013.7,1012.1,17.6,13.0,7.7,1.8
2025-07-17,27.7,25.5,24.1,22.5,22.0,21.2,89,81,68,1016.1,1014.6,1013.2,18.1,12.7,8.7,2.8
2025-07-18,28.5,25.6,23.8,22.3,21.8,21.2,91,80,65,1017.0,1015.3,1013.9,14.0,9.9,4.5,0.2
2025-07-19,28.6,25.5,23.6,22.6,22.1,21.7,92,82,66,1016.5,1014.3,1011.7,14.3,10.0,6.2,0.3
2025-07-20,27.6,25.5,24.1,22.7,22.0,21.2,92,82,68,1014.5,1012.9,1010.6,18.8,12.5,7.6,1.0
2025-07-21,28.3,25.7,24.3,22.6,22.1,21.6,89,81,68,1014.2,1012.4,1010.6,22.3,14.7,10.1,0.7
2025-07-22,27.9,25.6,24.2,22.6,22.3,21.8,90,82,70,1014.8,1012.9,1010.9,18.3,13.1,10.4,1.7
2025-07-23,27.7,25.6,24.1,22.8,22.3,21.5,92,83,69,1015.3,1013.0,1011.2,19.2,15.2,10.6,3.3
2025-07-24,28.2,25.5,23.9,22.4,21.9,21.3,90,81,66,1015.4,1013.6,1011.9,18.8,14.5,11.3,0.7
2025-07-25,28.0,25.4,23.7,22.6,22.0,21.5,91,82,68,1015.1,1013.5,1011.5,16.1,11.2,7.6,0.3
2025-07-26,28.3,25.6,23.9,22.9,22.1,21.6,93,81,68,1015.4,1013.9,1011.9,17.7,13.5,9.4,0.2
2025-07-27,27.3,25.4,24.1,22.7,22.0,21.5,90,82,72,1016.1,1014.6,1013.3,17.6,13.2,9.3,1.3
2025-07-28,27.7,25.3,23.9,22.5,22.0,21.4,91,82,69,1015.5,1014.0,1012.2,15.3,11.2,7.3,0.0
2025-07-29,27.3,25.2,23.7,22.8,22.3,21.9,94,84,73,1015.6,1014.0,1012.0,15.8,10.3,5.3,0.2
2025-07-30,27.6,25.4,24.1,22.8,22.5,22.1,92,84,72,1016.0,1014.3,1012.4,15.2,10.8,6.6,0.2
2025-07-31,27.8,25.1,24.1,23.3,22.6,21.4,93,86,68,1016.5,1014.9,1013.2,19.2,13.7,9.0,2.7
2025-08-01,29.3,25.7,23.7,23.2,22.6,21.8,95,84,64,1016.7,1014.9,1012.7,14.4,10.6,5.2,3.7
2025-08-02,29.1,25.6,23.8,23.4,22.7,22.1,92,84,68,1016.1,1014.0,1011.6,13.4,9.0,3.6,1.8
2025-08-03,28.0,25.6,24.3,23.6,22.8,22.3,93,85,73,1015.1,1013.2,1011.4,16.9,12.2,9.2,11.2
2025-08-04,26.1,24.4,23.6,23.4,22.7,21.7,95,91,77,1016.1,1013.6,1012.1,19.9,14.7,11.5,33.1
2025-08-05,27.4,25.1,23.6,22.8,22.3,21.7,93,85,74,1016.5,1014.8,1012.6,15.1,11.9,7.8,3.1
2025-08-06,26.9,25.1,23.9,22.5,22.3,21.7,92,85,75,1016.1,1013.3,1010.8,15.8,10.9,8.5,4.3
2025-08-07,27.9,25.2,23.6,22.4,22.1,21.6,92,83,70,1014.0,1011.9,1009.4,18.9,12.4,8.4,1.5
2025-08-08,27.6,25.3,23.8,22.5,22.0,21.5,90,82,71,1013.8,1012.0,1010.0,19.2,13.4,9.4,2.7
2025-08-09,27.5,24.8,23.7,22.8,22.3,21.6,95,86,70,1015.2,1012.9,1011.1,12.2,10.5,8.3,3.4
2025-08-10,28.2,25.3,23.5,22.8,22.1,21.4,96,83,69,1014.0,1012.3,1010.2,15.1,9.7,5.0,0.7
2025-08-11,27.6,25.2,23.8,22.5,22.1,21.5,92,83,69,1014.0,1012.3,1010.2,14.1,10.3,6.5,0.2
2025-08-12,27.0,25.0,23.9,22.7,22.2,21.7,92,85,74,1014.5,1012.8,1011.4,14.7,10.6,8.6,0.7
2025-08-13,26.9,24.9,23.5,22.5,22.2,21.8,94,85,74,1015.7,1013.8,1012.5,14.8,9.9,5.1,1.4
2025-08-14,27.6,25.1,23.2,22.4,22.0,21.6,94,83,70,1016.7,1014.7,1013.2,16.2,12.0,8.3,0.7
2025-08-15,27.8,25.0,23.3,22.3,22.0,21.1,93,84,69,1017.0,1015.0,1013.0,15.7,11.0,8.5,1.6
2025-08-16,27.2,25.2,24.0,22.4,21.8,21.3,88,82,71,1015.2,1013.0,1010.9,18.9,13.8,10.0,3.1
2025-08-17,27.3,25.1,23.6,22.2,21.8,21.4,92,82,70,1014.5,1012.8,1011.4,19.1,12.8,8.2,1.7
2025-08-18,27.5,25.2,23.7,22.4,21.9,21.2,92,83,69,1015.5,1013.7,1012.3,15.9,11.3,7.8,1.3
2025-08-19,27.3,25.0,23.0,22.3,22.0,21.5,95,84,71,1015.8,1013.9,1011.8,15.3,9.2,3.9,0.9
2025-08-20,28.1,25.4,24.0,22.6,22.0,21.4,90,82,68,1015.8,1013.7,1011.5,14.4,11.2,8.0,0.6
2025-08-21,26.7,25.1,24.1,22.8,22.2,21.7,92,84,75,1015.1,1012.8,1011.2,15.6,11.9,9.2,5.4
2025-08-22,28.4,25.5,23.9,22.4,22.1,21.2,90,82,67,1014.7,1012.9,1010.8,17.8,13.0,8.9,3.5
2025-08-23,27.8,25.4,23.8,22.5,22.1,21.4,92,82,69,1013.7,1012.1,1010.0,18.8,13.8,10.5,1.2
2025-08-24,28.1,25.5,24.3,22.9,22.3,22.0,91,83,70,1014.9,1012.9,1011.5,18.4,13.6,10.2,0.6
2025-08-25,28.3,25.4,24.0,23.0,22.3,21.6,93,84,68,1015.7,1013.8,1011.7,16.7,12.6,9.5,0.2
2025-08-26,27.4,25.1,23.7,22.7,22.2,21.6,94,85,72,1016.3,1014.1,1012.1,20.4,13.9,11.0,0.3
2025-08-27,27.4,25.0,23.5,22.4,21.9,21.2,92,83,71,1016.8,1015.0,1013.2,17.1,12.4,6.0,1.2
2025-08-28,28.1,25.0,22.7,22.7,22.1,21.2,96,84,67,1016.4,1014.0,1011.8,14.0,9.2,5.5,0.9
2025-08-29,28.2,25.3,23.8,23.1,22.3,21.6,94,84,69,1014.4,1012.7,1010.9,16.9,12.8,9.6,0.6
2025-08-30,27.5,25.2,23.8,22.5,22.1,21.7,92,83,72,1015.1,1013.3,1011.8,18.0,12.8,8.5,13.6
2025-08-31,28.0,25.3,23.4,22.5,22.0,21.5,94,83,68,1016.5,1014.5,1012.5,17.5,10.8,5.8,0.8
2025-09-01,28.3,25.2,23.2,22.6,21.9,21.3,94,83,66,1015.5,1013.6,1011.4,14.1,9.4,5.0,0.2
2025-09-02,28.4,25.5,23.7,23.0,22.3,21.7,94,83,69,1014.6,1012.4,1009.9,17.6,11.6,8.3,0.2
2025-09-03,27.9,25.5,24.1,22.6,22.2,21.7,92,82,70,1014.1,1012.3,1010.2,19.0,13.6,8.7,1.5
2025-09-04,28.6,25.6,23.6,22.7,22.1,21.4,94,81,66,1014.6,1012.3,1010.4,15.3,11.0,7.2,0.5
2025-09-05,28.7,25.7,23.3,22.7,22.0,21.4,94,81,65,1014.6,1012.6,1010.6,12.9,9.2,5.4,1.0
2025-09-06,29.2,25.9,23.7,23.1,22.4,21.8,94,82,66,1014.7,1012.8,1010.4,12.7,8.9,5.0,0.9
2025-09-07,29.2,26.2,24.5,23.0,22.5,21.9,92,80,65,1015.2,1013.1,1010.9,15.0,10.2,6.1,0.5
2025-09-08,28.8,25.9,24.6,23.3,22.7,22.3,91,83,68,1014.8,1013.1,1011.3,14.0,9.0,3.5,8.4
2025-09-09,27.6,25.2,23.8,23.1,22.6,22.0,92,86,74,1015.6,1013.4,1011.4,13.8,8.8,2.1,9.3
2025-09-10,28.9,26.0,24.1,23.2,22.7,21.9,94,83,68,1016.0,1013.8,1011.8,13.8,9.0,4.8,1.9
2025-09-11,29.2,26.3,24.5,23.3,22.9,21.9,92,82,66,1016.0,1013.6,1011.1,13.8,9.7,6.7,3.4
2025-09-12,26.4,25.2,24.6,23.4,22.5,21.8,89,85,76,1015.0,1012.9,1011.4,16.6,12.0,7.6,8.9
2025-09-13,27.9,25.5,23.9,22.9,22.5,21.8,93,84,73,1015.4,1013.4,1011.8,15.5,9.7,5.5,9.2
2025-09-14,28.4,25.6,23.5,23.0,22.7,22.3,95,85,71,1015.0,1012.8,1010.2,12.8,7.2,2.5,7.4
2025-09-15,27.9,25.3,24.0,23.1,22.6,21.8,94,86,73,1013.8,1011.7,1009.6,13.7,9.1,4.4,24.1
2025-09-16,26.9,24.4,23.2,23.6,22.9,22.3,97,92,79,1014.3,1012.0,1010.1,11.5,6.9,1.9,40.0
2025-09-17,28.3,25.6,24.0,23.7,23.2,22.2,96,87,72,1013.6,1011.7,1009.6,12.0,7.0,3.1,10.7
2025-09-18,27.7,25.5,23.7,23.3,22.9,22.3,95,86,75,1014.0,1011.8,1009.9,11.7,6.6,2.1,4.5
2025-09-19,29.1,26.0,24.0,23.3,22.9,22.5,95,84,68,1014.1,1012.2,1010.3,14.5,8.1,3.4,2.2
2025-09-20,29.5,25.9,23.5,23.4,23.1,22.7,96,85,70,1013.9,1012.3,1010.7,14.5,8.1,2.0,1.0
2025-09-21,28.7,26.1,24.1,23.4,22.9,22.1,94,83,69,1014.1,1012.3,1010.4,14.6,8.7,2.9,3.4
2025-09-22,28.5,25.9,24.7,23.7,23.2,22.0,94,86,68,1014.1,1012.4,1010.6,12.6,6.9,1.4,6.4
2025-09-23,30.0,25.9,24.5,23.7,23.4,22.8,94,87,67,1014.9,1013.0,1011.5,10.1,7.5,4.0,11.2
2025-09-24,26.7,24.6,23.6,23.4,22.6,21.9,93,89,78,1016.2,1014.3,1012.8,11.1,6.3,1.9,19.6
2025-09-25,28.2,25.7,24.0,23.4,22.9,22.0,94,85,72,1016.0,1013.7,1011.2,12.6,7.7,3.7,8.4
2025-09-26,28.8,26.1,23.9,23.5,23.0,22.7,95,84,70,1013.9,1011.8,1009.7,15.0,8.5,2.8,1.5
2025-09-27,28.9,26.5,24.6,23.6,23.2,22.8,94,82,70,1013.5,1011.6,1009.6,13.6,8.9,2.1,1.4
2025-09-28,29.0,26.1,24.7,23.6,23.2,22.4,92,85,71,1014.0,1012.5,1010.2,13.9,9.0,3.1,17.5
2025-09-29,27.9,25.3,23.7,23.7,23.1,22.4,95,88,74,1014.6,1012.6,1010.7,11.8,7.6,2.4,12.7
2025-09-30,29.5,26.4,23.6,24.4,23.8,22.6,94,86,70,1014.1,1012.0,1009.5,11.3,6.5,1.3,7.0
2025-10-01,27.4,25.3,23.3,24.4,22.9,21.6,96,87,75,1013.8,1012.4,1010.6,9.6,6.3,1.9,6.6
2025-10-02,29.4,26.1,23.7,23.8,22.6,21.2,93,82,65,1014.6,1012.5,1010.4,11.4,5.9,0.2,3.6
2025-10-03,28.8,26.4,24.4,24.3,23.6,22.9,96,85,72,1014.4,1012.0,1009.8,11.5,6.9,1.7,2.6
2025-10-04,29.7,26.8,25.2,24.2,23.6,22.6,93,83,67,1014.0,1011.4,1009.0,15.7,9.9,4.9,1.6
2025-10-05,27.4,25.0,23.7,24.0,22.9,22.0,92,88,79,1013.8,1011.9,1010.2,12.4,7.5,1.0,20.4
2025-10-06,29.0,25.6,23.2,23.9,22.9,21.8,96,86,71,1014.7,1012.1,1009.4,11.0,5.6,0.8,10.2
2025-10-07,27.4,24.9,23.3,23.9,23.0,22.0,98,90,76,1014.9,1012.0,1009.1,10.6,5.7,1.1,18.1
2025-10-08,28.1,25.5,23.3,23.7,22.7,22.1,94,85,71,1013.8,1011.9,1010.7,14.4,7.3,0.9,4.0
2025-10-09,29.7,26.2,23.5,24.1,23.1,22.2,96,84,66,1013.7,1011.7,1009.7,11.7,6.4,1.7,0.8
2025-10-10,29.6,26.1,24.5,24.3,23.5,22.2,96,86,68,1013.5,1011.5,1009.4,12.2,5.2,0.6,17.4
2025-10-11,29.2,26.0,24.4,24.2,23.4,22.3,96,86,67,1012.7,1010.6,1008.3,11.0,6.1,1.5,3.0
2025-10-12,29.5,26.5,24.0,24.2,22.5,21.1,94,79,61,1012.3,1010.1,1008.3,10.5,3.8,0.4,1.4
2025-10-13,29.8,26.6,24.5,24.4,23.5,22.5,94,84,65,1011.8,1009.9,1008.1,11.2,5.4,0.4,12.3
2025-10-14,28.8,26.3,24.3,24.2,23.6,22.5,95,85,70,1012.9,1011.2,1009.6,9.8,4.7,1.2,1.7
2025-10-15,29.7,26.6,24.4,24.5,23.5,22.6,95,84,68,1013.5,1011.2,1009.2,10.7,5.5,2.3,2.8
2025-10-16,29.9,26.5,23.7,24.7,23.1,21.9,94,82,66,1011.9,1010.5,1008.4,10.8,4.7,0.3,13.0
2025-10-17,30.0,26.9,24.5,24.4,23.7,22.8,96,83,65,1012.2,1010.2,1008.7,8.9,5.4,3.0,1.9
2025-10-18,30.0,27.1,24.9,25.2,24.1,23.2,97,85,71,1013.0,1010.9,1009.0,9.7,4.9,2.7,9.7
2025-10-19,30.0,27.2,25.0,24.8,24.0,23.2,95,83,68,1013.9,1011.9,1009.5,13.7,8.1,4.3,4.2
2025-10-20,29.9,27.1,25.6,24.5,23.8,23.0,92,83,69,1013.8,1011.5,1009.3,14.6,9.9,4.8,0.6
2025-10-21,31.3,27.6,24.7,25.1,24.4,23.4,97,84,63,1012.0,1010.3,1008.2,12.6,6.6,0.7,0.1
2025-10-22,30.2,27.3,25.2,25.0,24.1,23.5,92,83,71,1012.9,1011.1,1009.1,12.5,8.9,5.7,2.6
2025-10-23,29.1,26.7,24.4,24.6,23.9,22.8,91,85,72,1013.6,1011.5,1009.7,12.4,9.4,5.6,2.2
2025-10-24,29.7,26.7,24.6,24.3,23.5,22.4,96,83,65,1014.7,1012.1,1010.2,10.7,6.8,2.3,6.0
2025-10-25,29.8,27.1,24.5,24.6,23.9,23.2,97,83,70,1013.6,1011.7,1009.3,11.4,7.0,3.3,0.4
2025-10-26,30.8,27.5,25.4,24.7,24.2,23.3,94,83,67,1012.3,1010.8,1009.1,9.3,6.0,1.9,3.9
2025-10-27,30.0,27.6,26.1,24.8,24.3,23.9,91,83,70,1012.2,1010.6,1008.7,15.6,10.7,6.4,2.9
2025-10-28,30.3,27.1,25.9,24.5,23.9,23.4,90,83,68,1012.1,1010.7,1009.3,13.7,9.8,5.5,15.1
2025-10-29,30.5,27.2,25.3,24.4,23.4,22.2,93,80,63,1013.3,1011.3,1009.3,7.7,5.0,0.4,0.2
2025-10-30,30.1,27.2,25.9,24.7,24.0,23.0,92,83,68,1012.8,1011.2,1009.7,9.1,6.2,3.0,3.4
2025-10-31,29.4,26.8,25.9,24.8,24.2,23.3,92,86,73,1013.6,1011.8,1010.1,9.7,7.2,4.1,19.3
2025-11-01,29.9,27.2,24.9,25.0,24.1,23.4,94,84,70,1013.9,1011.6,1009.5,11.0,6.4,0.3,3.8
2025-11-02,30.1,27.2,24.7,24.9,24.0,22.7,96,84,67,1013.3,1010.9,1008.7,11.5,7.4,3.0,2.1
2025-11-03,29.2,26.6,25.2,24.9,23.8,22.9,94,85,72,1013.9,1011.5,1009.6,9.9,6.3,2.6,4.7
2025-11-04,30.8,27.5,24.7,24.5,23.6,22.5,98,81,63,1013.8,1011.8,1009.6,10.7,4.5,0.2,3.4
2025-11-05,29.5,26.8,24.6,24.9,23.9,23.0,96,85,69,1013.7,1011.9,1009.9,11.9,5.9,2.7,8.9
2025-11-06,30.1,27.3,25.1,25.1,24.0,22.8,96,83,68,1012.2,1010.6,1008.2,12.4,7.4,2.3,5.5
2025-11-07,30.4,27.0,24.6,24.2,23.3,21.9,95,81,61,1012.3,1010.5,1008.6,11.3,7.4,3.5,6.7
2025-11-08,30.5,27.4,24.7,24.5,23.6,22.8,96,81,65,1012.6,1010.7,1008.8,11.0,5.7,1.5,0.6
2025-11-09,29.5,27.4,25.6,24.9,24.3,23.6,94,83,70,1013.0,1011.2,1009.5,12.3,8.7,4.8,0.9
2025-11-10,30.9,27.6,24.7,24.8,24.2,23.5,99,83,65,1012.4,1010.7,1008.6,10.8,6.4,1.2,0.4
2025-11-11,30.5,27.8,25.7,24.8,24.2,23.3,93,81,67,1011.8,1010.0,1007.8,11.7,8.4,4.6,3.0
2025-11-12,30.5,27.2,25.5,24.8,24.0,23.3,94,83,67,1012.5,1010.2,1008.4,13.5,9.1,5.3,1.1
2025-11-13,30.4,27.0,23.2,24.6,23.7,22.0,94,83,64,1014.2,1012.0,1010.3,10.9,7.2,3.7,2.4
2025-11-14,31.3,27.5,24.8,24.9,24.3,23.6,95,83,64,1014.4,1012.0,1009.7,11.4,6.9,3.4,0.2
2025-11-15,31.2,27.4,25.2,24.9,24.2,23.3,95,83,65,1012.8,1010.8,1008.2,12.8,7.0,1.3,0.1
2025-11-16,30.0,27.0,23.8,25.1,24.0,22.5,97,84,66,1012.5,1010.5,1008.3,10.9,6.6,1.3,1.2
2025-11-17,29.7,26.8,24.1,24.8,23.7,22.8,93,83,69,1013.4,1011.3,1008.9,15.9,6.7,0.7,1.4
2025-11-18,30.9,27.5,25.2,24.8,23.8,22.9,93,81,64,1012.2,1010.1,1007.7,10.2,6.1,0.7,1.3
2025-11-19,31.8,27.5,25.2,25.0,24.3,22.7,97,83,59,1012.0,1009.7,1007.4,14.2,7.4,2.1,1.0
2025-11-20,30.9,27.7,25.3,25.7,24.7,23.1,98,84,64,1011.4,1009.6,1007.7,12.7,7.1,1.4,0.4
2025-11-21,30.8,27.2,25.6,25.3,24.4,22.9,95,85,63,1012.6,1010.3,1008.7,16.2,7.2,1.4,1.9
2025-11-22,30.7,27.3,25.1,25.1,24.3,23.4,96,84,68,1012.8,1010.6,1008.7,15.7,7.6,1.1,3.2
2025-11-23,31.0,27.5,24.7,25.1,24.0,22.8,94,82,64,1013.0,1011.0,1009.0,9.9,6.2,1.2,1.4
2025-11-24,31.4,27.7,24.8,25.2,24.2,22.8,98,82,61,1012.5,1010.1,1007.7,11.4,6.2,0.7,0.1
2025-11-25,31.7,27.9,25.2,25.5,24.7,23.4,96,84,62,1011.5,1009.1,1007.1,13.0,7.5,0.6,0.5
2025-11-26,31.4,28.0,25.9,25.6,24.9,23.8,96,84,67,1011.1,1008.9,1007.1,12.7,7.4,2.5,2.0
2025-11-27,31.3,28.0,26.2,25.6,24.7,23.5,93,83,66,1010.8,1009.2,1007.4,14.9,8.2,3.2,2.8
2025-11-28,30.9,28.0,25.7,25.3,24.5,23.9,91,82,67,1011.1,1009.2,1006.9,11.3,7.9,1.5,3.0
2025-11-29,30.7,27.4,25.0,25.2,24.4,23.1,97,84,64,1009.9,1007.7,1006.1,9.8,6.4,1.8,1.8
2025-11-30,30.6,27.5,24.9,25.5,24.6,22.8,92,84,67,1010.2,1007.3,1005.2,10.7,7.4,2.4,3.2
2025-12-01,30.1,27.7,25.2,25.3,24.6,23.8,94,84,70,1009.1,1007.2,1005.7,13.4,8.9,3.0,1.3
2025-12-02,32.1,28.3,25.6,25.5,24.7,23.8,94,82,62,1009.0,1007.1,1004.5,14.0,7.9,0.4,1.3
2025-12-03,31.2,28.1,26.1,25.6,24.9,24.3,94,84,67,1010.2,1008.0,1005.3,17.0,10.3,3.7,7.6
2025-12-04,31.8,28.1,26.1,25.3,24.6,23.6,93,82,62,1011.1,1009.0,1006.6,12.2,7.9,0.8,0.9
2025-12-05,30.8,27.6,25.7,25.2,24.4,23.2,95,83,66,1011.9,1009.7,1007.5,12.6,7.3,3.6,1.1
2025-12-06,30.9,27.5,25.3,25.3,24.7,23.5,98,85,67,1011.4,1009.3,1007.3,13.5,7.9,3.2,1.6
2025-12-07,31.1,27.8,25.4,25.4,24.8,23.9,96,84,65,1011.4,1009.3,1006.8,14.7,7.4,1.7,4.3
2025-12-08,30.4,27.2,24.5,25.4,24.1,22.8,96,84,64,1012.6,1010.4,1008.9,11.1,6.0,2.0,2.1
2025-12-09,30.4,27.1,24.3,25.1,24.4,23.6,99,86,68,1013.2,1011.3,1009.5,12.3,6.2,2.2,1.5
2025-12-10,30.3,27.4,25.5,25.1,24.4,23.3,94,84,69,1013.0,1010.8,1008.4,12.7,6.6,2.0,0.4
2025-12-11,30.1,26.9,24.0,24.9,23.7,22.0,93,83,62,1012.1,1010.2,1007.9,10.2,6.6,1.5,14.2
2025-12-12,30.4,27.4,25.0,25.0,24.4,23.2,97,84,66,1011.2,1009.2,1006.9,11.7,6.1,1.6,1.2
2025-12-13,30.5,27.8,25.5,25.1,24.3,22.6,95,82,63,1010.7,1008.7,1006.5,11.2,6.7,1.5,4.9
2025-12-14,31.6,28.0,25.5,24.9,24.4,23.7,94,81,64,1010.4,1008.8,1006.7,13.6,8.7,3.8,3.2
2025-12-15,30.0,27.4,25.9,25.2,24.5,23.5,93,85,72,1011.5,1009.2,1007.2,10.8,7.8,2.0,2.5
2025-12-16,30.2,27.5,25.8,25.5,24.6,23.4,94,85,68,1011.3,1009.0,1006.8,11.3,8.1,3.3,1.5
2025-12-17,30.1,27.2,25.1,25.2,24.5,23.9,100,86,69,1010.9,1008.8,1006.7,12.2,7.6,3.3,1.1
2025-12-18,30.8,27.7,25.5,24.9,24.1,23.2,93,82,64,1011.8,1010.0,1008.3,11.6,7.6,3.1,0.3
2025-12-19,30.8,27.6,25.3,25.3,24.3,23.0,95,83,66,1011.6,1009.7,1007.4,9.4,5.7,2.2,2.6
2025-12-20,31.3,28.0,25.6,25.4,24.8,23.6,95,83,64,1011.0,1008.4,1006.2,11.5,6.9,0.3,0.6
2025-12-21,31.6,27.9,25.7,25.6,24.7,23.5,96,84,62,1009.3,1007.8,1005.9,13.6,8.6,3.6,1.2
2025-12-22,31.4,28.2,26.0,25.4,24.6,23.5,95,81,63,1009.6,1007.9,1006.3,12.3,9.1,6.8,1.3
2025-12-23,31.3,28.3,26.3,25.5,24.9,23.7,95,83,64,1010.2,1008.3,1006.3,12.6,8.3,4.3,1.5
2025-12-24,30.4,27.8,26.3,25.3,24.3,23.1,93,82,65,1011.7,1009.4,1007.4,12.9,9.1,3.2,0.5
2025-12-25,30.9,28.0,25.6,25.0,24.2,23.0,93,81,63,1011.7,1009.4,1007.0,12.9,7.1,1.9,2.6
2025-12-26,31.6,28.3,26.1,25.3,24.5,22.8,95,81,62,1011.8,1009.8,1007.5,13.4,7.4,3.6,0.8
2025-12-27,29.9,27.5,24.4,25.5,24.5,22.9,93,84,72,1011.4,1009.8,1008.3,14.1,10.0,5.5,4.6
2025-12-28,31.5,27.9,26.0,25.2,24.6,23.7,94,83,65,1011.6,1010.0,1008.1,14.3,8.9,3.6,0.9
2025-12-29,30.8,28.0,26.4,25.5,24.6,23.9,92,83,67,1013.5,1011.2,1009.0,13.4,9.5,6.3,2.8
2025-12-30,31.8,28.4,25.7,25.1,24.4,23.4,93,80,62,1013.8,1011.6,1009.9,12.1,7.6,0.6,1.2
2025-12-31,31.7,28.5,26.2,25.7,25.0,24.0,96,82,65,1012.9,1010.7,1008.5,12.4,7.8,1.1,0.2
